date,commodity,price
2021-05-17,Onion,39.0
2021-05-18,Onion,39.0
2021-05-19,Onion,40.0
2021-05-20,Onion,42.0
2021-05-21,Onion,42.0
2021-05-22,Onion,42.0
2021-05-23,Onion,42.0
2021-05-24,Onion,42.0
2021-05-25,Onion,42.0
2021-05-26,Onion,42.0
2021-05-27,Onion,46.0
2021-05-28,Onion,47.0
2021-05-29,Onion,47.0
2021-05-30,Onion,47.0
2021-05-31,Onion,47.0
2021-06-01,Onion,47.0
2021-06-02,Onion,47.0
2021-06-03,Onion,49.0
2021-06-04,Onion,50.0
2021-06-05,Onion,55.0
2021-06-06,Onion,51.0
2021-06-07,Onion,50.0
2021-06-08,Onion,50.0
2021-06-09,Onion,47.0
2021-06-10,Onion,47.0
2021-06-11,Onion,47.0
2021-06-12,Onion,47.0
2021-06-13,Onion,47.0
2021-06-14,Onion,47.0
2021-06-15,Onion,47.0
2021-06-16,Onion,47.0
2021-06-17,Onion,47.0
2021-06-18,Onion,47.0
2021-06-19,Onion,47.0
2021-06-20,Onion,47.0
2021-06-21,Onion,47.0
2021-06-22,Onion,47.0
2021-06-23,Onion,47.0
2021-06-24,Onion,47.0
2021-06-25,Onion,47.0
2021-06-26,Onion,47.0
2021-06-27,Onion,47.0
2021-06-28,Onion,47.0
2021-06-29,Onion,47.0
2021-06-30,Onion,47.0
2021-07-01,Onion,47.0
2021-07-02,Onion,47.0
2021-07-03,Onion,47.0
2021-07-04,Onion,47.0
2021-07-05,Onion,47.0
2021-07-06,Onion,47.0
2021-07-07,Onion,47.0
2021-07-08,Onion,47.0
2021-07-09,Onion,47.0
2021-07-10,Onion,47.0
2021-07-11,Onion,47.0
2021-07-12,Onion,47.0
2021-07-13,Onion,47.0
2021-07-14,Onion,47.0
2021-07-15,Onion,47.0
2021-07-16,Onion,47.0
2021-07-17,Onion,47.0
2021-07-18,Onion,47.0
2021-07-19,Onion,47.0
2021-07-20,Onion,47.0
2021-07-21,Onion,47.0
2021-07-22,Onion,47.0
2021-07-23,Onion,47.0
2021-07-24,Onion,47.0
2021-07-25,Onion,47.0
2021-07-26,Onion,47.0
2021-07-27,Onion,47.0
2021-07-28,Onion,47.0
2021-07-29,Onion,47.0
2021-07-30,Onion,47.0
2021-07-31,Onion,47.0
2021-08-01,Onion,47.0
2021-08-02,Onion,47.0
2021-08-03,Onion,47.0
2021-08-04,Onion,47.0
2021-08-05,Onion,47.0
2021-08-06,Onion,47.0
2021-08-07,Onion,47.0
2021-08-08,Onion,47.0
2021-08-09,Onion,47.0
2021-08-10,Onion,47.0
2021-08-11,Onion,47.0
2021-08-12,Onion,47.0
2021-08-13,Onion,47.0
2021-08-14,Onion,47.0
2021-08-15,Onion,47.0
2021-08-16,Onion,47.0
2021-08-17,Onion,47.0
2021-08-18,Onion,47.0
2021-08-19,Onion,47.0
2021-08-20,Onion,47.0
2021-08-21,Onion,47.0
2021-08-22,Onion,46.0
2021-08-23,Onion,44.0
2021-08-24,Onion,43.0
2021-08-25,Onion,43.0
2021-08-26,Onion,43.0
2021-08-27,Onion,47.0
2021-08-28,Onion,47.0
2021-08-29,Onion,47.0
2021-08-30,Onion,43.0
2021-08-31,Onion,43.0
2021-09-01,Onion,43.0
2021-09-02,Onion,43.0
2021-09-03,Onion,43.0
2021-09-04,Onion,43.0
2021-09-05,Onion,43.0
2021-09-06,Onion,43.0
2021-09-07,Onion,43.0
2021-09-08,Onion,43.0
2021-09-09,Onion,43.0
2021-09-10,Onion,43.0
2021-09-11,Onion,43.0
2021-09-12,Onion,43.0
2021-09-13,Onion,43.0
2021-09-14,Onion,43.0
2021-09-15,Onion,43.0
2021-09-16,Onion,43.0
2021-09-17,Onion,43.0
2021-09-18,Onion,43.0
2021-09-19,Onion,43.0
2021-09-20,Onion,43.0
2021-09-21,Onion,43.0
2021-09-22,Onion,43.0
2021-09-23,Onion,43.0
2021-09-24,Onion,43.0
2021-09-25,Onion,45.0
2021-09-26,Onion,45.0
2021-09-27,Onion,45.0
2021-09-28,Onion,46.0
2021-09-29,Onion,46.0
2021-09-30,Onion,47.0
2021-10-01,Onion,47.0
2021-10-02,Onion,52.0
2021-10-03,Onion,57.0
2021-10-04,Onion,62.0
2021-10-05,Onion,65.0
2021-10-06,Onion,69.4129
2021-10-07,Onion,69.4129
2021-10-08,Onion,69.4129
2021-10-09,Onion,70.0
2021-10-10,Onion,72.0
2021-10-11,Onion,72.0
2021-10-12,Onion,72.0
2021-10-13,Onion,68.0
2021-10-14,Onion,65.0
2021-10-15,Onion,63.0
2021-10-16,Onion,63.0
2021-10-17,Onion,62.0
2021-10-18,Onion,62.0
2021-10-19,Onion,62.0
2021-10-20,Onion,60.0
2021-10-21,Onion,57.0
2021-10-22,Onion,60.0
2021-10-23,Onion,58.0
2021-10-24,Onion,57.0
2021-10-25,Onion,60.0
2021-10-26,Onion,62.0
2021-10-27,Onion,62.0
2021-10-28,Onion,62.0
2021-10-29,Onion,60.0
2021-10-30,Onion,59.0
2021-10-31,Onion,58.0
2021-11-01,Onion,57.0
2021-11-02,Onion,57.0
2021-11-03,Onion,57.0
2021-11-04,Onion,56.0
2021-11-05,Onion,57.0
2021-11-06,Onion,58.0
2021-11-07,Onion,56.0
2021-11-08,Onion,55.0
2021-11-09,Onion,55.0
2021-11-10,Onion,57.0
2021-11-11,Onion,58.0
2021-11-12,Onion,59.0
2021-11-13,Onion,60.0
2021-11-14,Onion,60.0
2021-11-15,Onion,62.0
2021-11-16,Onion,62.0
2021-11-17,Onion,62.0
2021-11-18,Onion,60.0
2021-11-19,Onion,60.0
2021-11-20,Onion,60.0
2021-11-21,Onion,60.0
2021-11-22,Onion,60.0
2021-11-23,Onion,58.0
2021-11-24,Onion,57.0
2021-11-25,Onion,57.0
2021-11-26,Onion,57.0
2021-11-27,Onion,57.0
2021-11-28,Onion,52.0
2021-11-29,Onion,52.0
2021-11-30,Onion,52.0
2021-12-01,Onion,52.0
2021-12-02,Onion,52.0
2021-12-03,Onion,52.0
2021-12-04,Onion,52.0
2021-12-05,Onion,60.0
2021-12-06,Onion,66.0
2021-12-07,Onion,69.0
2021-12-08,Onion,71.0
2021-12-09,Onion,72.0
2021-12-10,Onion,72.0
2021-12-11,Onion,68.0
2021-12-12,Onion,65.0
2021-12-13,Onion,62.0
2021-12-14,Onion,60.0
2021-12-15,Onion,58.0
2021-12-16,Onion,58.0
2021-12-17,Onion,57.0
2021-12-18,Onion,57.0
2021-12-19,Onion,52.0
2021-12-20,Onion,50.0
2021-12-21,Onion,50.0
2021-12-22,Onion,50.0
2021-12-23,Onion,51.0
2021-12-24,Onion,52.0
2021-12-25,Onion,51.0
2021-12-26,Onion,50.0
2021-12-27,Onion,50.0
2021-12-28,Onion,47.0
2021-12-29,Onion,45.0
2021-12-30,Onion,45.0
2021-12-31,Onion,45.0
2022-01-01,Onion,45.0
2022-01-02,Onion,44.0
2022-01-03,Onion,44.0
2022-01-04,Onion,44.0
2022-01-05,Onion,43.0
2022-01-06,Onion,42.0
2022-01-07,Onion,42.0
2022-01-08,Onion,42.0
2022-01-09,Onion,41.0
2022-01-10,Onion,40.0
2022-01-11,Onion,40.0
2022-01-12,Onion,40.0
2022-01-13,Onion,40.0
2022-01-14,Onion,40.0
2022-01-15,Onion,40.0
2022-01-16,Onion,40.0
2022-01-17,Onion,40.0
2022-01-18,Onion,37.0
2022-01-19,Onion,36.0
2022-01-20,Onion,35.0
2022-01-21,Onion,33.0
2022-01-22,Onion,32.0
2022-01-23,Onion,30.0
2022-01-24,Onion,30.0
2022-01-25,Onion,30.0
2022-01-26,Onion,30.0
2022-01-27,Onion,30.0
2022-01-28,Onion,30.0
2022-01-29,Onion,30.0
2022-01-30,Onion,30.0
2022-01-31,Onion,30.0
2022-02-01,Onion,30.0
2022-02-02,Onion,30.0
2022-02-03,Onion,30.0
2022-02-04,Onion,30.0
2022-02-05,Onion,30.0
2022-02-06,Onion,30.0
2022-02-07,Onion,30.0
2022-02-08,Onion,30.0
2022-02-09,Onion,30.0
2022-02-10,Onion,30.0
2022-02-11,Onion,30.0
2022-02-12,Onion,36.0
2022-02-13,Onion,39.0
2022-02-14,Onion,41.0
2022-02-15,Onion,42.0
2022-02-16,Onion,43.0
2022-02-17,Onion,44.0
2022-02-18,Onion,45.0
2022-02-19,Onion,45.0
2022-02-20,Onion,47.0
2022-02-21,Onion,47.0
2022-02-22,Onion,47.0
2022-02-23,Onion,47.0
2022-02-24,Onion,47.0
2022-02-25,Onion,47.0
2022-02-26,Onion,47.0
2022-02-27,Onion,47.0
2022-02-28,Onion,47.0
2022-03-01,Onion,47.0
2022-03-02,Onion,47.0
2022-03-03,Onion,50.0
2022-03-04,Onion,55.0
2022-03-05,Onion,57.0
2022-03-06,Onion,58.0
2022-03-07,Onion,60.0
2022-03-08,Onion,60.0
2022-03-09,Onion,60.0
2022-03-10,Onion,60.0
2022-03-11,Onion,60.0
2022-03-12,Onion,60.0
2022-03-13,Onion,60.0
2022-03-14,Onion,60.0
2022-03-15,Onion,60.0
2022-03-16,Onion,60.0
2022-03-17,Onion,60.0
2022-03-18,Onion,57.0
2022-03-19,Onion,57.0
2022-03-20,Onion,57.0
2022-03-21,Onion,55.7143
2022-03-22,Onion,53.5714
2022-03-23,Onion,51.4286
2022-03-24,Onion,49.2857
2022-03-25,Onion,47.1429
2022-03-26,Onion,45.0
2022-03-27,Onion,42.8571
2022-03-28,Onion,40.7143
2022-03-29,Onion,38.5714
2022-03-30,Onion,36.4286
2022-03-31,Onion,34.2857
2022-04-01,Onion,32.1429
2022-04-02,Onion,30.0
2022-04-03,Onion,30.0
2022-04-04,Onion,30.0
2022-04-05,Onion,30.0
2022-04-06,Onion,30.0
2022-04-07,Onion,30.0
2022-04-08,Onion,30.0
2022-04-09,Onion,30.0
2022-04-10,Onion,30.0
2022-04-11,Onion,30.0
2022-04-12,Onion,30.0
2022-04-13,Onion,30.0
2022-04-14,Onion,30.0
2022-04-15,Onion,30.0
2022-04-16,Onion,30.0
2022-04-17,Onion,30.0
2022-04-18,Onion,30.0
2022-04-19,Onion,30.0
2022-04-20,Onion,30.0
2022-04-21,Onion,30.0
2022-04-22,Onion,27.0
2022-04-23,Onion,39.4129
2022-04-24,Onion,39.4129
2022-04-25,Onion,39.4129
2022-04-26,Onion,32.0
2022-04-27,Onion,32.0
2022-04-28,Onion,32.0
2022-04-29,Onion,32.0
2022-04-30,Onion,32.0
2022-05-01,Onion,32.0
2022-05-02,Onion,32.0
2022-05-03,Onion,32.0
2022-05-04,Onion,32.0
2022-05-05,Onion,32.0
2022-05-06,Onion,32.0
2022-05-07,Onion,33.0
2022-05-08,Onion,34.0
2022-05-09,Onion,35.0
2022-05-10,Onion,36.0
2022-05-11,Onion,37.0
2022-05-12,Onion,38.0
2022-05-13,Onion,39.0
2022-05-14,Onion,40.0
2022-05-15,Onion,41.0
2022-05-16,Onion,42.0
2022-05-17,Onion,42.0
2022-05-18,Onion,41.0
2022-05-19,Onion,40.0
2022-05-20,Onion,39.0
2022-05-21,Onion,40.5
2022-05-22,Onion,42.0
2022-05-23,Onion,41.3333
2022-05-24,Onion,40.6667
2022-05-25,Onion,40.0
2022-05-26,Onion,40.0
2022-05-27,Onion,40.0
2022-05-28,Onion,40.0
2022-05-29,Onion,39.25
2022-05-30,Onion,38.5
2022-05-31,Onion,37.75
2022-06-01,Onion,37.0
2022-06-02,Onion,37.0
2022-06-03,Onion,37.0
2022-06-04,Onion,37.0
2022-06-05,Onion,37.0
2022-06-06,Onion,37.0
2022-06-07,Onion,37.0
2022-06-08,Onion,37.0
2022-06-09,Onion,37.0
2022-06-10,Onion,37.0
2022-06-11,Onion,37.0
2022-06-12,Onion,37.6
2022-06-13,Onion,38.2
2022-06-14,Onion,38.8
2022-06-15,Onion,39.4
2022-06-16,Onion,40.0
2022-06-17,Onion,39.8
2022-06-18,Onion,39.6
2022-06-19,Onion,39.4
2022-06-20,Onion,39.2
2022-06-21,Onion,39.0
2022-06-22,Onion,38.8
2022-06-23,Onion,38.6
2022-06-24,Onion,38.4
2022-06-25,Onion,38.2
2022-06-26,Onion,38.0
2022-06-27,Onion,38.0
2022-06-28,Onion,38.0
2022-06-29,Onion,38.0
2022-06-30,Onion,38.0
2022-07-01,Onion,38.0
2022-07-02,Onion,38.0
2022-07-03,Onion,37.3889
2022-07-04,Onion,36.7778
2022-07-05,Onion,36.1667
2022-07-06,Onion,35.5556
2022-07-07,Onion,34.9444
2022-07-08,Onion,34.3333
2022-07-09,Onion,33.7222
2022-07-10,Onion,33.1111
2022-07-11,Onion,32.5
2022-07-12,Onion,31.8889
2022-07-13,Onion,31.2778
2022-07-14,Onion,30.6667
2022-07-15,Onion,30.0556
2022-07-16,Onion,29.4444
2022-07-17,Onion,28.8333
2022-07-18,Onion,28.2222
2022-07-19,Onion,28.0
2022-07-20,Onion,28.0
2022-07-21,Onion,28.0
2022-07-22,Onion,28.0
2022-07-23,Onion,28.0
2022-07-24,Onion,28.0
2022-07-25,Onion,28.0
2022-07-26,Onion,28.0
2022-07-27,Onion,28.0
2022-07-28,Onion,28.0
2022-07-29,Onion,28.0
2022-07-30,Onion,28.0
2022-07-31,Onion,28.0
2022-08-01,Onion,28.0
2022-08-02,Onion,28.0
2022-08-03,Onion,28.0
2022-08-04,Onion,28.0
2022-08-05,Onion,28.0
2022-08-06,Onion,28.0
2022-08-07,Onion,28.0
2022-08-08,Onion,28.0
2022-08-09,Onion,28.0
2022-08-10,Onion,28.5385
2022-08-11,Onion,29.0769
2022-08-12,Onion,29.6154
2022-08-13,Onion,30.1538
2022-08-14,Onion,30.6923
2022-08-15,Onion,31.2308
2022-08-16,Onion,31.7692
2022-08-17,Onion,32.3077
2022-08-18,Onion,32.8462
2022-08-19,Onion,33.3846
2022-08-20,Onion,33.9231
2022-08-21,Onion,34.4615
2022-08-22,Onion,35.0
2022-08-23,Onion,35.0
2022-08-24,Onion,35.0
2022-08-25,Onion,35.0
2022-08-26,Onion,35.0
2022-08-27,Onion,35.0
2022-08-28,Onion,49.3333
2022-08-29,Onion,49.3333
2022-08-30,Onion,49.3333
2022-08-31,Onion,49.3333
2022-09-01,Onion,49.3333
2022-09-02,Onion,49.3333
2022-09-03,Onion,49.3333
2022-09-04,Onion,49.3333
2022-09-05,Onion,49.3333
2022-09-06,Onion,49.3333
2022-09-07,Onion,49.3333
2022-09-08,Onion,49.3333
2022-09-09,Onion,49.3333
2022-09-10,Onion,49.3333
2022-09-11,Onion,49.3333
2022-09-12,Onion,49.3333
2022-09-13,Onion,49.25
2022-09-14,Onion,49.1667
2022-09-15,Onion,49.0833
2022-09-16,Onion,49.0
2022-09-17,Onion,48.9167
2022-09-18,Onion,48.8333
2022-09-19,Onion,48.75
2022-09-20,Onion,48.6667
2022-09-21,Onion,48.5833
2022-09-22,Onion,48.5
2022-09-23,Onion,48.4167
2022-09-24,Onion,48.3333
2022-09-25,Onion,48.25
2022-09-26,Onion,48.1667
2022-09-27,Onion,48.0833
2022-09-28,Onion,48.0
2022-09-29,Onion,48.0
2022-09-30,Onion,48.0
2022-10-01,Onion,48.0
2022-10-02,Onion,48.0
2022-10-03,Onion,48.0
2022-10-04,Onion,48.0
2022-10-05,Onion,48.0
2022-10-06,Onion,48.0
2022-10-07,Onion,48.0
2022-10-08,Onion,48.0
2022-10-09,Onion,48.0
2022-10-10,Onion,48.0
2022-10-11,Onion,48.0
2022-10-12,Onion,48.0
2022-10-13,Onion,48.0
2022-10-14,Onion,48.0
2022-10-15,Onion,48.0
2022-10-16,Onion,48.0
2022-10-17,Onion,48.0
2022-10-18,Onion,50.0
2022-10-19,Onion,50.0
2022-10-20,Onion,50.0
2022-10-21,Onion,50.0
2022-10-22,Onion,50.0
2022-10-23,Onion,50.0
2022-10-24,Onion,50.0
2022-10-25,Onion,50.0
2022-10-26,Onion,50.0
2022-10-27,Onion,50.0
2022-10-28,Onion,50.0
2022-10-29,Onion,50.0
2022-10-30,Onion,50.0
2022-10-31,Onion,50.0
2022-11-01,Onion,50.0
2022-11-02,Onion,50.0
2022-11-03,Onion,50.0
2022-11-04,Onion,50.0
2022-11-05,Onion,50.0
2022-11-06,Onion,50.0
2022-11-07,Onion,50.0
2022-11-08,Onion,50.0
2022-11-09,Onion,50.0
2022-11-10,Onion,50.0
2022-11-11,Onion,50.0
2022-11-12,Onion,50.0
2022-11-13,Onion,50.0
2022-11-14,Onion,50.0
2022-11-15,Onion,50.0
2022-11-16,Onion,50.0
2022-11-17,Onion,50.0
2022-11-18,Onion,50.0
2022-11-19,Onion,50.0
2022-11-20,Onion,50.0
2022-11-21,Onion,50.0
2022-11-22,Onion,50.0
2022-11-23,Onion,50.0
2022-11-24,Onion,50.0
2022-11-25,Onion,50.0
2022-11-26,Onion,48.0
2022-11-27,Onion,48.0
2022-11-28,Onion,48.0
2022-11-29,Onion,48.0
2022-11-30,Onion,48.0
2022-12-01,Onion,48.0
2022-12-02,Onion,48.0
2022-12-03,Onion,48.0
2022-12-04,Onion,48.6667
2022-12-05,Onion,49.3333
2022-12-06,Onion,50.0
2022-12-07,Onion,50.0
2022-12-08,Onion,50.0
2022-12-09,Onion,50.0
2022-12-10,Onion,50.0
2022-12-11,Onion,50.0
2022-12-12,Onion,50.0
2022-12-13,Onion,50.0
2022-12-14,Onion,50.0
2022-12-15,Onion,50.0
2022-12-16,Onion,50.0
2022-12-17,Onion,50.0
2022-12-18,Onion,49.4
2022-12-19,Onion,48.8
2022-12-20,Onion,48.2
2022-12-21,Onion,47.6
2022-12-22,Onion,47.0
2022-12-23,Onion,46.4
2022-12-24,Onion,45.8
2022-12-25,Onion,45.2
2022-12-26,Onion,44.6
2022-12-27,Onion,44.0
2022-12-28,Onion,43.4
2022-12-29,Onion,42.8
2022-12-30,Onion,42.2
2022-12-31,Onion,41.6
2023-01-01,Onion,41.0
2023-01-02,Onion,40.0
2023-01-03,Onion,40.0
2023-01-04,Onion,40.0
2023-01-05,Onion,40.0
2023-01-06,Onion,40.0
2023-01-07,Onion,40.0
2023-01-08,Onion,40.0
2023-01-09,Onion,40.0
2023-01-10,Onion,37.0
2023-01-11,Onion,37.0
2023-01-12,Onion,40.0
2023-01-13,Onion,40.0
2023-01-14,Onion,37.0
2023-01-15,Onion,40.0
2023-01-16,Onion,40.0
2023-01-17,Onion,40.0
2023-01-18,Onion,40.0
2023-01-19,Onion,40.0
2023-01-20,Onion,40.0
2023-01-21,Onion,40.0
2023-01-22,Onion,32.0
2023-01-23,Onion,32.0
2023-01-24,Onion,32.0
2023-01-25,Onion,32.0
2023-01-26,Onion,32.0
2023-01-27,Onion,37.0
2023-01-28,Onion,37.0
2023-01-29,Onion,37.0
2023-01-30,Onion,37.0
2023-01-31,Onion,37.0
2023-02-01,Onion,35.0
2023-02-02,Onion,35.0
2023-02-03,Onion,35.0
2023-02-04,Onion,35.0
2023-02-05,Onion,35.0
2023-02-06,Onion,35.0
2023-02-07,Onion,35.0
2023-02-08,Onion,35.0
2023-02-09,Onion,35.0
2023-02-10,Onion,35.0
2023-02-11,Onion,35.0
2023-02-12,Onion,35.0
2023-02-13,Onion,35.0
2023-02-14,Onion,34.0
2023-02-15,Onion,32.0
2023-02-16,Onion,32.0
2023-02-17,Onion,32.0
2023-02-18,Onion,32.0
2023-02-19,Onion,32.0
2023-02-20,Onion,32.0
2023-02-21,Onion,32.0
2023-02-22,Onion,32.0
2023-02-23,Onion,32.0
2023-02-24,Onion,32.0
2023-02-25,Onion,32.0
2023-02-26,Onion,32.0
2023-02-27,Onion,32.0
2023-02-28,Onion,30.0
2023-03-01,Onion,30.0
2023-03-02,Onion,30.0
2023-03-03,Onion,30.0
2023-03-04,Onion,30.0
2023-03-05,Onion,35.0
2023-03-06,Onion,35.0
2023-03-07,Onion,35.0
2023-03-08,Onion,35.0
2023-03-09,Onion,35.0
2023-03-10,Onion,35.0
2023-03-11,Onion,35.0
2023-03-12,Onion,30.0
2023-03-13,Onion,30.0
2023-03-14,Onion,30.0
2023-03-15,Onion,30.0
2023-03-16,Onion,30.0
2023-03-17,Onion,30.0
2023-03-18,Onion,30.0
2023-03-19,Onion,35.0
2023-03-20,Onion,35.0
2023-03-21,Onion,37.0
2023-03-22,Onion,37.0
2023-03-23,Onion,37.0
2023-03-24,Onion,37.0
2023-03-25,Onion,37.0
2023-03-26,Onion,38.5
2023-03-27,Onion,40.0
2023-03-28,Onion,37.0
2023-03-29,Onion,40.0
2023-03-30,Onion,37.0
2023-03-31,Onion,35.0
2023-04-01,Onion,35.0
2023-04-02,Onion,35.0
2023-04-03,Onion,35.0
2023-04-04,Onion,35.0
2023-04-05,Onion,35.0
2023-04-06,Onion,35.0
2023-04-07,Onion,35.0
2023-04-08,Onion,35.0
2023-04-09,Onion,35.0
2023-04-10,Onion,35.0
2023-04-11,Onion,35.0
2023-04-12,Onion,35.0
2023-04-13,Onion,35.0
2023-04-14,Onion,35.0
2023-04-15,Onion,35.0
2023-04-16,Onion,35.0
2023-04-17,Onion,35.0
2023-04-18,Onion,36.1667
2023-04-19,Onion,37.3333
2023-04-20,Onion,38.5
2023-04-21,Onion,38.5
2023-04-22,Onion,39.6667
2023-04-23,Onion,40.0
2023-04-24,Onion,40.8333
2023-04-25,Onion,42.0
2023-04-26,Onion,47.0
2023-04-27,Onion,47.0
2023-04-28,Onion,50.0
2023-04-29,Onion,50.0
2023-04-30,Onion,50.0
2023-05-01,Onion,50.0
2023-05-02,Onion,52.0
2023-05-03,Onion,52.0
2023-05-04,Onion,52.0
2023-05-05,Onion,52.0
2023-05-06,Onion,52.0
2023-05-07,Onion,55.0
2023-05-08,Onion,55.0
2023-05-09,Onion,62.0
2023-05-10,Onion,62.0
2023-05-11,Onion,62.0
2023-05-12,Onion,62.0
2023-05-13,Onion,62.0
2023-05-14,Onion,65.0
2023-05-15,Onion,67.0
2023-05-16,Onion,67.0
2023-05-17,Onion,72.0
2023-05-18,Onion,72.0
2023-05-19,Onion,72.0
2023-05-20,Onion,72.0
2023-05-21,Onion,72.0
2023-05-22,Onion,72.0
2023-05-23,Onion,72.0
2023-05-24,Onion,72.0
2023-05-25,Onion,72.0
2023-05-26,Onion,72.0
2023-05-27,Onion,72.0
2023-05-28,Onion,72.0
2023-05-29,Onion,72.0
2023-05-30,Onion,72.0
2023-05-31,Onion,77.0
2023-06-01,Onion,77.0
2023-06-02,Onion,77.0
2023-06-03,Onion,72.0
2023-06-04,Onion,72.0
2023-06-05,Onion,72.0
2023-06-06,Onion,72.0
2023-06-07,Onion,72.0
2023-06-08,Onion,72.0
2023-06-09,Onion,72.0
2023-06-10,Onion,72.0
2023-06-11,Onion,72.0
2023-06-12,Onion,74.5
2023-06-13,Onion,77.0
2023-06-14,Onion,77.0
2023-06-15,Onion,74.5
2023-06-16,Onion,72.0
2023-06-17,Onion,72.0
2023-06-18,Onion,72.0
2023-06-19,Onion,72.0
2023-06-20,Onion,72.0
2023-06-21,Onion,70.3333
2023-06-22,Onion,68.6667
2023-06-23,Onion,67.0
2023-06-24,Onion,75.0
2023-06-25,Onion,67.0
2023-06-26,Onion,67.0
2023-06-27,Onion,69.5
2023-06-28,Onion,72.0
2023-06-29,Onion,74.5
2023-06-30,Onion,77.0
2023-07-01,Onion,79.5
2023-07-02,Onion,82.0
2023-07-03,Onion,78.5
2023-07-04,Onion,75.0
2023-07-05,Onion,75.0
2023-07-06,Onion,75.0
2023-07-07,Onion,75.0
2023-07-08,Onion,75.0
2023-07-09,Onion,75.0
2023-07-10,Onion,75.0
2023-07-11,Onion,70.0
2023-07-12,Onion,65.0
2023-07-13,Onion,65.0
2023-07-14,Onion,65.0
2023-07-15,Onion,65.0
2023-07-16,Onion,65.0
2023-07-17,Onion,65.0
2023-07-18,Onion,65.0
2023-07-19,Onion,65.0
2023-07-20,Onion,65.0
2023-07-21,Onion,65.0
2023-07-22,Onion,65.0
2023-07-23,Onion,62.0
2023-07-24,Onion,62.0
2023-07-25,Onion,62.0
2023-07-26,Onion,62.0
2023-07-27,Onion,62.0
2023-07-28,Onion,62.0
2023-07-29,Onion,62.0
2023-07-30,Onion,62.0
2023-07-31,Onion,62.0
2023-08-01,Onion,62.0
2023-08-02,Onion,62.0
2023-08-03,Onion,62.0
2023-08-04,Onion,62.0
2023-08-05,Onion,62.0
2023-08-06,Onion,69.5
2023-08-07,Onion,77.0
2023-08-08,Onion,77.6
2023-08-09,Onion,78.2
2023-08-10,Onion,78.8
2023-08-11,Onion,79.4
2023-08-12,Onion,80.0
2023-08-13,Onion,82.0
2023-08-14,Onion,79.5
2023-08-15,Onion,77.0
2023-08-16,Onion,74.5
2023-08-17,Onion,72.0
2023-08-18,Onion,77.0
2023-08-19,Onion,82.0
2023-08-20,Onion,82.0
2023-08-21,Onion,82.0
2023-08-22,Onion,82.0
2023-08-23,Onion,82.0
2023-08-24,Onion,82.0
2023-08-25,Onion,82.0
2023-08-26,Onion,82.0
2023-08-27,Onion,82.6
2023-08-28,Onion,83.2
2023-08-29,Onion,83.8
2023-08-30,Onion,84.4
2023-08-31,Onion,85.0
2023-09-01,Onion,85.0
2023-09-02,Onion,85.0
2023-09-03,Onion,82.0
2023-09-04,Onion,82.0
2023-09-05,Onion,82.0
2023-09-06,Onion,82.0
2023-09-07,Onion,82.0
2023-09-08,Onion,82.0
2023-09-09,Onion,82.0
2023-09-10,Onion,82.0
2023-09-11,Onion,75.0
2023-09-12,Onion,75.0
2023-09-13,Onion,75.0
2023-09-14,Onion,75.0
2023-09-15,Onion,75.0
2023-09-16,Onion,75.0
2023-09-17,Onion,75.0
2023-09-18,Onion,75.0
2023-09-19,Onion,75.0
2023-09-20,Onion,75.0
2023-09-21,Onion,75.0
2023-09-22,Onion,75.0
2023-09-23,Onion,75.0
2023-09-24,Onion,75.0
2023-09-25,Onion,75.0
2023-09-26,Onion,75.0
2023-09-27,Onion,76.4286
2023-09-28,Onion,77.8571
2023-09-29,Onion,79.2857
2023-09-30,Onion,80.7143
2023-10-01,Onion,82.1429
2023-10-02,Onion,83.5714
2023-10-03,Onion,85.0
2023-10-04,Onion,85.0
2023-10-05,Onion,85.0
2023-10-06,Onion,86.6667
2023-10-07,Onion,88.3333
2023-10-08,Onion,90.0
2023-10-09,Onion,90.0
2023-10-10,Onion,90.0
2023-10-11,Onion,90.0
2023-10-12,Onion,90.0
2023-10-13,Onion,90.0
2023-10-14,Onion,90.6667
2023-10-15,Onion,91.0
2023-10-16,Onion,91.3333
2023-10-17,Onion,92.0
2023-10-18,Onion,95.0
2023-10-19,Onion,95.0
2023-10-20,Onion,95.0
2023-10-21,Onion,97.0
2023-10-22,Onion,97.0
2023-10-23,Onion,97.0
2023-10-24,Onion,97.0
2023-10-25,Onion,97.0
2023-10-26,Onion,100.0
2023-10-27,Onion,100.0
2023-10-28,Onion,100.0
2023-10-29,Onion,111.0
2023-10-30,Onion,122.0
2023-10-31,Onion,127.0
2023-11-01,Onion,130.0
2023-11-02,Onion,130.0
2023-11-03,Onion,130.0
2023-11-04,Onion,129.0
2023-11-05,Onion,128.0
2023-11-06,Onion,127.0
2023-11-07,Onion,132.0
2023-11-08,Onion,132.0
2023-11-09,Onion,132.0
2023-11-10,Onion,127.0
2023-11-11,Onion,127.0
2023-11-12,Onion,125.0
2023-11-13,Onion,125.0
2023-11-14,Onion,125.0
2023-11-15,Onion,118.5
2023-11-16,Onion,112.0
2023-11-17,Onion,112.0
2023-11-18,Onion,112.0
2023-11-19,Onion,112.0
2023-11-20,Onion,112.0
2023-11-21,Onion,112.0
2023-11-22,Onion,115.0
2023-11-23,Onion,110.0
2023-11-24,Onion,110.0
2023-11-25,Onion,110.0
2023-11-26,Onion,115.0
2023-11-27,Onion,115.0
2023-11-28,Onion,110.0
2023-11-29,Onion,112.0
2023-11-30,Onion,112.0
2023-12-01,Onion,115.0
2023-12-02,Onion,115.0
2023-12-03,Onion,120.0
2023-12-04,Onion,127.0
2023-12-05,Onion,122.0
2023-12-06,Onion,127.0
2023-12-07,Onion,127.0
2023-12-08,Onion,130.0
2023-12-09,Onion,157.0645
2023-12-10,Onion,157.0645
2023-12-11,Onion,150.0
2023-12-12,Onion,137.0
2023-12-13,Onion,125.0
2023-12-14,Onion,125.0
2023-12-15,Onion,125.0
2023-12-16,Onion,131.0
2023-12-17,Onion,137.0
2023-12-18,Onion,130.0
2023-12-19,Onion,110.0
2023-12-20,Onion,105.0
2023-12-21,Onion,110.0
2023-12-22,Onion,110.0
2023-12-23,Onion,110.0
2023-12-24,Onion,110.0
2023-12-25,Onion,103.5
2023-12-26,Onion,97.0
2023-12-27,Onion,85.0
2023-12-28,Onion,97.0
2023-12-29,Onion,97.0
2023-12-30,Onion,92.0
2023-12-31,Onion,90.0
2024-01-01,Onion,90.0
2024-01-02,Onion,85.0
2024-01-03,Onion,85.0
2024-01-04,Onion,85.0
2024-01-05,Onion,85.0
2024-01-06,Onion,85.0
2024-01-07,Onion,87.5
2024-01-08,Onion,90.0
2024-01-09,Onion,92.0
2024-01-10,Onion,90.0
2024-01-11,Onion,90.0
2024-01-12,Onion,90.0
2024-01-13,Onion,90.0
2024-01-14,Onion,80.0
2024-01-15,Onion,80.0
2024-01-16,Onion,80.0
2024-01-17,Onion,80.0
2024-01-18,Onion,75.0
2024-01-19,Onion,75.0
2024-01-20,Onion,75.0
2024-01-21,Onion,70.0
2024-01-22,Onion,77.0
2024-01-23,Onion,77.0
2024-01-24,Onion,85.0
2024-01-25,Onion,85.0
2024-01-26,Onion,82.0
2024-01-27,Onion,82.0
2024-01-28,Onion,95.0
2024-01-29,Onion,95.0
2024-01-30,Onion,92.0
2024-01-31,Onion,90.0
2024-02-01,Onion,85.0
2024-02-02,Onion,85.0
2024-02-03,Onion,85.0
2024-02-04,Onion,92.0
2024-02-05,Onion,92.0
2024-02-06,Onion,92.0
2024-02-07,Onion,92.0
2024-02-08,Onion,95.0
2024-02-09,Onion,110.0
2024-02-10,Onion,108.5
2024-02-11,Onion,107.0
2024-02-12,Onion,105.0
2024-02-13,Onion,105.0
2024-02-14,Onion,110.0
2024-02-15,Onion,105.0
2024-02-16,Onion,105.0
2024-02-17,Onion,112.0
2024-02-18,Onion,100.0
2024-02-19,Onion,100.0
2024-02-20,Onion,110.0
2024-02-21,Onion,112.5
2024-02-22,Onion,115.0
2024-02-23,Onion,115.0
2024-02-24,Onion,115.0
2024-02-25,Onion,115.0
2024-02-26,Onion,115.0
2024-02-27,Onion,115.0
2024-02-28,Onion,115.0
2024-02-29,Onion,115.0
2024-03-01,Onion,115.0
2024-03-02,Onion,115.0
2024-03-03,Onion,115.0
2024-03-04,Onion,115.0
2024-03-05,Onion,106.6667
2024-03-06,Onion,98.3333
2024-03-07,Onion,90.0
2024-03-08,Onion,90.0
2024-03-09,Onion,95.0
2024-03-10,Onion,95.0
2024-03-11,Onion,95.0
2024-03-12,Onion,100.0
2024-03-13,Onion,90.0
2024-03-14,Onion,85.0
2024-03-15,Onion,85.0
2024-03-16,Onion,80.0
2024-03-17,Onion,75.0
2024-03-18,Onion,70.0
2024-03-19,Onion,65.0
2024-03-20,Onion,65.0
2024-03-21,Onion,62.0
2024-03-22,Onion,65.0
2024-03-23,Onion,65.0
2024-03-24,Onion,65.0
2024-03-25,Onion,64.0
2024-03-26,Onion,64.5
2024-03-27,Onion,65.0
2024-03-28,Onion,57.0
2024-03-29,Onion,57.0
2024-03-30,Onion,56.2936
2024-03-31,Onion,56.2936
2024-04-01,Onion,56.2936
2024-04-02,Onion,56.2936
2024-04-03,Onion,56.2936
2024-04-04,Onion,47.0
2024-04-05,Onion,47.0
2024-04-06,Onion,47.0
2024-04-07,Onion,52.0
2024-04-08,Onion,57.0
2024-04-09,Onion,60.0
2024-04-10,Onion,60.0
2024-04-11,Onion,60.0
2024-04-12,Onion,60.0
2024-04-13,Onion,60.0
2024-04-14,Onion,60.0
2024-04-15,Onion,60.0
2024-04-16,Onion,60.0
2024-04-17,Onion,60.0
2024-04-18,Onion,60.0
2024-04-19,Onion,60.0
2024-04-20,Onion,60.0
2024-04-21,Onion,62.0
2024-04-22,Onion,62.0
2024-04-23,Onion,62.0
2024-04-24,Onion,62.0
2024-04-25,Onion,62.0
2024-04-26,Onion,62.0
2024-04-27,Onion,62.0
2024-04-28,Onion,65.0
2024-04-29,Onion,65.0
2024-04-30,Onion,65.0
2024-05-01,Onion,67.0
2024-05-02,Onion,67.0
2024-05-03,Onion,67.5
2024-05-04,Onion,70.0
2024-05-05,Onion,70.0
2024-05-06,Onion,70.0
2024-05-07,Onion,70.0
2024-05-08,Onion,70.0
2024-05-09,Onion,70.0
2024-05-10,Onion,70.0
2024-05-11,Onion,70.0
2024-05-12,Onion,70.0
2024-05-13,Onion,70.0
2024-05-14,Onion,70.0
2024-05-15,Onion,70.0
2024-05-16,Onion,70.0
2024-05-17,Onion,70.0
2024-05-18,Onion,71.0
2024-05-19,Onion,72.0
2024-05-20,Onion,72.0
2024-05-21,Onion,72.0
2024-05-22,Onion,72.0
2024-05-23,Onion,72.0
2024-05-24,Onion,72.0
2024-05-25,Onion,72.0
2024-05-26,Onion,72.0
2024-05-27,Onion,72.0
2024-05-28,Onion,72.0
2024-05-29,Onion,72.0
2024-05-30,Onion,77.0
2024-05-31,Onion,77.0
2024-06-01,Onion,77.0
2024-06-02,Onion,80.0
2024-06-03,Onion,80.0
2024-06-04,Onion,80.0
2024-06-05,Onion,80.0
2024-06-06,Onion,80.0
2024-06-07,Onion,82.0
2024-06-08,Onion,82.0
2024-06-09,Onion,82.0
2024-06-10,Onion,85.0
2024-06-11,Onion,85.0
2024-06-12,Onion,85.0
2024-06-13,Onion,85.0
2024-06-14,Onion,85.5
2024-06-15,Onion,86.0
2024-06-16,Onion,86.5
2024-06-17,Onion,87.0
2024-06-18,Onion,87.0
2024-06-19,Onion,87.0
2024-06-20,Onion,87.0
2024-06-21,Onion,87.0
2024-06-22,Onion,87.0
2024-06-23,Onion,87.0
2024-06-24,Onion,90.0
2024-06-25,Onion,92.0
2024-06-26,Onion,95.0
2024-06-27,Onion,95.0
2024-06-28,Onion,95.0
2024-06-29,Onion,95.0
2024-06-30,Onion,95.0
2024-07-01,Onion,95.0
2024-07-02,Onion,97.0
2024-07-03,Onion,97.0
2024-07-04,Onion,97.0
2024-07-05,Onion,97.0
2024-07-06,Onion,105.0
2024-07-07,Onion,110.0
2024-07-08,Onion,110.0
2024-07-09,Onion,110.0
2024-07-10,Onion,110.0
2024-07-11,Onion,112.0
2024-07-12,Onion,112.0
2024-07-13,Onion,112.0
2024-07-14,Onion,115.0
2024-07-15,Onion,115.0
2024-07-16,Onion,115.0
2024-07-17,Onion,115.0
2024-07-18,Onion,115.0
2024-07-19,Onion,114.5714
2024-07-20,Onion,114.1429
2024-07-21,Onion,113.7143
2024-07-22,Onion,113.2857
2024-07-23,Onion,112.8571
2024-07-24,Onion,112.4286
2024-07-25,Onion,112.0
2024-07-26,Onion,112.0
2024-07-27,Onion,115.0
2024-07-28,Onion,115.0
2024-07-29,Onion,115.0
2024-07-30,Onion,115.0
2024-07-31,Onion,115.0
2024-08-01,Onion,115.0
2024-08-02,Onion,115.0
2024-08-03,Onion,115.0
2024-08-04,Onion,115.0
2024-08-05,Onion,115.0
2024-08-06,Onion,115.0
2024-08-07,Onion,115.0
2024-08-08,Onion,115.0
2024-08-09,Onion,115.0
2024-08-10,Onion,115.0
2024-08-11,Onion,115.0
2024-08-12,Onion,115.0
2024-08-13,Onion,115.0
2024-08-14,Onion,115.0
2024-08-15,Onion,115.0
2024-08-16,Onion,115.0
2024-08-17,Onion,115.0
2024-08-18,Onion,115.0
2024-08-19,Onion,115.0
2024-08-20,Onion,115.0
2024-08-21,Onion,115.0
2024-08-22,Onion,115.0
2024-08-23,Onion,115.0
2024-08-24,Onion,115.0
2024-08-25,Onion,115.0
2024-08-26,Onion,115.0
2024-08-27,Onion,115.0
2024-08-28,Onion,115.0
2024-08-29,Onion,115.0
2024-08-30,Onion,115.0
2024-08-31,Onion,115.0
2024-09-01,Onion,115.0
2024-09-02,Onion,115.0
2024-09-03,Onion,115.0
2024-09-04,Onion,115.0
2024-09-05,Onion,115.0
2024-09-06,Onion,115.0
2024-09-07,Onion,115.0
2024-09-08,Onion,115.0
2024-09-09,Onion,115.0
2024-09-10,Onion,115.0
2024-09-11,Onion,115.0
2024-09-12,Onion,115.0
2024-09-13,Onion,115.0
2024-09-14,Onion,115.0
2024-09-15,Onion,113.5
2024-09-16,Onion,112.0
2024-09-17,Onion,112.0
2024-09-18,Onion,112.0
2024-09-19,Onion,112.0
2024-09-20,Onion,110.0
2024-09-21,Onion,110.0
2024-09-22,Onion,110.0
2024-09-23,Onion,110.0
2024-09-24,Onion,110.0
2024-09-25,Onion,110.0
2024-09-26,Onion,110.0
2024-09-27,Onion,110.0
2024-09-28,Onion,110.0
2024-09-29,Onion,110.0
2024-09-30,Onion,110.0
2024-10-01,Onion,110.0
2024-10-02,Onion,110.0
2024-10-03,Onion,110.0
2024-10-04,Onion,110.0
2024-10-05,Onion,110.0
2024-10-06,Onion,110.0
2024-10-07,Onion,110.0
2024-10-08,Onion,110.0
2024-10-09,Onion,115.0
2024-10-10,Onion,115.0
2024-10-11,Onion,115.0
2024-10-12,Onion,115.0
2024-10-13,Onion,115.0
2024-10-14,Onion,115.0
2024-10-15,Onion,115.0
2024-10-16,Onion,115.0
2024-10-17,Onion,115.0
2024-10-18,Onion,115.0
2024-10-19,Onion,115.0
2024-10-20,Onion,120.0
2024-10-21,Onion,120.0
2024-10-22,Onion,122.0
2024-10-23,Onion,122.0
2024-10-24,Onion,122.0
2024-10-25,Onion,125.0
2024-10-26,Onion,140.0
2024-10-27,Onion,140.0
2024-10-28,Onion,140.0
2024-10-29,Onion,140.0
2024-10-30,Onion,140.0
2024-10-31,Onion,140.0
2024-11-01,Onion,140.0
2024-11-02,Onion,140.0
2024-11-03,Onion,140.0
2024-11-04,Onion,140.0
2024-11-05,Onion,140.0
2024-11-06,Onion,140.0
2024-11-07,Onion,140.0
2024-11-08,Onion,140.0
2024-11-09,Onion,140.0
2024-11-10,Onion,140.0
2024-11-11,Onion,140.0
2024-11-12,Onion,140.0
2024-11-13,Onion,140.0
2024-11-14,Onion,140.0
2024-11-15,Onion,140.0
2024-11-16,Onion,140.0
2024-11-17,Onion,140.0
2024-11-18,Onion,140.0
2024-11-19,Onion,135.0
2024-11-20,Onion,135.0
2024-11-21,Onion,125.0
2024-11-22,Onion,125.0
2024-11-23,Onion,122.0
2024-11-24,Onion,122.0
2024-11-25,Onion,122.0
2024-11-26,Onion,122.0
2024-11-27,Onion,122.0
2024-11-28,Onion,122.0
2024-11-29,Onion,122.0
2024-11-30,Onion,122.0
2024-12-01,Onion,122.0
2024-12-02,Onion,122.0
2024-12-03,Onion,122.0
2024-12-04,Onion,122.0
2024-12-05,Onion,122.0
2024-12-06,Onion,122.0
2024-12-07,Onion,122.0
2024-12-08,Onion,120.0
2024-12-09,Onion,120.0
2024-12-10,Onion,120.0
2024-12-11,Onion,115.0
2024-12-12,Onion,112.0
2024-12-13,Onion,112.0
2024-12-14,Onion,107.0
2024-12-15,Onion,102.0
2024-12-16,Onion,102.0
2024-12-17,Onion,102.0
2024-12-18,Onion,102.0
2024-12-19,Onion,100.0
2024-12-20,Onion,100.0
2024-12-21,Onion,100.0
2024-12-22,Onion,100.0
2024-12-23,Onion,90.0
2024-12-24,Onion,80.0
2024-12-25,Onion,80.0
2024-12-26,Onion,80.0
2024-12-27,Onion,80.0
2024-12-28,Onion,72.0
2024-12-29,Onion,72.0
2024-12-30,Onion,72.0
2024-12-31,Onion,72.0
2025-01-01,Onion,72.0
2025-01-02,Onion,67.0
2025-01-03,Onion,67.0
2025-01-04,Onion,67.0
2025-01-05,Onion,67.0
2025-01-06,Onion,62.0
2025-01-07,Onion,60.0
2025-01-08,Onion,60.0
2025-01-09,Onion,60.0
2025-01-10,Onion,60.0
2025-01-11,Onion,60.0
2025-01-12,Onion,60.0
2025-01-13,Onion,60.0
2025-01-14,Onion,60.0
2025-01-15,Onion,60.0
2025-01-16,Onion,60.0
2025-01-17,Onion,60.0
2025-01-18,Onion,60.0
2025-01-19,Onion,60.0
2025-01-20,Onion,60.0
2025-01-21,Onion,60.0
2025-01-22,Onion,52.0
2025-01-23,Onion,52.0
2025-01-24,Onion,52.0
2025-01-25,Onion,50.0
2025-01-26,Onion,50.0
2025-01-27,Onion,47.0
2025-01-28,Onion,47.0
2025-01-29,Onion,45.0
2025-01-30,Onion,42.0
2025-01-31,Onion,42.0
2025-02-01,Onion,42.0
2025-02-02,Onion,42.0
2025-02-03,Onion,42.0
2025-02-04,Onion,42.0
2025-02-05,Onion,42.0
2025-02-06,Onion,42.0
2025-02-07,Onion,42.0
2025-02-08,Onion,42.0
2025-02-09,Onion,42.0
2025-02-10,Onion,42.0
2025-02-11,Onion,42.0
2025-02-12,Onion,42.0
2025-02-13,Onion,42.0
2025-02-14,Onion,42.0
2025-02-15,Onion,42.0
2025-02-16,Onion,42.0
2025-02-17,Onion,42.0
2025-02-18,Onion,42.0
2025-02-19,Onion,42.0
2025-02-20,Onion,42.0
2025-02-21,Onion,42.0
2025-02-22,Onion,42.0
2025-02-23,Onion,42.0
2025-02-24,Onion,42.0
2025-02-25,Onion,42.0
2025-02-26,Onion,42.0
2025-02-27,Onion,42.0
2025-02-28,Onion,42.0
2025-03-01,Onion,42.0
2025-03-02,Onion,42.0
2025-03-03,Onion,42.0
2025-03-04,Onion,42.0
2025-03-05,Onion,42.0
2025-03-06,Onion,42.0
2025-03-07,Onion,42.0
2025-03-08,Onion,42.0
2025-03-09,Onion,42.0
2025-03-10,Onion,42.0
2025-03-11,Onion,42.0
2025-03-12,Onion,42.0
2025-03-13,Onion,42.0
2025-03-14,Onion,42.0
2025-03-15,Onion,42.0
2025-03-16,Onion,42.0
2025-03-17,Onion,40.0
2025-03-18,Onion,40.0
2025-03-19,Onion,40.0
2025-03-20,Onion,42.0
2025-03-21,Onion,42.0
2025-03-22,Onion,42.0
2025-03-23,Onion,42.0
2025-03-24,Onion,37.0
2025-03-25,Onion,37.0
2025-03-26,Onion,37.0
2025-03-27,Onion,37.0
2025-03-28,Onion,37.0
2025-03-29,Onion,37.0
2025-03-30,Onion,37.0
2025-03-31,Onion,37.0
2025-04-01,Onion,37.0
2025-04-02,Onion,37.0
2025-04-03,Onion,37.0
2025-04-04,Onion,37.0
2025-04-05,Onion,37.0
2025-04-06,Onion,37.0
2025-04-07,Onion,37.0
2025-04-08,Onion,40.0
2025-04-09,Onion,40.0
2025-04-10,Onion,38.0
2025-04-11,Onion,38.0
2025-04-12,Onion,40.0
2025-04-13,Onion,42.0
2025-04-14,Onion,44.5
2025-04-15,Onion,47.0
2025-04-16,Onion,50.0
2025-04-17,Onion,52.0
2025-04-18,Onion,52.0
2025-04-19,Onion,52.0
2025-04-20,Onion,52.0
2025-04-21,Onion,52.0
2025-04-22,Onion,52.0
2025-04-23,Onion,52.0
2025-04-24,Onion,52.0
2025-04-25,Onion,52.0
2025-04-26,Onion,52.0
2025-04-27,Onion,57.0
2025-04-28,Onion,60.0
2025-04-29,Onion,60.0
2025-04-30,Onion,57.0
2025-05-01,Onion,57.0
2025-05-02,Onion,57.0
2025-05-03,Onion,57.0
2025-05-04,Onion,57.0
2025-05-05,Onion,57.0
2025-05-06,Onion,57.0
2025-05-07,Onion,57.0
2025-05-08,Onion,60.0
2025-05-09,Onion,57.0
2025-05-10,Onion,54.0
2025-05-11,Onion,54.0
2025-05-12,Onion,54.0
2025-05-13,Onion,54.0
2025-05-14,Onion,54.0
2025-05-15,Onion,54.0
2025-05-16,Onion,54.0
2025-05-17,Onion,54.0
2025-05-18,Onion,54.0
2025-05-19,Onion,54.0
2025-05-20,Onion,55.0
2025-05-21,Onion,55.0
2025-05-22,Onion,55.0
2025-05-23,Onion,55.0
2025-05-24,Onion,55.0
2025-05-25,Onion,55.0
2025-05-26,Onion,55.0
2025-05-27,Onion,55.0
2025-05-28,Onion,55.0
2025-05-29,Onion,55.0
2025-05-30,Onion,55.0
2025-05-31,Onion,55.0
2025-06-01,Onion,55.0
2025-06-02,Onion,55.0
2025-06-03,Onion,55.0
2025-06-04,Onion,55.0
2025-06-05,Onion,55.0
2025-06-06,Onion,55.0
2025-06-07,Onion,55.0
2025-06-08,Onion,55.0
2025-06-09,Onion,55.0
2025-06-10,Onion,55.0
2025-06-11,Onion,55.0
2025-06-12,Onion,55.0
2025-06-13,Onion,55.0
2025-06-14,Onion,55.0
2025-06-15,Onion,55.0
2025-06-16,Onion,55.0
2025-06-17,Onion,55.0
2025-06-18,Onion,55.0
2025-06-19,Onion,55.0
2025-06-20,Onion,55.0
2025-06-21,Onion,55.0
2025-06-22,Onion,55.0
2025-06-23,Onion,55.0
2025-06-24,Onion,55.0
2025-06-25,Onion,55.0
2025-06-26,Onion,55.0
2025-06-27,Onion,55.0
2025-06-28,Onion,55.0
2025-06-29,Onion,55.0
2025-06-30,Onion,55.0
2025-07-01,Onion,55.0
2025-07-02,Onion,57.0
2025-07-03,Onion,57.0
2025-07-04,Onion,57.0
2025-07-05,Onion,57.0
2025-07-06,Onion,57.0
2025-07-07,Onion,57.0
2025-07-08,Onion,57.0
2025-07-09,Onion,60.0
2025-07-10,Onion,60.0
2025-07-11,Onion,60.0
2025-07-12,Onion,60.0
2025-07-13,Onion,60.0
2025-07-14,Onion,60.0
2025-07-15,Onion,60.0
2025-07-16,Onion,60.0
2025-07-17,Onion,60.0
2025-07-18,Onion,60.0
2025-07-19,Onion,60.0
2025-07-20,Onion,60.0
2025-07-21,Onion,60.0
2025-07-22,Onion,60.0
2025-07-23,Onion,60.0
2025-07-24,Onion,60.0
2025-07-25,Onion,62.0
2025-07-26,Onion,62.0
2025-07-27,Onion,62.0
2025-07-28,Onion,62.0
2025-07-29,Onion,62.0
2025-07-30,Onion,62.0
2025-07-31,Onion,62.0
2025-08-01,Onion,62.0
2025-08-02,Onion,67.0
2025-08-03,Onion,75.0
2025-08-04,Onion,77.0
2025-08-05,Onion,78.5
2025-08-06,Onion,80.0
2025-08-07,Onion,80.0
2025-08-08,Onion,80.0
2025-08-09,Onion,80.0
2025-08-10,Onion,80.0
2025-08-11,Onion,80.0
2025-08-12,Onion,80.0
2025-08-13,Onion,80.0
2025-08-14,Onion,80.0
2025-08-15,Onion,80.0
2025-08-16,Onion,80.0
2025-08-17,Onion,80.0
2025-08-18,Onion,80.0
2025-08-19,Onion,80.0
2025-08-20,Onion,80.0
2025-08-21,Onion,80.0
2025-08-22,Onion,80.0
2025-08-23,Onion,80.0
2025-08-24,Onion,80.0
2025-08-25,Onion,80.0
2025-08-26,Onion,80.0
2025-08-27,Onion,80.0
2025-08-28,Onion,80.0
2025-08-29,Onion,80.0
2025-08-30,Onion,80.0
2025-08-31,Onion,80.0
2025-09-01,Onion,80.0
2025-09-02,Onion,80.0
2025-09-03,Onion,80.0
2025-09-04,Onion,80.0
2025-09-05,Onion,80.0
2025-09-06,Onion,80.0
2025-09-07,Onion,80.0
2025-09-08,Onion,80.0
2025-09-09,Onion,80.0
2025-09-10,Onion,77.0
2025-09-11,Onion,76.0
2025-09-12,Onion,76.0
2025-09-13,Onion,76.0
2025-09-14,Onion,76.0
2025-09-15,Onion,75.0
2025-09-16,Onion,75.0
2025-09-17,Onion,75.0
2025-09-18,Onion,75.0
2025-09-19,Onion,75.0
2025-09-20,Onion,75.0
2025-09-21,Onion,75.0
2025-09-22,Onion,75.0
2025-09-23,Onion,75.0
2025-09-24,Onion,75.0
2025-09-25,Onion,75.0
2025-09-26,Onion,75.0
2025-09-27,Onion,75.0
2025-09-28,Onion,75.0
2025-09-29,Onion,75.0
2025-09-30,Onion,75.0
2025-10-01,Onion,75.0
2025-10-02,Onion,75.0
2025-10-03,Onion,75.0
2025-10-04,Onion,72.0
2025-10-05,Onion,72.0
2025-10-06,Onion,72.0
2025-10-07,Onion,72.0
2025-10-08,Onion,75.0
2025-10-09,Onion,75.0
2025-10-10,Onion,75.0
2025-10-11,Onion,75.0
2025-10-12,Onion,75.0
2025-10-13,Onion,75.0
2025-10-14,Onion,75.0
2025-10-15,Onion,75.0
2025-10-16,Onion,75.0
2025-10-17,Onion,75.0
2025-10-18,Onion,75.0
2025-10-19,Onion,75.0
2025-10-20,Onion,75.0
2025-10-21,Onion,75.0
2025-10-22,Onion,75.0
2025-10-23,Onion,75.0
2025-10-24,Onion,75.0
2025-10-25,Onion,75.0
2025-10-26,Onion,75.0
2025-10-27,Onion,75.0
2025-10-28,Onion,75.0
2025-10-29,Onion,75.0
2025-10-30,Onion,77.0
2025-10-31,Onion,77.0
2025-11-01,Onion,80.0
2025-11-02,Onion,92.0
2025-11-03,Onion,100.0
2025-11-04,Onion,105.0
2025-11-05,Onion,110.0
2025-11-06,Onion,110.0
2025-11-07,Onion,110.0
2025-11-08,Onion,110.0
2025-11-09,Onion,110.0
2025-11-10,Onion,110.0
2025-11-11,Onion,110.0
2025-11-12,Onion,110.0
2025-11-13,Onion,110.0
2025-11-14,Onion,110.0
2025-11-15,Onion,110.0
2025-11-16,Onion,110.0
2025-11-17,Onion,110.0
2025-11-18,Onion,110.0
2025-11-19,Onion,110.0
2025-11-20,Onion,110.0
2025-11-21,Onion,110.0
2025-11-22,Onion,110.0
2025-11-23,Onion,110.0
2025-11-24,Onion,110.0
2025-11-25,Onion,110.0
2025-11-26,Onion,110.0
2025-11-27,Onion,110.0
2025-11-28,Onion,110.0
2025-11-29,Onion,110.0
2025-11-30,Onion,110.0
2025-12-01,Onion,110.0
2025-12-02,Onion,110.0
2025-12-03,Onion,110.0
2025-12-04,Onion,110.0
2025-12-05,Onion,110.0
2025-12-06,Onion,132.2387
2025-12-07,Onion,132.2387
2025-12-08,Onion,125.0
2025-12-09,Onion,125.0
2025-12-10,Onion,120.0
2025-12-11,Onion,120.0
2025-12-12,Onion,120.0
2025-12-13,Onion,110.0
2025-12-14,Onion,110.0
2025-12-15,Onion,110.0
2025-12-16,Onion,105.0
2025-12-17,Onion,100.0
2025-12-18,Onion,100.0
2025-12-19,Onion,100.0
2025-12-20,Onion,100.0
2025-12-21,Onion,100.0
2025-12-22,Onion,100.0
2025-12-23,Onion,100.0
2025-12-24,Onion,100.0
2025-12-25,Onion,100.0
2025-12-26,Onion,100.0
2025-12-27,Onion,100.0
2025-12-28,Onion,100.0
2025-12-29,Onion,100.0
2025-12-30,Onion,90.0
2025-12-31,Onion,78.5
2026-01-01,Onion,67.0
2026-01-02,Onion,67.0
2026-01-03,Onion,67.0
2026-01-04,Onion,67.0
2026-01-05,Onion,67.0
2026-01-06,Onion,67.0
2026-01-07,Onion,67.0
2026-01-08,Onion,67.0
2026-01-09,Onion,65.0
2026-01-10,Onion,65.0
2026-01-11,Onion,65.0
2026-01-12,Onion,65.0
2026-01-13,Onion,65.0
2026-01-14,Onion,60.0
2026-01-15,Onion,60.0
2026-01-16,Onion,60.0
2026-01-17,Onion,60.0
2026-01-18,Onion,60.0
2026-01-19,Onion,60.0
2026-01-20,Onion,60.0
2026-01-21,Onion,60.0
2026-01-22,Onion,60.0
2026-01-23,Onion,55.0
2026-01-24,Onion,55.0
2026-01-25,Onion,55.0
2026-01-26,Onion,55.0
2026-01-27,Onion,55.0
2026-01-28,Onion,55.0
2026-01-29,Onion,55.0
2026-01-30,Onion,55.0
2026-01-31,Onion,55.0
2026-02-01,Onion,55.0
2026-02-02,Onion,55.0
2026-02-03,Onion,52.529
2026-02-04,Onion,52.529
2026-02-05,Onion,52.0
2026-02-06,Onion,52.0
2026-02-07,Onion,52.0
2026-02-08,Onion,52.0
2026-02-09,Onion,55.0
2026-02-10,Onion,55.0
2026-02-11,Onion,53.3333
2026-02-12,Onion,51.6667
2026-02-13,Onion,50.0
2026-02-14,Onion,50.0
2026-02-15,Onion,54.471
2026-02-16,Onion,55.0
2026-02-17,Onion,55.0
2026-02-18,Onion,57.0
2026-02-19,Onion,52.471
2026-02-20,Onion,50.0
2026-02-21,Onion,50.0
2026-02-22,Onion,50.0
2026-02-23,Onion,50.0
2026-02-24,Onion,50.0
2026-02-25,Onion,50.0
2026-02-26,Onion,50.0
2026-02-27,Onion,50.0
2026-02-28,Onion,50.0
2026-03-01,Onion,50.0
2026-03-02,Onion,50.0
2026-03-03,Onion,47.0
2026-03-04,Onion,45.0
2026-03-05,Onion,45.0
2026-03-06,Onion,45.0
2026-03-07,Onion,45.0
2026-03-08,Onion,42.0
2026-03-09,Onion,42.0
2026-03-10,Onion,42.0
2026-03-11,Onion,42.0
2026-03-12,Onion,40.0
2026-03-13,Onion,40.0
2026-03-14,Onion,40.0
2026-03-15,Onion,40.0
2026-03-16,Onion,40.0
2026-03-17,Onion,39.625
2026-03-18,Onion,39.25
2026-03-19,Onion,38.875
2026-03-20,Onion,38.5
2026-03-21,Onion,38.125
2026-03-22,Onion,37.75
2026-03-23,Onion,37.375
2026-03-24,Onion,37.0
2026-03-25,Onion,37.0
2026-03-26,Onion,37.0
2026-03-27,Onion,37.0
2026-03-28,Onion,37.0
2026-03-29,Onion,37.0
2026-03-30,Onion,37.0
2026-03-31,Onion,37.0
2026-04-01,Onion,37.0
2026-04-02,Onion,37.0
2026-04-03,Onion,37.0
2026-04-04,Onion,37.0
2026-04-05,Onion,37.0
2026-04-06,Onion,37.0
2026-04-07,Onion,37.0
2026-04-08,Onion,37.0
2026-04-09,Onion,37.0
2026-04-10,Onion,37.0
2026-04-11,Onion,37.0
2026-04-12,Onion,37.0
2026-04-13,Onion,37.0
2026-04-14,Onion,37.0
2026-04-15,Onion,37.0
2026-04-16,Onion,37.0
2026-04-17,Onion,37.0
2026-04-18,Onion,37.0
2026-04-19,Onion,37.0
2026-04-20,Onion,37.0
2026-04-21,Onion,37.0
2026-04-22,Onion,37.0
2026-04-23,Onion,37.0
2026-04-24,Onion,37.0
2026-04-25,Onion,37.0
2026-04-26,Onion,37.0
2026-04-27,Onion,37.0
2026-04-28,Onion,37.0
2026-04-29,Onion,37.0
2026-04-30,Onion,37.0
2026-05-01,Onion,37.0
2026-05-02,Onion,37.0
2026-05-03,Onion,37.0
2026-05-04,Onion,37.0
2026-05-05,Onion,37.0
2026-05-06,Onion,37.0
2026-05-07,Onion,37.0
2026-05-08,Onion,37.0
2026-05-09,Onion,37.0
2026-05-10,Onion,37.0
2026-05-11,Onion,37.0
2026-05-12,Onion,37.0
2026-05-13,Onion,37.0
2026-05-14,Onion,40.0
2026-05-15,Onion,45.0
2026-05-16,Onion,45.0
2026-05-17,Onion,45.0
2026-05-18,Onion,45.0
2026-05-19,Onion,45.0
2026-05-20,Onion,45.0
2026-05-21,Onion,45.0
2026-05-22,Onion,45.0
2026-05-23,Onion,45.0
2026-05-24,Onion,45.0
2026-05-25,Onion,45.0
2026-05-26,Onion,45.0
2026-05-27,Onion,45.0
2026-05-28,Onion,45.0
2026-05-29,Onion,45.0
2026-05-30,Onion,45.0
2026-05-31,Onion,45.0
2026-06-01,Onion,45.0
2026-06-02,Onion,45.0
2026-06-03,Onion,45.0
2026-06-04,Onion,42.0
2026-06-05,Onion,42.0
2026-06-06,Onion,42.0
2026-06-07,Onion,42.0
2026-06-08,Onion,42.0
2026-06-09,Onion,42.0
2026-06-10,Onion,42.0
2026-06-11,Onion,42.0
2026-06-12,Onion,42.0
2026-06-13,Onion,42.0
2026-06-14,Onion,42.0
2026-06-15,Onion,42.0
2026-06-16,Onion,42.0
2026-06-17,Onion,42.0
2026-06-18,Onion,40.0
2026-06-19,Onion,40.0
2026-06-20,Onion,40.0
2026-06-21,Onion,40.0
2026-06-22,Onion,42.0
2026-06-23,Onion,42.0
2026-06-24,Onion,42.0
2026-06-25,Onion,42.0
2026-06-26,Onion,42.0
2026-06-27,Onion,42.0
2026-06-28,Onion,42.0
2026-06-29,Onion,40.0
2026-06-30,Onion,40.0
2026-07-01,Onion,40.0
2026-07-02,Onion,40.0
2026-07-03,Onion,40.0
2026-07-04,Onion,42.0
2026-07-05,Onion,40.0
2026-07-06,Onion,40.0
2026-07-07,Onion,40.0
2026-07-08,Onion,40.0
2026-07-09,Onion,42.0
2026-07-10,Onion,42.0
2026-07-11,Onion,42.0
2026-07-12,Onion,40.0
2026-07-13,Onion,40.0
2026-07-14,Onion,40.0
2026-07-15,Onion,40.0
2026-07-16,Onion,40.0
2026-07-17,Onion,40.0
2026-07-18,Onion,42.0
2026-07-19,Onion,42.0
2026-07-20,Onion,50.0
2026-07-21,Onion,50.0
2026-07-22,Onion,50.0
2026-07-23,Onion,50.0
2026-07-24,Onion,54.0
2026-07-25,Onion,54.0
2026-07-26,Onion,55.0
2026-07-27,Onion,55.0
2026-07-28,Onion,57.0
2026-07-29,Onion,57.0
2026-07-30,Onion,57.0
2026-07-31,Onion,57.0
2021-05-17,Potato,19.0
2021-05-18,Potato,19.0
2021-05-19,Potato,19.0
2021-05-20,Potato,19.0
2021-05-21,Potato,19.0
2021-05-22,Potato,19.0
2021-05-23,Potato,19.0
2021-05-24,Potato,19.0
2021-05-25,Potato,19.0
2021-05-26,Potato,19.0
2021-05-27,Potato,20.0
2021-05-28,Potato,21.0
2021-05-29,Potato,22.0
2021-05-30,Potato,22.0
2021-05-31,Potato,22.0
2021-06-01,Potato,22.0
2021-06-02,Potato,22.0
2021-06-03,Potato,22.0
2021-06-04,Potato,22.0
2021-06-05,Potato,22.0
2021-06-06,Potato,21.0
2021-06-07,Potato,22.0
2021-06-08,Potato,22.0
2021-06-09,Potato,22.0
2021-06-10,Potato,22.0
2021-06-11,Potato,22.0
2021-06-12,Potato,22.0
2021-06-13,Potato,22.0
2021-06-14,Potato,22.0
2021-06-15,Potato,22.0
2021-06-16,Potato,22.0
2021-06-17,Potato,22.0
2021-06-18,Potato,22.0
2021-06-19,Potato,22.0
2021-06-20,Potato,22.0
2021-06-21,Potato,22.0
2021-06-22,Potato,22.0
2021-06-23,Potato,22.0
2021-06-24,Potato,22.0
2021-06-25,Potato,22.0
2021-06-26,Potato,22.0
2021-06-27,Potato,23.0
2021-06-28,Potato,23.0
2021-06-29,Potato,23.0
2021-06-30,Potato,23.0
2021-07-01,Potato,23.0
2021-07-02,Potato,23.0
2021-07-03,Potato,23.0
2021-07-04,Potato,23.0
2021-07-05,Potato,23.0
2021-07-06,Potato,23.0
2021-07-07,Potato,23.0
2021-07-08,Potato,23.0
2021-07-09,Potato,23.0
2021-07-10,Potato,23.0
2021-07-11,Potato,23.0
2021-07-12,Potato,23.0
2021-07-13,Potato,23.0
2021-07-14,Potato,23.0
2021-07-15,Potato,23.0
2021-07-16,Potato,23.0
2021-07-17,Potato,23.0
2021-07-18,Potato,23.0
2021-07-19,Potato,23.0
2021-07-20,Potato,23.0
2021-07-21,Potato,23.0
2021-07-22,Potato,23.0
2021-07-23,Potato,23.0
2021-07-24,Potato,23.0
2021-07-25,Potato,23.0
2021-07-26,Potato,23.0
2021-07-27,Potato,23.0
2021-07-28,Potato,22.0
2021-07-29,Potato,22.0
2021-07-30,Potato,22.0
2021-07-31,Potato,22.0
2021-08-01,Potato,22.0
2021-08-02,Potato,22.0
2021-08-03,Potato,22.0
2021-08-04,Potato,22.0
2021-08-05,Potato,22.0
2021-08-06,Potato,22.0
2021-08-07,Potato,22.0
2021-08-08,Potato,22.0
2021-08-09,Potato,22.0
2021-08-10,Potato,22.0
2021-08-11,Potato,22.0
2021-08-12,Potato,22.0
2021-08-13,Potato,22.0
2021-08-14,Potato,22.0
2021-08-15,Potato,22.0
2021-08-16,Potato,22.0
2021-08-17,Potato,22.0
2021-08-18,Potato,22.0
2021-08-19,Potato,22.0
2021-08-20,Potato,22.0
2021-08-21,Potato,22.0
2021-08-22,Potato,22.0
2021-08-23,Potato,22.0
2021-08-24,Potato,22.0
2021-08-25,Potato,21.0
2021-08-26,Potato,21.0
2021-08-27,Potato,20.0
2021-08-28,Potato,20.0
2021-08-29,Potato,20.0
2021-08-30,Potato,20.0
2021-08-31,Potato,20.0
2021-09-01,Potato,20.0
2021-09-02,Potato,20.0
2021-09-03,Potato,20.0
2021-09-04,Potato,20.0
2021-09-05,Potato,20.0
2021-09-06,Potato,20.0
2021-09-07,Potato,20.0
2021-09-08,Potato,20.0
2021-09-09,Potato,19.0
2021-09-10,Potato,19.0
2021-09-11,Potato,20.0
2021-09-12,Potato,20.0
2021-09-13,Potato,20.0
2021-09-14,Potato,20.0
2021-09-15,Potato,20.0
2021-09-16,Potato,20.0
2021-09-17,Potato,20.0
2021-09-18,Potato,20.0
2021-09-19,Potato,20.0
2021-09-20,Potato,20.0
2021-09-21,Potato,20.0
2021-09-22,Potato,20.0
2021-09-23,Potato,19.0
2021-09-24,Potato,19.0
2021-09-25,Potato,19.0
2021-09-26,Potato,19.0
2021-09-27,Potato,19.0
2021-09-28,Potato,19.0
2021-09-29,Potato,19.0
2021-09-30,Potato,19.0
2021-10-01,Potato,19.0
2021-10-02,Potato,19.0
2021-10-03,Potato,18.0
2021-10-04,Potato,18.0
2021-10-05,Potato,18.0
2021-10-06,Potato,18.0
2021-10-07,Potato,18.0
2021-10-08,Potato,18.0
2021-10-09,Potato,18.0
2021-10-10,Potato,18.0
2021-10-11,Potato,18.0
2021-10-12,Potato,18.0
2021-10-13,Potato,18.0
2021-10-14,Potato,18.0
2021-10-15,Potato,18.0
2021-10-16,Potato,18.0
2021-10-17,Potato,18.0
2021-10-18,Potato,18.0
2021-10-19,Potato,18.0
2021-10-20,Potato,18.0
2021-10-21,Potato,18.0
2021-10-22,Potato,18.0
2021-10-23,Potato,18.0
2021-10-24,Potato,18.0
2021-10-25,Potato,20.0
2021-10-26,Potato,22.0
2021-10-27,Potato,22.0
2021-10-28,Potato,22.0
2021-10-29,Potato,22.0
2021-10-30,Potato,22.0
2021-10-31,Potato,22.0
2021-11-01,Potato,22.0
2021-11-02,Potato,22.0
2021-11-03,Potato,22.0
2021-11-04,Potato,22.0
2021-11-05,Potato,24.0
2021-11-06,Potato,26.0
2021-11-07,Potato,22.0
2021-11-08,Potato,22.0
2021-11-09,Potato,25.0
2021-11-10,Potato,25.0
2021-11-11,Potato,25.0
2021-11-12,Potato,25.0
2021-11-13,Potato,25.0
2021-11-14,Potato,25.0
2021-11-15,Potato,26.0
2021-11-16,Potato,24.0
2021-11-17,Potato,22.0
2021-11-18,Potato,22.0
2021-11-19,Potato,24.0
2021-11-20,Potato,24.0
2021-11-21,Potato,24.0
2021-11-22,Potato,24.0
2021-11-23,Potato,22.0
2021-11-24,Potato,22.0
2021-11-25,Potato,22.0
2021-11-26,Potato,22.0
2021-11-27,Potato,22.0
2021-11-28,Potato,22.0
2021-11-29,Potato,22.0
2021-11-30,Potato,22.0
2021-12-01,Potato,22.0
2021-12-02,Potato,22.0
2021-12-03,Potato,22.0
2021-12-04,Potato,22.0
2021-12-05,Potato,22.0
2021-12-06,Potato,25.0
2021-12-07,Potato,26.0
2021-12-08,Potato,27.0
2021-12-09,Potato,27.0
2021-12-10,Potato,27.0
2021-12-11,Potato,29.0
2021-12-12,Potato,32.0
2021-12-13,Potato,32.0
2021-12-14,Potato,29.0
2021-12-15,Potato,28.0
2021-12-16,Potato,27.0
2021-12-17,Potato,27.0
2021-12-18,Potato,27.0
2021-12-19,Potato,27.0
2021-12-20,Potato,27.0
2021-12-21,Potato,25.0
2021-12-22,Potato,26.0
2021-12-23,Potato,26.0
2021-12-24,Potato,26.0
2021-12-25,Potato,24.0
2021-12-26,Potato,25.0
2021-12-27,Potato,25.0
2021-12-28,Potato,23.0
2021-12-29,Potato,22.0
2021-12-30,Potato,20.0
2021-12-31,Potato,19.0
2022-01-01,Potato,19.0
2022-01-02,Potato,19.0
2022-01-03,Potato,22.0
2022-01-04,Potato,20.0
2022-01-05,Potato,20.0
2022-01-06,Potato,19.0
2022-01-07,Potato,19.0
2022-01-08,Potato,19.0
2022-01-09,Potato,19.0
2022-01-10,Potato,19.0
2022-01-11,Potato,19.0
2022-01-12,Potato,19.0
2022-01-13,Potato,19.0
2022-01-14,Potato,18.0
2022-01-15,Potato,18.0
2022-01-16,Potato,17.0
2022-01-17,Potato,17.0
2022-01-18,Potato,17.0
2022-01-19,Potato,17.0
2022-01-20,Potato,17.0
2022-01-21,Potato,17.0
2022-01-22,Potato,16.0
2022-01-23,Potato,16.0
2022-01-24,Potato,16.0
2022-01-25,Potato,16.0
2022-01-26,Potato,16.0
2022-01-27,Potato,16.0
2022-01-28,Potato,16.0
2022-01-29,Potato,16.0
2022-01-30,Potato,16.0
2022-01-31,Potato,16.0
2022-02-01,Potato,16.0
2022-02-02,Potato,16.0
2022-02-03,Potato,16.0
2022-02-04,Potato,16.0
2022-02-05,Potato,16.0
2022-02-06,Potato,16.0
2022-02-07,Potato,16.0
2022-02-08,Potato,17.0
2022-02-09,Potato,17.0
2022-02-10,Potato,17.0
2022-02-11,Potato,17.0
2022-02-12,Potato,17.0
2022-02-13,Potato,17.0
2022-02-14,Potato,17.0
2022-02-15,Potato,17.0
2022-02-16,Potato,17.0
2022-02-17,Potato,17.0
2022-02-18,Potato,17.0
2022-02-19,Potato,17.0
2022-02-20,Potato,17.0
2022-02-21,Potato,17.0
2022-02-22,Potato,17.0
2022-02-23,Potato,17.0
2022-02-24,Potato,17.0
2022-02-25,Potato,17.0
2022-02-26,Potato,17.0
2022-02-27,Potato,17.0
2022-02-28,Potato,17.0
2022-03-01,Potato,17.0
2022-03-02,Potato,17.0
2022-03-03,Potato,17.0
2022-03-04,Potato,18.0
2022-03-05,Potato,18.0
2022-03-06,Potato,18.0
2022-03-07,Potato,18.0
2022-03-08,Potato,19.0
2022-03-09,Potato,19.0
2022-03-10,Potato,19.0
2022-03-11,Potato,19.0
2022-03-12,Potato,19.0
2022-03-13,Potato,19.0
2022-03-14,Potato,19.0
2022-03-15,Potato,19.0
2022-03-16,Potato,18.7143
2022-03-17,Potato,18.7143
2022-03-18,Potato,18.7143
2022-03-19,Potato,18.7143
2022-03-20,Potato,18.7143
2022-03-21,Potato,18.7143
2022-03-22,Potato,18.7143
2022-03-23,Potato,18.7143
2022-03-24,Potato,18.6429
2022-03-25,Potato,18.5714
2022-03-26,Potato,18.5
2022-03-27,Potato,18.4286
2022-03-28,Potato,18.3571
2022-03-29,Potato,18.2857
2022-03-30,Potato,18.2143
2022-03-31,Potato,18.1429
2022-04-01,Potato,18.0714
2022-04-02,Potato,18.0
2022-04-03,Potato,18.0
2022-04-04,Potato,18.0
2022-04-05,Potato,18.0
2022-04-06,Potato,18.0
2022-04-07,Potato,18.0
2022-04-08,Potato,18.0
2022-04-09,Potato,18.0
2022-04-10,Potato,18.0
2022-04-11,Potato,18.0
2022-04-12,Potato,18.0
2022-04-13,Potato,18.0
2022-04-14,Potato,18.0
2022-04-15,Potato,18.0
2022-04-16,Potato,18.0
2022-04-17,Potato,18.0
2022-04-18,Potato,18.0
2022-04-19,Potato,18.0
2022-04-20,Potato,18.0
2022-04-21,Potato,18.0
2022-04-22,Potato,18.0
2022-04-23,Potato,18.0
2022-04-24,Potato,18.0
2022-04-25,Potato,18.0
2022-04-26,Potato,18.0
2022-04-27,Potato,18.0
2022-04-28,Potato,18.0
2022-04-29,Potato,18.0
2022-04-30,Potato,18.0
2022-05-01,Potato,18.0
2022-05-02,Potato,18.0
2022-05-03,Potato,18.0
2022-05-04,Potato,18.0
2022-05-05,Potato,18.0
2022-05-06,Potato,18.0
2022-05-07,Potato,18.2
2022-05-08,Potato,18.4
2022-05-09,Potato,18.6
2022-05-10,Potato,18.8
2022-05-11,Potato,19.0
2022-05-12,Potato,19.2
2022-05-13,Potato,19.4
2022-05-14,Potato,19.6
2022-05-15,Potato,19.8
2022-05-16,Potato,20.0
2022-05-17,Potato,21.0
2022-05-18,Potato,21.0
2022-05-19,Potato,21.0
2022-05-20,Potato,21.0
2022-05-21,Potato,21.0
2022-05-22,Potato,21.0
2022-05-23,Potato,21.0
2022-05-24,Potato,21.0
2022-05-25,Potato,21.0
2022-05-26,Potato,21.0
2022-05-27,Potato,21.0
2022-05-28,Potato,21.0
2022-05-29,Potato,21.0
2022-05-30,Potato,21.5
2022-05-31,Potato,21.75
2022-06-01,Potato,22.0
2022-06-02,Potato,22.0
2022-06-03,Potato,22.0
2022-06-04,Potato,21.5
2022-06-05,Potato,21.0
2022-06-06,Potato,21.3333
2022-06-07,Potato,21.6667
2022-06-08,Potato,22.0
2022-06-09,Potato,22.3333
2022-06-10,Potato,22.6667
2022-06-11,Potato,23.0
2022-06-12,Potato,23.0
2022-06-13,Potato,23.0
2022-06-14,Potato,23.0
2022-06-15,Potato,23.0
2022-06-16,Potato,23.0
2022-06-17,Potato,22.8
2022-06-18,Potato,22.6
2022-06-19,Potato,22.4
2022-06-20,Potato,22.2
2022-06-21,Potato,22.0
2022-06-22,Potato,21.8
2022-06-23,Potato,21.6
2022-06-24,Potato,21.4
2022-06-25,Potato,21.2
2022-06-26,Potato,21.0
2022-06-27,Potato,21.0
2022-06-28,Potato,21.0
2022-06-29,Potato,21.0
2022-06-30,Potato,21.0
2022-07-01,Potato,21.0
2022-07-02,Potato,21.0
2022-07-03,Potato,21.3333
2022-07-04,Potato,21.6667
2022-07-05,Potato,22.2
2022-07-06,Potato,22.3333
2022-07-07,Potato,22.6667
2022-07-08,Potato,23.0
2022-07-09,Potato,23.3333
2022-07-10,Potato,23.6667
2022-07-11,Potato,24.0
2022-07-12,Potato,24.3333
2022-07-13,Potato,24.6667
2022-07-14,Potato,25.0
2022-07-15,Potato,25.3333
2022-07-16,Potato,25.6667
2022-07-17,Potato,26.0
2022-07-18,Potato,26.3333
2022-07-19,Potato,26.6667
2022-07-20,Potato,27.0
2022-07-21,Potato,27.0
2022-07-22,Potato,27.0
2022-07-23,Potato,27.0
2022-07-24,Potato,27.0
2022-07-25,Potato,27.0
2022-07-26,Potato,27.0
2022-07-27,Potato,27.0
2022-07-28,Potato,27.0
2022-07-29,Potato,27.4
2022-07-30,Potato,27.6
2022-07-31,Potato,27.8
2022-08-01,Potato,28.0
2022-08-02,Potato,28.0
2022-08-03,Potato,27.0
2022-08-04,Potato,27.0
2022-08-05,Potato,27.0
2022-08-06,Potato,27.0
2022-08-07,Potato,27.0
2022-08-08,Potato,27.0
2022-08-09,Potato,27.0
2022-08-10,Potato,27.0769
2022-08-11,Potato,27.1538
2022-08-12,Potato,27.2308
2022-08-13,Potato,27.3077
2022-08-14,Potato,27.3846
2022-08-15,Potato,27.4615
2022-08-16,Potato,27.5385
2022-08-17,Potato,27.6923
2022-08-18,Potato,27.6923
2022-08-19,Potato,27.7692
2022-08-20,Potato,27.8462
2022-08-21,Potato,27.9231
2022-08-22,Potato,28.0
2022-08-23,Potato,28.0
2022-08-24,Potato,28.0
2022-08-25,Potato,28.0
2022-08-26,Potato,28.0
2022-08-27,Potato,28.0
2022-08-28,Potato,28.0
2022-08-29,Potato,28.0
2022-08-30,Potato,28.0
2022-08-31,Potato,28.0
2022-09-01,Potato,28.0
2022-09-02,Potato,28.0
2022-09-03,Potato,28.0
2022-09-04,Potato,28.0
2022-09-05,Potato,28.0
2022-09-06,Potato,28.0
2022-09-07,Potato,28.0
2022-09-08,Potato,28.0
2022-09-09,Potato,28.0
2022-09-10,Potato,28.0
2022-09-11,Potato,28.0
2022-09-12,Potato,28.0
2022-09-13,Potato,28.0
2022-09-14,Potato,28.0
2022-09-15,Potato,28.0
2022-09-16,Potato,28.0
2022-09-17,Potato,28.0
2022-09-18,Potato,28.0
2022-09-19,Potato,28.0
2022-09-20,Potato,28.0
2022-09-21,Potato,28.0
2022-09-22,Potato,28.0
2022-09-23,Potato,28.0
2022-09-24,Potato,28.0
2022-09-25,Potato,28.0
2022-09-26,Potato,28.0
2022-09-27,Potato,28.0
2022-09-28,Potato,28.0
2022-09-29,Potato,28.0
2022-09-30,Potato,28.0
2022-10-01,Potato,28.0
2022-10-02,Potato,28.0
2022-10-03,Potato,28.0
2022-10-04,Potato,28.0
2022-10-05,Potato,28.0
2022-10-06,Potato,28.0
2022-10-07,Potato,28.0
2022-10-08,Potato,28.0
2022-10-09,Potato,28.0
2022-10-10,Potato,28.0
2022-10-11,Potato,28.0
2022-10-12,Potato,28.0
2022-10-13,Potato,28.0
2022-10-14,Potato,28.0
2022-10-15,Potato,28.0
2022-10-16,Potato,28.0
2022-10-17,Potato,28.0
2022-10-18,Potato,28.0
2022-10-19,Potato,28.0
2022-10-20,Potato,28.0
2022-10-21,Potato,28.0
2022-10-22,Potato,28.0
2022-10-23,Potato,28.0
2022-10-24,Potato,28.0
2022-10-25,Potato,28.0
2022-10-26,Potato,28.0
2022-10-27,Potato,28.0
2022-10-28,Potato,28.0
2022-10-29,Potato,28.0
2022-10-30,Potato,28.0
2022-10-31,Potato,28.0
2022-11-01,Potato,28.0
2022-11-02,Potato,28.0
2022-11-03,Potato,28.0
2022-11-04,Potato,28.0
2022-11-05,Potato,28.0
2022-11-06,Potato,28.0
2022-11-07,Potato,28.0
2022-11-08,Potato,28.0
2022-11-09,Potato,28.0
2022-11-10,Potato,28.0
2022-11-11,Potato,28.0
2022-11-12,Potato,28.0
2022-11-13,Potato,28.0
2022-11-14,Potato,28.0
2022-11-15,Potato,28.0
2022-11-16,Potato,28.0
2022-11-17,Potato,28.0
2022-11-18,Potato,28.0
2022-11-19,Potato,28.0
2022-11-20,Potato,28.0
2022-11-21,Potato,28.0
2022-11-22,Potato,28.0
2022-11-23,Potato,28.0
2022-11-24,Potato,28.0
2022-11-25,Potato,26.0
2022-11-26,Potato,26.0
2022-11-27,Potato,26.0
2022-11-28,Potato,26.0
2022-11-29,Potato,26.0
2022-11-30,Potato,26.0
2022-12-01,Potato,26.0
2022-12-02,Potato,26.0
2022-12-03,Potato,26.0
2022-12-04,Potato,26.0
2022-12-05,Potato,26.0
2022-12-06,Potato,26.0
2022-12-07,Potato,26.0
2022-12-08,Potato,26.0
2022-12-09,Potato,26.0
2022-12-10,Potato,26.0
2022-12-11,Potato,26.0
2022-12-12,Potato,26.0
2022-12-13,Potato,26.0
2022-12-14,Potato,26.0
2022-12-15,Potato,26.0
2022-12-16,Potato,26.0
2022-12-17,Potato,26.0
2022-12-18,Potato,25.5333
2022-12-19,Potato,25.0667
2022-12-20,Potato,24.6
2022-12-21,Potato,24.1333
2022-12-22,Potato,24.0
2022-12-23,Potato,23.2
2022-12-24,Potato,22.7333
2022-12-25,Potato,22.2667
2022-12-26,Potato,21.8
2022-12-27,Potato,21.3333
2022-12-28,Potato,20.8667
2022-12-29,Potato,20.4
2022-12-30,Potato,19.9333
2022-12-31,Potato,19.4667
2023-01-01,Potato,19.0
2023-01-02,Potato,19.0
2023-01-03,Potato,19.0
2023-01-04,Potato,21.0
2023-01-05,Potato,22.0
2023-01-06,Potato,24.0
2023-01-07,Potato,23.0
2023-01-08,Potato,22.0
2023-01-09,Potato,21.0
2023-01-10,Potato,23.0
2023-01-11,Potato,23.0
2023-01-12,Potato,23.0
2023-01-13,Potato,23.0
2023-01-14,Potato,23.0
2023-01-15,Potato,23.0
2023-01-16,Potato,22.0
2023-01-17,Potato,22.0
2023-01-18,Potato,22.0
2023-01-19,Potato,22.0
2023-01-20,Potato,22.0
2023-01-21,Potato,22.0
2023-01-22,Potato,27.0
2023-01-23,Potato,27.0
2023-01-24,Potato,27.0
2023-01-25,Potato,27.0
2023-01-26,Potato,27.0
2023-01-27,Potato,27.0
2023-01-28,Potato,27.0
2023-01-29,Potato,27.0
2023-01-30,Potato,27.0
2023-01-31,Potato,27.0
2023-02-01,Potato,26.0
2023-02-02,Potato,27.0
2023-02-03,Potato,27.0
2023-02-04,Potato,27.0
2023-02-05,Potato,27.0
2023-02-06,Potato,26.0
2023-02-07,Potato,25.0
2023-02-08,Potato,25.0
2023-02-09,Potato,23.0
2023-02-10,Potato,23.0
2023-02-11,Potato,23.0
2023-02-12,Potato,23.0
2023-02-13,Potato,23.0
2023-02-14,Potato,22.0
2023-02-15,Potato,22.0
2023-02-16,Potato,20.3333
2023-02-17,Potato,18.6667
2023-02-18,Potato,17.0
2023-02-19,Potato,17.0
2023-02-20,Potato,17.0
2023-02-21,Potato,17.0
2023-02-22,Potato,17.0
2023-02-23,Potato,17.0
2023-02-24,Potato,17.0
2023-02-25,Potato,17.0
2023-02-26,Potato,16.0
2023-02-27,Potato,16.0
2023-02-28,Potato,18.5
2023-03-01,Potato,21.0
2023-03-02,Potato,20.0
2023-03-03,Potato,20.0
2023-03-04,Potato,20.0
2023-03-05,Potato,19.0
2023-03-06,Potato,19.0
2023-03-07,Potato,19.0
2023-03-08,Potato,20.0
2023-03-09,Potato,21.0
2023-03-10,Potato,20.0
2023-03-11,Potato,20.0
2023-03-12,Potato,20.0
2023-03-13,Potato,20.0
2023-03-14,Potato,20.0
2023-03-15,Potato,18.0
2023-03-16,Potato,18.0
2023-03-17,Potato,18.0
2023-03-18,Potato,18.0
2023-03-19,Potato,18.0
2023-03-20,Potato,18.0
2023-03-21,Potato,18.0
2023-03-22,Potato,18.0
2023-03-23,Potato,20.0
2023-03-24,Potato,21.0
2023-03-25,Potato,22.0
2023-03-26,Potato,22.0
2023-03-27,Potato,22.0
2023-03-28,Potato,22.0
2023-03-29,Potato,23.0
2023-03-30,Potato,23.0
2023-03-31,Potato,23.0
2023-04-01,Potato,23.0
2023-04-02,Potato,23.0
2023-04-03,Potato,23.0
2023-04-04,Potato,23.0
2023-04-05,Potato,23.0
2023-04-06,Potato,23.0
2023-04-07,Potato,23.0
2023-04-08,Potato,23.0
2023-04-09,Potato,27.0
2023-04-10,Potato,27.0
2023-04-11,Potato,27.0
2023-04-12,Potato,27.0
2023-04-13,Potato,27.0
2023-04-14,Potato,27.0
2023-04-15,Potato,27.0
2023-04-16,Potato,27.0
2023-04-17,Potato,27.3333
2023-04-18,Potato,29.0
2023-04-19,Potato,28.6667
2023-04-20,Potato,28.3333
2023-04-21,Potato,28.0
2023-04-22,Potato,27.6667
2023-04-23,Potato,27.3333
2023-04-24,Potato,27.0
2023-04-25,Potato,28.0
2023-04-26,Potato,29.0
2023-04-27,Potato,33.0
2023-04-28,Potato,33.0
2023-04-29,Potato,33.0
2023-04-30,Potato,32.0
2023-05-01,Potato,32.0
2023-05-02,Potato,33.0
2023-05-03,Potato,33.0
2023-05-04,Potato,33.0
2023-05-05,Potato,34.0
2023-05-06,Potato,34.0
2023-05-07,Potato,36.0
2023-05-08,Potato,37.0
2023-05-09,Potato,37.0
2023-05-10,Potato,37.0
2023-05-11,Potato,37.0
2023-05-12,Potato,37.0
2023-05-13,Potato,37.0
2023-05-14,Potato,37.0
2023-05-15,Potato,37.0
2023-05-16,Potato,37.0
2023-05-17,Potato,37.0
2023-05-18,Potato,37.0
2023-05-19,Potato,37.0
2023-05-20,Potato,37.0
2023-05-21,Potato,37.0
2023-05-22,Potato,37.0
2023-05-23,Potato,37.0
2023-05-24,Potato,38.0
2023-05-25,Potato,38.0
2023-05-26,Potato,38.0
2023-05-27,Potato,38.0
2023-05-28,Potato,38.0
2023-05-29,Potato,38.0
2023-05-30,Potato,38.0
2023-05-31,Potato,38.0
2023-06-01,Potato,38.0
2023-06-02,Potato,38.0
2023-06-03,Potato,38.0
2023-06-04,Potato,38.0
2023-06-05,Potato,38.0
2023-06-06,Potato,38.0
2023-06-07,Potato,38.0
2023-06-08,Potato,38.0
2023-06-09,Potato,38.0
2023-06-10,Potato,38.0
2023-06-11,Potato,38.0
2023-06-12,Potato,37.0
2023-06-13,Potato,37.0
2023-06-14,Potato,37.0
2023-06-15,Potato,37.0
2023-06-16,Potato,37.0
2023-06-17,Potato,37.0
2023-06-18,Potato,37.0
2023-06-19,Potato,37.0
2023-06-20,Potato,37.0
2023-06-21,Potato,37.0
2023-06-22,Potato,37.0
2023-06-23,Potato,37.0
2023-06-24,Potato,37.0
2023-06-25,Potato,37.0
2023-06-26,Potato,37.0
2023-06-27,Potato,37.0
2023-06-28,Potato,37.0
2023-06-29,Potato,37.0
2023-06-30,Potato,37.0
2023-07-01,Potato,37.0
2023-07-02,Potato,37.0
2023-07-03,Potato,38.0
2023-07-04,Potato,39.0
2023-07-05,Potato,39.0
2023-07-06,Potato,39.0
2023-07-07,Potato,39.0
2023-07-08,Potato,39.0
2023-07-09,Potato,39.0
2023-07-10,Potato,39.0
2023-07-11,Potato,39.0
2023-07-12,Potato,39.0
2023-07-13,Potato,39.0
2023-07-14,Potato,39.0
2023-07-15,Potato,39.0
2023-07-16,Potato,39.0
2023-07-17,Potato,39.0
2023-07-18,Potato,39.0
2023-07-19,Potato,39.0
2023-07-20,Potato,39.0
2023-07-21,Potato,39.0
2023-07-22,Potato,39.0
2023-07-23,Potato,38.0
2023-07-24,Potato,38.0
2023-07-25,Potato,38.0
2023-07-26,Potato,38.0
2023-07-27,Potato,38.0
2023-07-28,Potato,38.0
2023-07-29,Potato,38.0
2023-07-30,Potato,38.0
2023-07-31,Potato,38.0
2023-08-01,Potato,38.0
2023-08-02,Potato,38.0
2023-08-03,Potato,38.0
2023-08-04,Potato,38.0
2023-08-05,Potato,38.0
2023-08-06,Potato,38.0
2023-08-07,Potato,38.0
2023-08-08,Potato,38.0
2023-08-09,Potato,38.0
2023-08-10,Potato,38.0
2023-08-11,Potato,38.0
2023-08-12,Potato,38.0
2023-08-13,Potato,38.0
2023-08-14,Potato,38.0
2023-08-15,Potato,38.0
2023-08-16,Potato,38.0
2023-08-17,Potato,38.0
2023-08-18,Potato,38.0
2023-08-19,Potato,38.0
2023-08-20,Potato,38.0
2023-08-21,Potato,38.3333
2023-08-22,Potato,38.6667
2023-08-23,Potato,39.0
2023-08-24,Potato,39.3333
2023-08-25,Potato,39.6667
2023-08-26,Potato,40.0
2023-08-27,Potato,40.6
2023-08-28,Potato,41.2
2023-08-29,Potato,41.8
2023-08-30,Potato,42.4
2023-08-31,Potato,43.0
2023-09-01,Potato,43.0
2023-09-02,Potato,43.0
2023-09-03,Potato,43.0
2023-09-04,Potato,43.0
2023-09-05,Potato,43.0
2023-09-06,Potato,43.0
2023-09-07,Potato,43.0
2023-09-08,Potato,43.0
2023-09-09,Potato,43.0
2023-09-10,Potato,43.0
2023-09-11,Potato,43.0
2023-09-12,Potato,43.5714
2023-09-13,Potato,44.1429
2023-09-14,Potato,44.7143
2023-09-15,Potato,45.2857
2023-09-16,Potato,45.8571
2023-09-17,Potato,46.4286
2023-09-18,Potato,47.0
2023-09-19,Potato,47.0
2023-09-20,Potato,45.0
2023-09-21,Potato,43.0
2023-09-22,Potato,43.0
2023-09-23,Potato,43.0
2023-09-24,Potato,43.0
2023-09-25,Potato,43.0
2023-09-26,Potato,43.0
2023-09-27,Potato,43.4286
2023-09-28,Potato,43.8571
2023-09-29,Potato,44.2857
2023-09-30,Potato,44.7143
2023-10-01,Potato,45.1429
2023-10-02,Potato,45.5714
2023-10-03,Potato,46.0
2023-10-04,Potato,46.0
2023-10-05,Potato,46.0
2023-10-06,Potato,44.6667
2023-10-07,Potato,43.3333
2023-10-08,Potato,42.0
2023-10-09,Potato,42.0
2023-10-10,Potato,42.0
2023-10-11,Potato,42.0
2023-10-12,Potato,42.0
2023-10-13,Potato,42.0
2023-10-14,Potato,42.3333
2023-10-15,Potato,42.6667
2023-10-16,Potato,43.0
2023-10-17,Potato,43.0
2023-10-18,Potato,44.0
2023-10-19,Potato,45.5
2023-10-20,Potato,47.0
2023-10-21,Potato,49.0
2023-10-22,Potato,49.0
2023-10-23,Potato,49.0
2023-10-24,Potato,50.5
2023-10-25,Potato,52.0
2023-10-26,Potato,53.0
2023-10-27,Potato,53.0
2023-10-28,Potato,53.0
2023-10-29,Potato,55.0
2023-10-30,Potato,57.0
2023-10-31,Potato,57.0
2023-11-01,Potato,57.0
2023-11-02,Potato,57.0
2023-11-03,Potato,57.0
2023-11-04,Potato,54.5
2023-11-05,Potato,52.0
2023-11-06,Potato,49.5
2023-11-07,Potato,47.0
2023-11-08,Potato,47.0
2023-11-09,Potato,47.0
2023-11-10,Potato,47.0
2023-11-11,Potato,47.0
2023-11-12,Potato,47.0
2023-11-13,Potato,51.0
2023-11-14,Potato,51.0
2023-11-15,Potato,51.0
2023-11-16,Potato,47.0
2023-11-17,Potato,47.0
2023-11-18,Potato,47.0
2023-11-19,Potato,47.0
2023-11-20,Potato,47.0
2023-11-21,Potato,47.0
2023-11-22,Potato,47.0
2023-11-23,Potato,47.0
2023-11-24,Potato,47.0
2023-11-25,Potato,47.0
2023-11-26,Potato,47.0
2023-11-27,Potato,47.0
2023-11-28,Potato,47.0
2023-11-29,Potato,47.0
2023-11-30,Potato,47.0
2023-12-01,Potato,47.0
2023-12-02,Potato,47.0
2023-12-03,Potato,47.0
2023-12-04,Potato,50.0
2023-12-05,Potato,50.0
2023-12-06,Potato,50.0
2023-12-07,Potato,50.0
2023-12-08,Potato,50.0
2023-12-09,Potato,50.0
2023-12-10,Potato,50.0
2023-12-11,Potato,52.0
2023-12-12,Potato,50.0
2023-12-13,Potato,50.0
2023-12-14,Potato,50.0
2023-12-15,Potato,50.0
2023-12-16,Potato,53.5
2023-12-17,Potato,57.0
2023-12-18,Potato,57.0
2023-12-19,Potato,57.0
2023-12-20,Potato,57.0
2023-12-21,Potato,57.0
2023-12-22,Potato,60.0
2023-12-23,Potato,60.0
2023-12-24,Potato,60.0
2023-12-25,Potato,60.0
2023-12-26,Potato,60.0
2023-12-27,Potato,60.0
2023-12-28,Potato,60.0
2023-12-29,Potato,60.0
2023-12-30,Potato,60.0
2023-12-31,Potato,60.0
2024-01-01,Potato,60.0
2024-01-02,Potato,60.0
2024-01-03,Potato,60.0
2024-01-04,Potato,60.0
2024-01-05,Potato,60.0
2024-01-06,Potato,60.0
2024-01-07,Potato,60.0
2024-01-08,Potato,60.0
2024-01-09,Potato,60.0
2024-01-10,Potato,57.0
2024-01-11,Potato,55.0
2024-01-12,Potato,55.0
2024-01-13,Potato,55.0
2024-01-14,Potato,55.0
2024-01-15,Potato,55.0
2024-01-16,Potato,55.0
2024-01-17,Potato,55.0
2024-01-18,Potato,47.0
2024-01-19,Potato,45.0
2024-01-20,Potato,45.0
2024-01-21,Potato,45.0
2024-01-22,Potato,45.0
2024-01-23,Potato,45.0
2024-01-24,Potato,45.0
2024-01-25,Potato,45.0
2024-01-26,Potato,45.0
2024-01-27,Potato,45.0
2024-01-28,Potato,45.0
2024-01-29,Potato,42.0
2024-01-30,Potato,42.0
2024-01-31,Potato,42.0
2024-02-01,Potato,42.0
2024-02-02,Potato,41.0
2024-02-03,Potato,41.0
2024-02-04,Potato,40.0
2024-02-05,Potato,37.0
2024-02-06,Potato,35.0
2024-02-07,Potato,35.0
2024-02-08,Potato,35.0
2024-02-09,Potato,35.0
2024-02-10,Potato,34.5
2024-02-11,Potato,34.0
2024-02-12,Potato,31.0
2024-02-13,Potato,31.0
2024-02-14,Potato,31.0
2024-02-15,Potato,31.0
2024-02-16,Potato,30.5
2024-02-17,Potato,28.0
2024-02-18,Potato,28.0
2024-02-19,Potato,28.0
2024-02-20,Potato,28.0
2024-02-21,Potato,27.5
2024-02-22,Potato,27.0
2024-02-23,Potato,29.0
2024-02-24,Potato,29.0
2024-02-25,Potato,27.0
2024-02-26,Potato,27.0
2024-02-27,Potato,27.0
2024-02-28,Potato,31.0
2024-02-29,Potato,30.5
2024-03-01,Potato,30.0
2024-03-02,Potato,27.0
2024-03-03,Potato,27.0
2024-03-04,Potato,27.0
2024-03-05,Potato,28.6667
2024-03-06,Potato,30.3333
2024-03-07,Potato,32.0
2024-03-08,Potato,32.0
2024-03-09,Potato,32.0
2024-03-10,Potato,32.0
2024-03-11,Potato,32.0
2024-03-12,Potato,32.0581
2024-03-13,Potato,37.0
2024-03-14,Potato,37.0
2024-03-15,Potato,37.0
2024-03-16,Potato,37.0
2024-03-17,Potato,37.0
2024-03-18,Potato,37.0
2024-03-19,Potato,37.0
2024-03-20,Potato,39.0
2024-03-21,Potato,39.0
2024-03-22,Potato,39.0
2024-03-23,Potato,39.0
2024-03-24,Potato,39.0
2024-03-25,Potato,39.0
2024-03-26,Potato,42.0
2024-03-27,Potato,42.0
2024-03-28,Potato,42.0
2024-03-29,Potato,42.0
2024-03-30,Potato,42.0
2024-03-31,Potato,42.0
2024-04-01,Potato,42.0
2024-04-02,Potato,42.0
2024-04-03,Potato,42.0
2024-04-04,Potato,42.0
2024-04-05,Potato,42.0
2024-04-06,Potato,42.0
2024-04-07,Potato,44.5
2024-04-08,Potato,47.0
2024-04-09,Potato,47.0
2024-04-10,Potato,47.0
2024-04-11,Potato,47.0
2024-04-12,Potato,47.0
2024-04-13,Potato,47.0
2024-04-14,Potato,47.0
2024-04-15,Potato,47.0
2024-04-16,Potato,47.0
2024-04-17,Potato,47.0
2024-04-18,Potato,47.0
2024-04-19,Potato,48.0
2024-04-20,Potato,52.0
2024-04-21,Potato,52.0
2024-04-22,Potato,52.0
2024-04-23,Potato,52.0
2024-04-24,Potato,52.0
2024-04-25,Potato,48.0
2024-04-26,Potato,48.0
2024-04-27,Potato,48.0
2024-04-28,Potato,50.0
2024-04-29,Potato,50.0
2024-04-30,Potato,52.0
2024-05-01,Potato,52.0
2024-05-02,Potato,52.0
2024-05-03,Potato,52.0
2024-05-04,Potato,52.0
2024-05-05,Potato,50.0
2024-05-06,Potato,50.0
2024-05-07,Potato,50.0
2024-05-08,Potato,50.0
2024-05-09,Potato,50.0
2024-05-10,Potato,52.0
2024-05-11,Potato,52.0
2024-05-12,Potato,52.0
2024-05-13,Potato,51.0
2024-05-14,Potato,51.0
2024-05-15,Potato,51.0
2024-05-16,Potato,51.0
2024-05-17,Potato,51.0
2024-05-18,Potato,51.0
2024-05-19,Potato,51.0
2024-05-20,Potato,51.0
2024-05-21,Potato,51.0
2024-05-22,Potato,51.0
2024-05-23,Potato,52.0
2024-05-24,Potato,52.0
2024-05-25,Potato,52.0
2024-05-26,Potato,52.0
2024-05-27,Potato,52.0
2024-05-28,Potato,52.0
2024-05-29,Potato,52.0
2024-05-30,Potato,55.0
2024-05-31,Potato,55.0
2024-06-01,Potato,55.0
2024-06-02,Potato,55.0
2024-06-03,Potato,57.0
2024-06-04,Potato,57.0
2024-06-05,Potato,57.0
2024-06-06,Potato,57.0
2024-06-07,Potato,57.0
2024-06-08,Potato,57.0
2024-06-09,Potato,57.0
2024-06-10,Potato,57.0
2024-06-11,Potato,57.0
2024-06-12,Potato,57.0
2024-06-13,Potato,57.0
2024-06-14,Potato,57.0
2024-06-15,Potato,57.0
2024-06-16,Potato,57.0
2024-06-17,Potato,57.0
2024-06-18,Potato,57.0
2024-06-19,Potato,57.0
2024-06-20,Potato,57.0
2024-06-21,Potato,57.0
2024-06-22,Potato,57.0
2024-06-23,Potato,57.0
2024-06-24,Potato,57.0
2024-06-25,Potato,57.0
2024-06-26,Potato,57.0
2024-06-27,Potato,57.0
2024-06-28,Potato,59.0
2024-06-29,Potato,59.0
2024-06-30,Potato,59.0
2024-07-01,Potato,60.0
2024-07-02,Potato,60.0
2024-07-03,Potato,60.0
2024-07-04,Potato,60.0
2024-07-05,Potato,60.0
2024-07-06,Potato,60.0
2024-07-07,Potato,60.0
2024-07-08,Potato,60.0
2024-07-09,Potato,60.0
2024-07-10,Potato,60.0
2024-07-11,Potato,60.0
2024-07-12,Potato,60.0
2024-07-13,Potato,60.0
2024-07-14,Potato,60.0
2024-07-15,Potato,60.0
2024-07-16,Potato,60.0
2024-07-17,Potato,60.0
2024-07-18,Potato,60.0
2024-07-19,Potato,60.0
2024-07-20,Potato,59.5
2024-07-21,Potato,58.6667
2024-07-22,Potato,58.5
2024-07-23,Potato,58.0
2024-07-24,Potato,58.0
2024-07-25,Potato,58.0
2024-07-26,Potato,58.0
2024-07-27,Potato,57.8333
2024-07-28,Potato,57.0
2024-07-29,Potato,57.0
2024-07-30,Potato,57.0
2024-07-31,Potato,57.0
2024-08-01,Potato,57.0
2024-08-02,Potato,57.0
2024-08-03,Potato,57.0
2024-08-04,Potato,57.0
2024-08-05,Potato,57.0
2024-08-06,Potato,57.0
2024-08-07,Potato,57.0
2024-08-08,Potato,57.0
2024-08-09,Potato,57.0
2024-08-10,Potato,57.0
2024-08-11,Potato,57.0
2024-08-12,Potato,57.0
2024-08-13,Potato,56.0
2024-08-14,Potato,56.0
2024-08-15,Potato,56.0
2024-08-16,Potato,56.0
2024-08-17,Potato,56.0
2024-08-18,Potato,56.0
2024-08-19,Potato,56.0
2024-08-20,Potato,56.0
2024-08-21,Potato,56.0
2024-08-22,Potato,56.0
2024-08-23,Potato,52.2936
2024-08-24,Potato,52.2936
2024-08-25,Potato,57.0
2024-08-26,Potato,56.0
2024-08-27,Potato,55.0
2024-08-28,Potato,56.0
2024-08-29,Potato,56.0
2024-08-30,Potato,56.0
2024-08-31,Potato,56.0
2024-09-01,Potato,56.0
2024-09-02,Potato,56.0
2024-09-03,Potato,56.0
2024-09-04,Potato,56.0
2024-09-05,Potato,56.0
2024-09-06,Potato,56.0
2024-09-07,Potato,56.0
2024-09-08,Potato,56.0
2024-09-09,Potato,56.0
2024-09-10,Potato,56.0
2024-09-11,Potato,56.0
2024-09-12,Potato,56.0
2024-09-13,Potato,56.0
2024-09-14,Potato,56.0
2024-09-15,Potato,56.0
2024-09-16,Potato,54.0
2024-09-17,Potato,52.0
2024-09-18,Potato,52.0
2024-09-19,Potato,52.0
2024-09-20,Potato,52.0
2024-09-21,Potato,52.0
2024-09-22,Potato,52.0
2024-09-23,Potato,52.0
2024-09-24,Potato,52.0
2024-09-25,Potato,52.0
2024-09-26,Potato,52.0
2024-09-27,Potato,52.0
2024-09-28,Potato,52.0
2024-09-29,Potato,57.0
2024-09-30,Potato,57.0
2024-10-01,Potato,55.0
2024-10-02,Potato,55.0
2024-10-03,Potato,55.0
2024-10-04,Potato,55.0
2024-10-05,Potato,55.0
2024-10-06,Potato,55.0
2024-10-07,Potato,55.0
2024-10-08,Potato,55.0
2024-10-09,Potato,55.0
2024-10-10,Potato,55.0
2024-10-11,Potato,56.0
2024-10-12,Potato,57.0
2024-10-13,Potato,57.0
2024-10-14,Potato,57.0
2024-10-15,Potato,57.0
2024-10-16,Potato,57.0
2024-10-17,Potato,57.0
2024-10-18,Potato,57.0
2024-10-19,Potato,57.0
2024-10-20,Potato,57.0
2024-10-21,Potato,57.0
2024-10-22,Potato,57.0
2024-10-23,Potato,57.0
2024-10-24,Potato,57.0
2024-10-25,Potato,57.0
2024-10-26,Potato,57.0
2024-10-27,Potato,57.0
2024-10-28,Potato,57.0
2024-10-29,Potato,57.0
2024-10-30,Potato,60.0
2024-10-31,Potato,60.0
2024-11-01,Potato,60.0
2024-11-02,Potato,60.0
2024-11-03,Potato,62.0
2024-11-04,Potato,62.0
2024-11-05,Potato,67.0
2024-11-06,Potato,67.0
2024-11-07,Potato,67.0
2024-11-08,Potato,67.0
2024-11-09,Potato,67.0
2024-11-10,Potato,70.0
2024-11-11,Potato,70.0
2024-11-12,Potato,70.0
2024-11-13,Potato,70.0
2024-11-14,Potato,70.0
2024-11-15,Potato,70.0
2024-11-16,Potato,70.0
2024-11-17,Potato,70.0
2024-11-18,Potato,70.0
2024-11-19,Potato,70.0
2024-11-20,Potato,70.0
2024-11-21,Potato,72.0
2024-11-22,Potato,75.0
2024-11-23,Potato,75.0
2024-11-24,Potato,75.0
2024-11-25,Potato,75.0
2024-11-26,Potato,75.0
2024-11-27,Potato,75.0
2024-11-28,Potato,75.0
2024-11-29,Potato,75.0
2024-11-30,Potato,75.0
2024-12-01,Potato,75.0
2024-12-02,Potato,75.0
2024-12-03,Potato,75.0
2024-12-04,Potato,75.0
2024-12-05,Potato,75.0
2024-12-06,Potato,75.0
2024-12-07,Potato,75.0
2024-12-08,Potato,75.0
2024-12-09,Potato,75.0
2024-12-10,Potato,72.0
2024-12-11,Potato,72.0
2024-12-12,Potato,72.0
2024-12-13,Potato,72.0
2024-12-14,Potato,72.0
2024-12-15,Potato,72.0
2024-12-16,Potato,72.0
2024-12-17,Potato,72.0
2024-12-18,Potato,72.0
2024-12-19,Potato,70.0
2024-12-20,Potato,70.0
2024-12-21,Potato,70.0
2024-12-22,Potato,70.0
2024-12-23,Potato,62.0
2024-12-24,Potato,62.0
2024-12-25,Potato,61.0
2024-12-26,Potato,60.0
2024-12-27,Potato,60.0
2024-12-28,Potato,60.0
2024-12-29,Potato,60.0
2024-12-30,Potato,57.0
2024-12-31,Potato,55.0
2025-01-01,Potato,55.0
2025-01-02,Potato,54.5
2025-01-03,Potato,52.0
2025-01-04,Potato,52.0
2025-01-05,Potato,52.0
2025-01-06,Potato,52.0
2025-01-07,Potato,47.0
2025-01-08,Potato,47.0
2025-01-09,Potato,47.0
2025-01-10,Potato,45.0
2025-01-11,Potato,42.0
2025-01-12,Potato,40.0
2025-01-13,Potato,40.0
2025-01-14,Potato,40.0
2025-01-15,Potato,40.0
2025-01-16,Potato,40.0
2025-01-17,Potato,40.0
2025-01-18,Potato,40.0
2025-01-19,Potato,40.0
2025-01-20,Potato,35.0
2025-01-21,Potato,32.0
2025-01-22,Potato,32.0
2025-01-23,Potato,32.0
2025-01-24,Potato,30.0
2025-01-25,Potato,30.0
2025-01-26,Potato,25.0
2025-01-27,Potato,25.0
2025-01-28,Potato,25.0
2025-01-29,Potato,25.0
2025-01-30,Potato,21.0
2025-01-31,Potato,21.0
2025-02-01,Potato,21.0
2025-02-02,Potato,21.0
2025-02-03,Potato,21.0
2025-02-04,Potato,21.0
2025-02-05,Potato,21.0
2025-02-06,Potato,21.0
2025-02-07,Potato,21.0
2025-02-08,Potato,21.0
2025-02-09,Potato,21.0
2025-02-10,Potato,21.0
2025-02-11,Potato,21.0
2025-02-12,Potato,21.0
2025-02-13,Potato,21.0
2025-02-14,Potato,21.0
2025-02-15,Potato,21.0
2025-02-16,Potato,21.0
2025-02-17,Potato,21.0
2025-02-18,Potato,21.0
2025-02-19,Potato,21.0
2025-02-20,Potato,21.0
2025-02-21,Potato,21.0
2025-02-22,Potato,21.0
2025-02-23,Potato,21.0
2025-02-24,Potato,21.0
2025-02-25,Potato,21.0
2025-02-26,Potato,21.0
2025-02-27,Potato,21.0
2025-02-28,Potato,21.0
2025-03-01,Potato,21.0
2025-03-02,Potato,21.0
2025-03-03,Potato,21.0
2025-03-04,Potato,21.0
2025-03-05,Potato,21.0
2025-03-06,Potato,21.0
2025-03-07,Potato,21.0
2025-03-08,Potato,21.0
2025-03-09,Potato,21.0
2025-03-10,Potato,22.0
2025-03-11,Potato,22.0
2025-03-12,Potato,22.0
2025-03-13,Potato,22.0
2025-03-14,Potato,22.0
2025-03-15,Potato,22.0
2025-03-16,Potato,22.0
2025-03-17,Potato,22.0
2025-03-18,Potato,22.0
2025-03-19,Potato,22.0
2025-03-20,Potato,22.0
2025-03-21,Potato,22.0
2025-03-22,Potato,22.0
2025-03-23,Potato,22.0
2025-03-24,Potato,22.0
2025-03-25,Potato,22.0
2025-03-26,Potato,22.0
2025-03-27,Potato,22.0
2025-03-28,Potato,22.0
2025-03-29,Potato,22.0
2025-03-30,Potato,22.0
2025-03-31,Potato,22.0
2025-04-01,Potato,22.0
2025-04-02,Potato,22.0
2025-04-03,Potato,22.0
2025-04-04,Potato,22.0
2025-04-05,Potato,22.0
2025-04-06,Potato,22.0
2025-04-07,Potato,22.0
2025-04-08,Potato,22.0
2025-04-09,Potato,22.0
2025-04-10,Potato,22.0
2025-04-11,Potato,22.0
2025-04-12,Potato,22.0
2025-04-13,Potato,22.0
2025-04-14,Potato,22.0
2025-04-15,Potato,22.0
2025-04-16,Potato,22.0
2025-04-17,Potato,22.0
2025-04-18,Potato,22.0
2025-04-19,Potato,22.0
2025-04-20,Potato,22.0
2025-04-21,Potato,22.0
2025-04-22,Potato,22.0
2025-04-23,Potato,22.0
2025-04-24,Potato,22.0
2025-04-25,Potato,22.0
2025-04-26,Potato,22.0
2025-04-27,Potato,22.0
2025-04-28,Potato,22.0
2025-04-29,Potato,22.0
2025-04-30,Potato,22.0
2025-05-01,Potato,22.0
2025-05-02,Potato,22.0
2025-05-03,Potato,22.0
2025-05-04,Potato,22.0
2025-05-05,Potato,22.0
2025-05-06,Potato,22.0
2025-05-07,Potato,22.0
2025-05-08,Potato,22.0
2025-05-09,Potato,22.0
2025-05-10,Potato,22.0
2025-05-11,Potato,22.0
2025-05-12,Potato,22.0
2025-05-13,Potato,22.0
2025-05-14,Potato,22.0
2025-05-15,Potato,22.0
2025-05-16,Potato,22.0
2025-05-17,Potato,22.0
2025-05-18,Potato,22.0
2025-05-19,Potato,22.0
2025-05-20,Potato,22.0
2025-05-21,Potato,22.0
2025-05-22,Potato,22.0
2025-05-23,Potato,22.0
2025-05-24,Potato,22.0
2025-05-25,Potato,22.0
2025-05-26,Potato,22.0
2025-05-27,Potato,22.0
2025-05-28,Potato,22.0
2025-05-29,Potato,22.0
2025-05-30,Potato,22.0
2025-05-31,Potato,22.0
2025-06-01,Potato,22.0
2025-06-02,Potato,22.0
2025-06-03,Potato,22.0
2025-06-04,Potato,22.0
2025-06-05,Potato,22.0
2025-06-06,Potato,22.0
2025-06-07,Potato,22.0
2025-06-08,Potato,22.0
2025-06-09,Potato,22.0
2025-06-10,Potato,22.0
2025-06-11,Potato,22.0
2025-06-12,Potato,22.0
2025-06-13,Potato,22.0
2025-06-14,Potato,22.0
2025-06-15,Potato,22.0
2025-06-16,Potato,22.0
2025-06-17,Potato,22.0
2025-06-18,Potato,22.0
2025-06-19,Potato,22.0
2025-06-20,Potato,22.0
2025-06-21,Potato,22.0
2025-06-22,Potato,22.0
2025-06-23,Potato,22.0
2025-06-24,Potato,22.0
2025-06-25,Potato,22.0
2025-06-26,Potato,22.0
2025-06-27,Potato,22.0
2025-06-28,Potato,22.0
2025-06-29,Potato,22.0
2025-06-30,Potato,22.0
2025-07-01,Potato,22.0
2025-07-02,Potato,22.0
2025-07-03,Potato,22.0
2025-07-04,Potato,22.0
2025-07-05,Potato,23.0
2025-07-06,Potato,24.0
2025-07-07,Potato,25.0
2025-07-08,Potato,26.0
2025-07-09,Potato,26.0
2025-07-10,Potato,27.0
2025-07-11,Potato,27.0
2025-07-12,Potato,27.0
2025-07-13,Potato,27.0
2025-07-14,Potato,27.0
2025-07-15,Potato,27.0
2025-07-16,Potato,27.0
2025-07-17,Potato,27.0
2025-07-18,Potato,27.0
2025-07-19,Potato,27.0
2025-07-20,Potato,27.0
2025-07-21,Potato,27.0
2025-07-22,Potato,27.0
2025-07-23,Potato,27.0
2025-07-24,Potato,27.0
2025-07-25,Potato,27.0
2025-07-26,Potato,27.0
2025-07-27,Potato,27.0
2025-07-28,Potato,27.0
2025-07-29,Potato,27.0
2025-07-30,Potato,27.0
2025-07-31,Potato,27.0
2025-08-01,Potato,27.0
2025-08-02,Potato,27.0
2025-08-03,Potato,27.0
2025-08-04,Potato,27.0
2025-08-05,Potato,27.0
2025-08-06,Potato,27.0
2025-08-07,Potato,27.0
2025-08-08,Potato,27.0
2025-08-09,Potato,27.0
2025-08-10,Potato,27.0
2025-08-11,Potato,27.0
2025-08-12,Potato,27.0
2025-08-13,Potato,27.0
2025-08-14,Potato,27.0
2025-08-15,Potato,27.0
2025-08-16,Potato,27.0
2025-08-17,Potato,27.0
2025-08-18,Potato,27.0
2025-08-19,Potato,27.0
2025-08-20,Potato,27.0
2025-08-21,Potato,27.0
2025-08-22,Potato,27.0
2025-08-23,Potato,27.0
2025-08-24,Potato,27.0
2025-08-25,Potato,27.0
2025-08-26,Potato,27.0
2025-08-27,Potato,27.0
2025-08-28,Potato,27.0
2025-08-29,Potato,27.0
2025-08-30,Potato,27.0
2025-08-31,Potato,27.0
2025-09-01,Potato,27.0
2025-09-02,Potato,27.0
2025-09-03,Potato,27.0
2025-09-04,Potato,27.0
2025-09-05,Potato,27.0
2025-09-06,Potato,27.0
2025-09-07,Potato,27.0
2025-09-08,Potato,27.0
2025-09-09,Potato,27.0
2025-09-10,Potato,27.0
2025-09-11,Potato,27.0
2025-09-12,Potato,25.0
2025-09-13,Potato,25.0
2025-09-14,Potato,25.0
2025-09-15,Potato,22.0
2025-09-16,Potato,22.0
2025-09-17,Potato,22.0
2025-09-18,Potato,22.0
2025-09-19,Potato,22.0
2025-09-20,Potato,22.0
2025-09-21,Potato,22.0
2025-09-22,Potato,22.0
2025-09-23,Potato,22.0
2025-09-24,Potato,22.0
2025-09-25,Potato,22.0
2025-09-26,Potato,22.0
2025-09-27,Potato,22.0
2025-09-28,Potato,22.0
2025-09-29,Potato,22.0
2025-09-30,Potato,22.0
2025-10-01,Potato,22.0
2025-10-02,Potato,22.0
2025-10-03,Potato,22.0
2025-10-04,Potato,22.0
2025-10-05,Potato,22.0
2025-10-06,Potato,22.0
2025-10-07,Potato,22.0
2025-10-08,Potato,22.0
2025-10-09,Potato,22.0
2025-10-10,Potato,22.0
2025-10-11,Potato,22.0
2025-10-12,Potato,22.0
2025-10-13,Potato,22.0
2025-10-14,Potato,22.0
2025-10-15,Potato,22.0
2025-10-16,Potato,22.0
2025-10-17,Potato,22.0
2025-10-18,Potato,22.0
2025-10-19,Potato,22.0
2025-10-20,Potato,22.0
2025-10-21,Potato,22.0
2025-10-22,Potato,22.0
2025-10-23,Potato,22.0
2025-10-24,Potato,22.0
2025-10-25,Potato,22.0
2025-10-26,Potato,22.0
2025-10-27,Potato,22.0
2025-10-28,Potato,22.0
2025-10-29,Potato,22.0
2025-10-30,Potato,22.0
2025-10-31,Potato,22.0
2025-11-01,Potato,22.0
2025-11-02,Potato,22.0
2025-11-03,Potato,22.0
2025-11-04,Potato,22.0
2025-11-05,Potato,22.0
2025-11-06,Potato,22.0
2025-11-07,Potato,22.0
2025-11-08,Potato,22.0
2025-11-09,Potato,22.0
2025-11-10,Potato,22.0
2025-11-11,Potato,22.0
2025-11-12,Potato,22.0
2025-11-13,Potato,22.0
2025-11-14,Potato,22.0
2025-11-15,Potato,22.0
2025-11-16,Potato,22.0
2025-11-17,Potato,22.0
2025-11-18,Potato,22.0
2025-11-19,Potato,22.0
2025-11-20,Potato,22.0
2025-11-21,Potato,22.0
2025-11-22,Potato,22.0
2025-11-23,Potato,22.0
2025-11-24,Potato,22.0
2025-11-25,Potato,22.0
2025-11-26,Potato,22.0
2025-11-27,Potato,25.0
2025-11-28,Potato,25.0
2025-11-29,Potato,25.0
2025-11-30,Potato,25.0
2025-12-01,Potato,25.0
2025-12-02,Potato,25.0
2025-12-03,Potato,26.0
2025-12-04,Potato,27.0
2025-12-05,Potato,27.0
2025-12-06,Potato,27.0
2025-12-07,Potato,34.4129
2025-12-08,Potato,32.0
2025-12-09,Potato,32.0
2025-12-10,Potato,32.0
2025-12-11,Potato,27.0
2025-12-12,Potato,27.0
2025-12-13,Potato,25.0
2025-12-14,Potato,25.0
2025-12-15,Potato,27.0
2025-12-16,Potato,26.0
2025-12-17,Potato,25.0
2025-12-18,Potato,25.0
2025-12-19,Potato,25.0
2025-12-20,Potato,25.0
2025-12-21,Potato,25.0
2025-12-22,Potato,25.0
2025-12-23,Potato,25.0
2025-12-24,Potato,25.0
2025-12-25,Potato,25.0
2025-12-26,Potato,25.0
2025-12-27,Potato,25.0
2025-12-28,Potato,25.0
2025-12-29,Potato,25.0
2025-12-30,Potato,25.0
2025-12-31,Potato,25.0
2026-01-01,Potato,25.0
2026-01-02,Potato,25.0
2026-01-03,Potato,25.0
2026-01-04,Potato,25.0
2026-01-05,Potato,25.0
2026-01-06,Potato,25.0
2026-01-07,Potato,25.0
2026-01-08,Potato,25.0
2026-01-09,Potato,25.0
2026-01-10,Potato,30.0
2026-01-11,Potato,30.0
2026-01-12,Potato,32.0
2026-01-13,Potato,32.0
2026-01-14,Potato,30.0
2026-01-15,Potato,30.0
2026-01-16,Potato,30.0
2026-01-17,Potato,30.0
2026-01-18,Potato,30.0
2026-01-19,Potato,30.0
2026-01-20,Potato,27.0
2026-01-21,Potato,27.0
2026-01-22,Potato,27.0
2026-01-23,Potato,25.0
2026-01-24,Potato,25.0
2026-01-25,Potato,22.0
2026-01-26,Potato,22.0
2026-01-27,Potato,25.0
2026-01-28,Potato,25.0
2026-01-29,Potato,25.0
2026-01-30,Potato,25.0
2026-01-31,Potato,25.0
2026-02-01,Potato,25.0
2026-02-02,Potato,25.0
2026-02-03,Potato,25.0
2026-02-04,Potato,25.0
2026-02-05,Potato,25.0
2026-02-06,Potato,25.0
2026-02-07,Potato,22.0
2026-02-08,Potato,22.0
2026-02-09,Potato,22.0
2026-02-10,Potato,22.0
2026-02-11,Potato,22.0
2026-02-12,Potato,22.0
2026-02-13,Potato,22.0
2026-02-14,Potato,22.0
2026-02-15,Potato,22.0
2026-02-16,Potato,22.0
2026-02-17,Potato,22.0
2026-02-18,Potato,22.0
2026-02-19,Potato,22.0
2026-02-20,Potato,22.0
2026-02-21,Potato,22.0
2026-02-22,Potato,22.0
2026-02-23,Potato,22.0
2026-02-24,Potato,22.0
2026-02-25,Potato,22.0
2026-02-26,Potato,22.0
2026-02-27,Potato,22.0
2026-02-28,Potato,22.0
2026-03-01,Potato,22.0
2026-03-02,Potato,22.0
2026-03-03,Potato,22.0
2026-03-04,Potato,19.0
2026-03-05,Potato,19.0
2026-03-06,Potato,19.0
2026-03-07,Potato,19.0
2026-03-08,Potato,19.0
2026-03-09,Potato,19.0
2026-03-10,Potato,19.0
2026-03-11,Potato,19.0
2026-03-12,Potato,19.0
2026-03-13,Potato,19.0
2026-03-14,Potato,19.0
2026-03-15,Potato,19.0
2026-03-16,Potato,19.0
2026-03-17,Potato,19.0
2026-03-18,Potato,19.0
2026-03-19,Potato,19.0
2026-03-20,Potato,19.0
2026-03-21,Potato,19.0
2026-03-22,Potato,19.0
2026-03-23,Potato,19.0
2026-03-24,Potato,19.0
2026-03-25,Potato,19.0
2026-03-26,Potato,19.0
2026-03-27,Potato,19.0
2026-03-28,Potato,19.0
2026-03-29,Potato,22.0
2026-03-30,Potato,22.0
2026-03-31,Potato,22.0
2026-04-01,Potato,22.0
2026-04-02,Potato,22.0
2026-04-03,Potato,22.0
2026-04-04,Potato,22.0
2026-04-05,Potato,22.0
2026-04-06,Potato,22.0
2026-04-07,Potato,22.0
2026-04-08,Potato,22.0
2026-04-09,Potato,22.0
2026-04-10,Potato,22.0
2026-04-11,Potato,22.0
2026-04-12,Potato,22.0
2026-04-13,Potato,22.0
2026-04-14,Potato,22.0
2026-04-15,Potato,22.0
2026-04-16,Potato,22.0
2026-04-17,Potato,22.0
2026-04-18,Potato,22.0
2026-04-19,Potato,22.0
2026-04-20,Potato,22.0
2026-04-21,Potato,22.0
2026-04-22,Potato,22.0
2026-04-23,Potato,22.0
2026-04-24,Potato,22.0
2026-04-25,Potato,22.0
2026-04-26,Potato,22.0
2026-04-27,Potato,22.0
2026-04-28,Potato,22.0
2026-04-29,Potato,22.0
2026-04-30,Potato,22.0
2026-05-01,Potato,22.0
2026-05-02,Potato,22.0
2026-05-03,Potato,22.0
2026-05-04,Potato,22.0
2026-05-05,Potato,22.0
2026-05-06,Potato,22.0
2026-05-07,Potato,22.0
2026-05-08,Potato,22.0
2026-05-09,Potato,22.0
2026-05-10,Potato,22.0
2026-05-11,Potato,22.0
2026-05-12,Potato,22.0
2026-05-13,Potato,22.0
2026-05-14,Potato,22.0
2026-05-15,Potato,22.0
2026-05-16,Potato,22.0
2026-05-17,Potato,22.0
2026-05-18,Potato,22.0
2026-05-19,Potato,22.0
2026-05-20,Potato,22.0
2026-05-21,Potato,22.0
2026-05-22,Potato,22.0
2026-05-23,Potato,22.0
2026-05-24,Potato,22.0
2026-05-25,Potato,22.0
2026-05-26,Potato,22.0
2026-05-27,Potato,22.0
2026-05-28,Potato,22.0
2026-05-29,Potato,22.0
2026-05-30,Potato,22.0
2026-05-31,Potato,22.0
2026-06-01,Potato,22.0
2026-06-02,Potato,22.0
2026-06-03,Potato,22.0
2026-06-04,Potato,22.0
2026-06-05,Potato,22.0
2026-06-06,Potato,22.0
2026-06-07,Potato,22.0
2026-06-08,Potato,22.0
2026-06-09,Potato,22.0
2026-06-10,Potato,22.0
2026-06-11,Potato,22.0
2026-06-12,Potato,22.0
2026-06-13,Potato,22.0
2026-06-14,Potato,22.0
2026-06-15,Potato,22.0
2026-06-16,Potato,22.0
2026-06-17,Potato,22.0
2026-06-18,Potato,22.0
2026-06-19,Potato,22.0
2026-06-20,Potato,22.0
2026-06-21,Potato,22.0
2026-06-22,Potato,27.0
2026-06-23,Potato,27.0
2026-06-24,Potato,27.0
2026-06-25,Potato,27.0
2026-06-26,Potato,27.0
2026-06-27,Potato,27.0
2026-06-28,Potato,27.0
2026-06-29,Potato,27.0
2026-06-30,Potato,27.0
2026-07-01,Potato,27.0
2026-07-02,Potato,27.0
2026-07-03,Potato,27.0
2026-07-04,Potato,27.0
2026-07-05,Potato,27.0
2026-07-06,Potato,27.0
2026-07-07,Potato,27.0
2026-07-08,Potato,27.0
2026-07-09,Potato,27.0
2026-07-10,Potato,27.0
2026-07-11,Potato,27.0
2026-07-12,Potato,27.0
2026-07-13,Potato,27.0
2026-07-14,Potato,27.0
2026-07-15,Potato,27.0
2026-07-16,Potato,27.0
2026-07-17,Potato,27.0
2026-07-18,Potato,27.0
2026-07-19,Potato,27.0
2026-07-20,Potato,27.0
2026-07-21,Potato,27.0
2026-07-22,Potato,27.0
2026-07-23,Potato,27.0
2026-07-24,Potato,27.0
2026-07-25,Potato,27.0
2026-07-26,Potato,27.0
2026-07-27,Potato,27.0
2026-07-28,Potato,27.0
2026-07-29,Potato,27.0
2026-07-30,Potato,27.0
2026-07-31,Potato,27.0
2021-05-17,Soybean Oil,120.0
2021-05-18,Soybean Oil,120.0
2021-05-19,Soybean Oil,121.0
2021-05-20,Soybean Oil,122.0
2021-05-21,Soybean Oil,122.0
2021-05-22,Soybean Oil,122.0
2021-05-23,Soybean Oil,123.0
2021-05-24,Soybean Oil,125.0
2021-05-25,Soybean Oil,125.0
2021-05-26,Soybean Oil,127.0
2021-05-27,Soybean Oil,127.0
2021-05-28,Soybean Oil,127.0
2021-05-29,Soybean Oil,127.0
2021-05-30,Soybean Oil,127.0
2021-05-31,Soybean Oil,127.0
2021-06-01,Soybean Oil,127.0
2021-06-02,Soybean Oil,127.0
2021-06-03,Soybean Oil,127.0
2021-06-04,Soybean Oil,127.0
2021-06-05,Soybean Oil,127.0
2021-06-06,Soybean Oil,127.0
2021-06-07,Soybean Oil,127.0
2021-06-08,Soybean Oil,127.0
2021-06-09,Soybean Oil,127.0
2021-06-10,Soybean Oil,127.0
2021-06-11,Soybean Oil,127.0
2021-06-12,Soybean Oil,127.0
2021-06-13,Soybean Oil,127.0
2021-06-14,Soybean Oil,127.0
2021-06-15,Soybean Oil,125.0
2021-06-16,Soybean Oil,125.0
2021-06-17,Soybean Oil,125.0
2021-06-18,Soybean Oil,125.0
2021-06-19,Soybean Oil,124.0
2021-06-20,Soybean Oil,123.0
2021-06-21,Soybean Oil,122.0
2021-06-22,Soybean Oil,122.0
2021-06-23,Soybean Oil,121.0
2021-06-24,Soybean Oil,121.0
2021-06-25,Soybean Oil,120.0
2021-06-26,Soybean Oil,120.0
2021-06-27,Soybean Oil,120.0
2021-06-28,Soybean Oil,120.0
2021-06-29,Soybean Oil,120.0
2021-06-30,Soybean Oil,120.0
2021-07-01,Soybean Oil,118.0
2021-07-02,Soybean Oil,118.0
2021-07-03,Soybean Oil,118.0
2021-07-04,Soybean Oil,118.0
2021-07-05,Soybean Oil,117.0
2021-07-06,Soybean Oil,117.0
2021-07-07,Soybean Oil,117.0
2021-07-08,Soybean Oil,117.0
2021-07-09,Soybean Oil,117.0
2021-07-10,Soybean Oil,117.0
2021-07-11,Soybean Oil,117.0
2021-07-12,Soybean Oil,117.0
2021-07-13,Soybean Oil,117.0
2021-07-14,Soybean Oil,117.0
2021-07-15,Soybean Oil,117.0
2021-07-16,Soybean Oil,117.0
2021-07-17,Soybean Oil,117.0
2021-07-18,Soybean Oil,117.0
2021-07-19,Soybean Oil,117.0
2021-07-20,Soybean Oil,117.0
2021-07-21,Soybean Oil,117.0
2021-07-22,Soybean Oil,117.0
2021-07-23,Soybean Oil,117.0
2021-07-24,Soybean Oil,117.0
2021-07-25,Soybean Oil,117.0
2021-07-26,Soybean Oil,118.0
2021-07-27,Soybean Oil,120.0
2021-07-28,Soybean Oil,122.0
2021-07-29,Soybean Oil,122.0
2021-07-30,Soybean Oil,122.0
2021-07-31,Soybean Oil,122.0
2021-08-01,Soybean Oil,122.0
2021-08-02,Soybean Oil,122.0
2021-08-03,Soybean Oil,122.0
2021-08-04,Soybean Oil,122.0
2021-08-05,Soybean Oil,122.0
2021-08-06,Soybean Oil,122.0
2021-08-07,Soybean Oil,122.0
2021-08-08,Soybean Oil,122.0
2021-08-09,Soybean Oil,123.0
2021-08-10,Soybean Oil,123.0
2021-08-11,Soybean Oil,123.0
2021-08-12,Soybean Oil,123.0
2021-08-13,Soybean Oil,123.0
2021-08-14,Soybean Oil,123.0
2021-08-15,Soybean Oil,123.0
2021-08-16,Soybean Oil,123.0
2021-08-17,Soybean Oil,123.0
2021-08-18,Soybean Oil,123.0
2021-08-19,Soybean Oil,123.0
2021-08-20,Soybean Oil,125.0
2021-08-21,Soybean Oil,125.0
2021-08-22,Soybean Oil,125.0
2021-08-23,Soybean Oil,125.0
2021-08-24,Soybean Oil,125.0
2021-08-25,Soybean Oil,125.0
2021-08-26,Soybean Oil,125.0
2021-08-27,Soybean Oil,125.0
2021-08-28,Soybean Oil,125.0
2021-08-29,Soybean Oil,127.0
2021-08-30,Soybean Oil,127.0
2021-08-31,Soybean Oil,127.0
2021-09-01,Soybean Oil,127.0
2021-09-02,Soybean Oil,127.0
2021-09-03,Soybean Oil,127.0
2021-09-04,Soybean Oil,127.0
2021-09-05,Soybean Oil,127.0
2021-09-06,Soybean Oil,127.0
2021-09-07,Soybean Oil,130.0
2021-09-08,Soybean Oil,130.0
2021-09-09,Soybean Oil,130.0
2021-09-10,Soybean Oil,132.0
2021-09-11,Soybean Oil,132.0
2021-09-12,Soybean Oil,132.0
2021-09-13,Soybean Oil,132.0
2021-09-14,Soybean Oil,132.0
2021-09-15,Soybean Oil,132.0
2021-09-16,Soybean Oil,132.0
2021-09-17,Soybean Oil,132.0
2021-09-18,Soybean Oil,132.0
2021-09-19,Soybean Oil,132.0
2021-09-20,Soybean Oil,132.0
2021-09-21,Soybean Oil,132.0
2021-09-22,Soybean Oil,132.0
2021-09-23,Soybean Oil,132.0
2021-09-24,Soybean Oil,132.0
2021-09-25,Soybean Oil,132.0
2021-09-26,Soybean Oil,132.0
2021-09-27,Soybean Oil,132.0
2021-09-28,Soybean Oil,132.0
2021-09-29,Soybean Oil,132.0
2021-09-30,Soybean Oil,132.0
2021-10-01,Soybean Oil,132.0
2021-10-02,Soybean Oil,133.0
2021-10-03,Soybean Oil,133.0
2021-10-04,Soybean Oil,133.0
2021-10-05,Soybean Oil,133.0
2021-10-06,Soybean Oil,133.0
2021-10-07,Soybean Oil,133.0
2021-10-08,Soybean Oil,135.0
2021-10-09,Soybean Oil,135.0
2021-10-10,Soybean Oil,137.0
2021-10-11,Soybean Oil,137.0
2021-10-12,Soybean Oil,137.0
2021-10-13,Soybean Oil,137.0
2021-10-14,Soybean Oil,137.0
2021-10-15,Soybean Oil,137.0
2021-10-16,Soybean Oil,137.0
2021-10-17,Soybean Oil,137.0
2021-10-18,Soybean Oil,135.0
2021-10-19,Soybean Oil,132.0
2021-10-20,Soybean Oil,135.0
2021-10-21,Soybean Oil,139.0
2021-10-22,Soybean Oil,142.0
2021-10-23,Soybean Oil,142.0
2021-10-24,Soybean Oil,142.0
2021-10-25,Soybean Oil,141.0
2021-10-26,Soybean Oil,142.0
2021-10-27,Soybean Oil,142.0
2021-10-28,Soybean Oil,142.0
2021-10-29,Soybean Oil,142.0
2021-10-30,Soybean Oil,142.0
2021-10-31,Soybean Oil,142.0
2021-11-01,Soybean Oil,142.0
2021-11-02,Soybean Oil,142.0
2021-11-03,Soybean Oil,142.0
2021-11-04,Soybean Oil,142.0
2021-11-05,Soybean Oil,142.0
2021-11-06,Soybean Oil,142.0
2021-11-07,Soybean Oil,142.0
2021-11-08,Soybean Oil,142.0
2021-11-09,Soybean Oil,142.0
2021-11-10,Soybean Oil,142.0
2021-11-11,Soybean Oil,142.0
2021-11-12,Soybean Oil,142.0
2021-11-13,Soybean Oil,142.0
2021-11-14,Soybean Oil,142.0
2021-11-15,Soybean Oil,142.0
2021-11-16,Soybean Oil,142.0
2021-11-17,Soybean Oil,142.0
2021-11-18,Soybean Oil,142.0
2021-11-19,Soybean Oil,142.0
2021-11-20,Soybean Oil,142.0
2021-11-21,Soybean Oil,142.0
2021-11-22,Soybean Oil,142.0
2021-11-23,Soybean Oil,142.0
2021-11-24,Soybean Oil,142.0
2021-11-25,Soybean Oil,142.0
2021-11-26,Soybean Oil,142.0
2021-11-27,Soybean Oil,142.0
2021-11-28,Soybean Oil,142.0
2021-11-29,Soybean Oil,142.0
2021-11-30,Soybean Oil,142.0
2021-12-01,Soybean Oil,142.0
2021-12-02,Soybean Oil,142.0
2021-12-03,Soybean Oil,142.0
2021-12-04,Soybean Oil,142.0
2021-12-05,Soybean Oil,142.0
2021-12-06,Soybean Oil,142.0
2021-12-07,Soybean Oil,142.0
2021-12-08,Soybean Oil,141.0
2021-12-09,Soybean Oil,141.0
2021-12-10,Soybean Oil,141.0
2021-12-11,Soybean Oil,141.0
2021-12-12,Soybean Oil,141.0
2021-12-13,Soybean Oil,141.0
2021-12-14,Soybean Oil,141.0
2021-12-15,Soybean Oil,141.0
2021-12-16,Soybean Oil,141.0
2021-12-17,Soybean Oil,141.0
2021-12-18,Soybean Oil,142.0
2021-12-19,Soybean Oil,142.0
2021-12-20,Soybean Oil,142.0
2021-12-21,Soybean Oil,142.0
2021-12-22,Soybean Oil,142.0
2021-12-23,Soybean Oil,142.0
2021-12-24,Soybean Oil,142.0
2021-12-25,Soybean Oil,142.0
2021-12-26,Soybean Oil,142.0
2021-12-27,Soybean Oil,142.0
2021-12-28,Soybean Oil,140.0
2021-12-29,Soybean Oil,139.0
2021-12-30,Soybean Oil,139.0
2021-12-31,Soybean Oil,139.0
2022-01-01,Soybean Oil,139.0
2022-01-02,Soybean Oil,139.0
2022-01-03,Soybean Oil,141.0
2022-01-04,Soybean Oil,141.0
2022-01-05,Soybean Oil,142.0
2022-01-06,Soybean Oil,142.0
2022-01-07,Soybean Oil,142.0
2022-01-08,Soybean Oil,142.0
2022-01-09,Soybean Oil,142.0
2022-01-10,Soybean Oil,142.0
2022-01-11,Soybean Oil,142.0
2022-01-12,Soybean Oil,142.0
2022-01-13,Soybean Oil,142.0
2022-01-14,Soybean Oil,145.0
2022-01-15,Soybean Oil,146.0
2022-01-16,Soybean Oil,146.0
2022-01-17,Soybean Oil,146.0
2022-01-18,Soybean Oil,146.0
2022-01-19,Soybean Oil,147.0
2022-01-20,Soybean Oil,147.0
2022-01-21,Soybean Oil,147.0
2022-01-22,Soybean Oil,147.0
2022-01-23,Soybean Oil,147.0
2022-01-24,Soybean Oil,147.0
2022-01-25,Soybean Oil,147.0
2022-01-26,Soybean Oil,147.0
2022-01-27,Soybean Oil,147.0
2022-01-28,Soybean Oil,147.0
2022-01-29,Soybean Oil,147.0
2022-01-30,Soybean Oil,147.0
2022-01-31,Soybean Oil,147.0
2022-02-01,Soybean Oil,147.0
2022-02-02,Soybean Oil,147.0
2022-02-03,Soybean Oil,147.0
2022-02-04,Soybean Oil,147.0
2022-02-05,Soybean Oil,147.0
2022-02-06,Soybean Oil,147.0
2022-02-07,Soybean Oil,147.0
2022-02-08,Soybean Oil,147.0
2022-02-09,Soybean Oil,148.0
2022-02-10,Soybean Oil,149.0
2022-02-11,Soybean Oil,149.0
2022-02-12,Soybean Oil,151.0
2022-02-13,Soybean Oil,152.0
2022-02-14,Soybean Oil,153.0
2022-02-15,Soybean Oil,153.0
2022-02-16,Soybean Oil,156.0
2022-02-17,Soybean Oil,158.0
2022-02-18,Soybean Oil,160.0
2022-02-19,Soybean Oil,160.0
2022-02-20,Soybean Oil,160.0
2022-02-21,Soybean Oil,160.0
2022-02-22,Soybean Oil,160.0
2022-02-23,Soybean Oil,163.0
2022-02-24,Soybean Oil,163.0
2022-02-25,Soybean Oil,163.0
2022-02-26,Soybean Oil,163.0
2022-02-27,Soybean Oil,163.0
2022-02-28,Soybean Oil,165.0
2022-03-01,Soybean Oil,165.0
2022-03-02,Soybean Oil,165.0
2022-03-03,Soybean Oil,166.0
2022-03-04,Soybean Oil,166.0
2022-03-05,Soybean Oil,166.0
2022-03-06,Soybean Oil,166.0
2022-03-07,Soybean Oil,166.0
2022-03-08,Soybean Oil,166.0
2022-03-09,Soybean Oil,166.0
2022-03-10,Soybean Oil,166.0
2022-03-11,Soybean Oil,166.0
2022-03-12,Soybean Oil,166.0
2022-03-13,Soybean Oil,166.0
2022-03-14,Soybean Oil,166.0
2022-03-15,Soybean Oil,166.0
2022-03-16,Soybean Oil,166.0
2022-03-17,Soybean Oil,166.0
2022-03-18,Soybean Oil,165.0
2022-03-19,Soybean Oil,165.0
2022-03-20,Soybean Oil,165.0
2022-03-21,Soybean Oil,164.0
2022-03-22,Soybean Oil,163.0
2022-03-23,Soybean Oil,162.0
2022-03-24,Soybean Oil,161.0
2022-03-25,Soybean Oil,160.0
2022-03-26,Soybean Oil,159.0
2022-03-27,Soybean Oil,158.0
2022-03-28,Soybean Oil,157.0
2022-03-29,Soybean Oil,156.0
2022-03-30,Soybean Oil,155.0
2022-03-31,Soybean Oil,154.0
2022-04-01,Soybean Oil,153.0
2022-04-02,Soybean Oil,152.0
2022-04-03,Soybean Oil,152.0
2022-04-04,Soybean Oil,152.0
2022-04-05,Soybean Oil,152.0
2022-04-06,Soybean Oil,152.0
2022-04-07,Soybean Oil,152.0
2022-04-08,Soybean Oil,152.0
2022-04-09,Soybean Oil,152.0
2022-04-10,Soybean Oil,152.0
2022-04-11,Soybean Oil,152.0
2022-04-12,Soybean Oil,152.0
2022-04-13,Soybean Oil,151.0
2022-04-14,Soybean Oil,153.0
2022-04-15,Soybean Oil,155.0
2022-04-16,Soybean Oil,157.0
2022-04-17,Soybean Oil,156.75
2022-04-18,Soybean Oil,156.5
2022-04-19,Soybean Oil,156.25
2022-04-20,Soybean Oil,156.0
2022-04-21,Soybean Oil,156.75
2022-04-22,Soybean Oil,157.0
2022-04-23,Soybean Oil,161.0
2022-04-24,Soybean Oil,166.0
2022-04-25,Soybean Oil,168.0
2022-04-26,Soybean Oil,170.0
2022-04-27,Soybean Oil,170.9
2022-04-28,Soybean Oil,171.8
2022-04-29,Soybean Oil,172.7
2022-04-30,Soybean Oil,173.6
2022-05-01,Soybean Oil,174.5
2022-05-02,Soybean Oil,175.4
2022-05-03,Soybean Oil,176.3
2022-05-04,Soybean Oil,177.2
2022-05-05,Soybean Oil,178.1
2022-05-06,Soybean Oil,179.0
2022-05-07,Soybean Oil,179.7
2022-05-08,Soybean Oil,180.4
2022-05-09,Soybean Oil,181.1
2022-05-10,Soybean Oil,181.8
2022-05-11,Soybean Oil,182.5
2022-05-12,Soybean Oil,183.2
2022-05-13,Soybean Oil,183.9
2022-05-14,Soybean Oil,184.6
2022-05-15,Soybean Oil,185.3
2022-05-16,Soybean Oil,186.0
2022-05-17,Soybean Oil,186.0
2022-05-18,Soybean Oil,186.0
2022-05-19,Soybean Oil,186.0
2022-05-20,Soybean Oil,186.0
2022-05-21,Soybean Oil,186.0
2022-05-22,Soybean Oil,186.0
2022-05-23,Soybean Oil,186.0
2022-05-24,Soybean Oil,186.0
2022-05-25,Soybean Oil,186.0
2022-05-26,Soybean Oil,186.0
2022-05-27,Soybean Oil,186.0
2022-05-28,Soybean Oil,186.0
2022-05-29,Soybean Oil,186.0
2022-05-30,Soybean Oil,186.0
2022-05-31,Soybean Oil,186.0
2022-06-01,Soybean Oil,186.0
2022-06-02,Soybean Oil,186.0
2022-06-03,Soybean Oil,186.0
2022-06-04,Soybean Oil,186.0
2022-06-05,Soybean Oil,184.0
2022-06-06,Soybean Oil,184.3333
2022-06-07,Soybean Oil,184.6667
2022-06-08,Soybean Oil,185.0
2022-06-09,Soybean Oil,185.3333
2022-06-10,Soybean Oil,185.6667
2022-06-11,Soybean Oil,186.0
2022-06-12,Soybean Oil,186.4
2022-06-13,Soybean Oil,186.8
2022-06-14,Soybean Oil,187.2
2022-06-15,Soybean Oil,187.6
2022-06-16,Soybean Oil,188.0
2022-06-17,Soybean Oil,187.6
2022-06-18,Soybean Oil,187.2
2022-06-19,Soybean Oil,186.8
2022-06-20,Soybean Oil,186.4
2022-06-21,Soybean Oil,186.0
2022-06-22,Soybean Oil,185.6
2022-06-23,Soybean Oil,185.0
2022-06-24,Soybean Oil,184.8
2022-06-25,Soybean Oil,184.4
2022-06-26,Soybean Oil,184.0
2022-06-27,Soybean Oil,184.0
2022-06-28,Soybean Oil,184.0
2022-06-29,Soybean Oil,184.0
2022-06-30,Soybean Oil,184.0
2022-07-01,Soybean Oil,184.0
2022-07-02,Soybean Oil,184.0
2022-07-03,Soybean Oil,183.2222
2022-07-04,Soybean Oil,182.4444
2022-07-05,Soybean Oil,181.6667
2022-07-06,Soybean Oil,180.8889
2022-07-07,Soybean Oil,180.1111
2022-07-08,Soybean Oil,179.3333
2022-07-09,Soybean Oil,178.5556
2022-07-10,Soybean Oil,177.7778
2022-07-11,Soybean Oil,177.0
2022-07-12,Soybean Oil,176.2222
2022-07-13,Soybean Oil,175.4444
2022-07-14,Soybean Oil,174.6667
2022-07-15,Soybean Oil,173.8889
2022-07-16,Soybean Oil,173.1111
2022-07-17,Soybean Oil,172.3333
2022-07-18,Soybean Oil,172.0
2022-07-19,Soybean Oil,172.0
2022-07-20,Soybean Oil,172.0
2022-07-21,Soybean Oil,172.0
2022-07-22,Soybean Oil,172.0
2022-07-23,Soybean Oil,172.0
2022-07-24,Soybean Oil,172.0
2022-07-25,Soybean Oil,172.0
2022-07-26,Soybean Oil,172.0
2022-07-27,Soybean Oil,172.0
2022-07-28,Soybean Oil,172.0
2022-07-29,Soybean Oil,172.0
2022-07-30,Soybean Oil,172.0
2022-07-31,Soybean Oil,172.0
2022-08-01,Soybean Oil,172.0
2022-08-02,Soybean Oil,172.0
2022-08-03,Soybean Oil,172.0
2022-08-04,Soybean Oil,172.0
2022-08-05,Soybean Oil,172.0
2022-08-06,Soybean Oil,172.0
2022-08-07,Soybean Oil,172.0
2022-08-08,Soybean Oil,172.0
2022-08-09,Soybean Oil,172.0
2022-08-10,Soybean Oil,172.1538
2022-08-11,Soybean Oil,172.3077
2022-08-12,Soybean Oil,172.4615
2022-08-13,Soybean Oil,172.6154
2022-08-14,Soybean Oil,172.7692
2022-08-15,Soybean Oil,172.9231
2022-08-16,Soybean Oil,173.0769
2022-08-17,Soybean Oil,173.2308
2022-08-18,Soybean Oil,173.3846
2022-08-19,Soybean Oil,173.5385
2022-08-20,Soybean Oil,173.6923
2022-08-21,Soybean Oil,173.8462
2022-08-22,Soybean Oil,174.0
2022-08-23,Soybean Oil,174.0
2022-08-24,Soybean Oil,174.0
2022-08-25,Soybean Oil,174.0
2022-08-26,Soybean Oil,174.0
2022-08-27,Soybean Oil,174.0
2022-08-28,Soybean Oil,175.0
2022-08-29,Soybean Oil,175.0
2022-08-30,Soybean Oil,175.0
2022-08-31,Soybean Oil,175.0
2022-09-01,Soybean Oil,175.0
2022-09-02,Soybean Oil,175.0
2022-09-03,Soybean Oil,175.0
2022-09-04,Soybean Oil,175.0
2022-09-05,Soybean Oil,175.0
2022-09-06,Soybean Oil,175.0
2022-09-07,Soybean Oil,175.0
2022-09-08,Soybean Oil,175.0
2022-09-09,Soybean Oil,175.0
2022-09-10,Soybean Oil,175.0
2022-09-11,Soybean Oil,175.0
2022-09-12,Soybean Oil,175.0
2022-09-13,Soybean Oil,175.0
2022-09-14,Soybean Oil,175.0
2022-09-15,Soybean Oil,175.0
2022-09-16,Soybean Oil,175.0
2022-09-17,Soybean Oil,175.0
2022-09-18,Soybean Oil,175.0
2022-09-19,Soybean Oil,175.0
2022-09-20,Soybean Oil,175.0
2022-09-21,Soybean Oil,175.0
2022-09-22,Soybean Oil,175.0
2022-09-23,Soybean Oil,175.0
2022-09-24,Soybean Oil,175.0
2022-09-25,Soybean Oil,175.0
2022-09-26,Soybean Oil,175.0
2022-09-27,Soybean Oil,175.0
2022-09-28,Soybean Oil,175.0
2022-09-29,Soybean Oil,175.0
2022-09-30,Soybean Oil,175.0
2022-10-01,Soybean Oil,175.0
2022-10-02,Soybean Oil,175.0
2022-10-03,Soybean Oil,175.0
2022-10-04,Soybean Oil,175.0
2022-10-05,Soybean Oil,175.0
2022-10-06,Soybean Oil,175.0
2022-10-07,Soybean Oil,175.0
2022-10-08,Soybean Oil,175.0
2022-10-09,Soybean Oil,175.0
2022-10-10,Soybean Oil,175.0
2022-10-11,Soybean Oil,175.0
2022-10-12,Soybean Oil,175.0
2022-10-13,Soybean Oil,175.0
2022-10-14,Soybean Oil,175.0
2022-10-15,Soybean Oil,175.0
2022-10-16,Soybean Oil,175.0
2022-10-17,Soybean Oil,175.0
2022-10-18,Soybean Oil,176.0
2022-10-19,Soybean Oil,176.0
2022-10-20,Soybean Oil,176.0
2022-10-21,Soybean Oil,176.0
2022-10-22,Soybean Oil,176.0
2022-10-23,Soybean Oil,176.0
2022-10-24,Soybean Oil,176.0
2022-10-25,Soybean Oil,176.0
2022-10-26,Soybean Oil,176.0
2022-10-27,Soybean Oil,176.0
2022-10-28,Soybean Oil,176.05
2022-10-29,Soybean Oil,176.1
2022-10-30,Soybean Oil,176.15
2022-10-31,Soybean Oil,176.2
2022-11-01,Soybean Oil,176.25
2022-11-02,Soybean Oil,176.3
2022-11-03,Soybean Oil,176.35
2022-11-04,Soybean Oil,176.4
2022-11-05,Soybean Oil,176.45
2022-11-06,Soybean Oil,176.5
2022-11-07,Soybean Oil,176.55
2022-11-08,Soybean Oil,176.6
2022-11-09,Soybean Oil,176.65
2022-11-10,Soybean Oil,176.7
2022-11-11,Soybean Oil,176.75
2022-11-12,Soybean Oil,176.8
2022-11-13,Soybean Oil,176.85
2022-11-14,Soybean Oil,176.9
2022-11-15,Soybean Oil,176.95
2022-11-16,Soybean Oil,177.0
2022-11-17,Soybean Oil,177.0
2022-11-18,Soybean Oil,177.0
2022-11-19,Soybean Oil,177.0
2022-11-20,Soybean Oil,177.0
2022-11-21,Soybean Oil,177.0
2022-11-22,Soybean Oil,177.0
2022-11-23,Soybean Oil,177.0
2022-11-24,Soybean Oil,177.0
2022-11-25,Soybean Oil,176.0
2022-11-26,Soybean Oil,176.0
2022-11-27,Soybean Oil,176.0
2022-11-28,Soybean Oil,176.0
2022-11-29,Soybean Oil,176.0
2022-11-30,Soybean Oil,176.0
2022-12-01,Soybean Oil,176.0
2022-12-02,Soybean Oil,176.0
2022-12-03,Soybean Oil,176.0
2022-12-04,Soybean Oil,176.3333
2022-12-05,Soybean Oil,176.6667
2022-12-06,Soybean Oil,177.0
2022-12-07,Soybean Oil,177.0
2022-12-08,Soybean Oil,177.0
2022-12-09,Soybean Oil,177.0
2022-12-10,Soybean Oil,177.0
2022-12-11,Soybean Oil,177.0
2022-12-12,Soybean Oil,177.0
2022-12-13,Soybean Oil,176.0
2022-12-14,Soybean Oil,176.0
2022-12-15,Soybean Oil,177.0
2022-12-16,Soybean Oil,177.0
2022-12-17,Soybean Oil,177.0
2022-12-18,Soybean Oil,176.7333
2022-12-19,Soybean Oil,176.4667
2022-12-20,Soybean Oil,176.2
2022-12-21,Soybean Oil,175.9333
2022-12-22,Soybean Oil,175.6667
2022-12-23,Soybean Oil,175.4
2022-12-24,Soybean Oil,175.1333
2022-12-25,Soybean Oil,174.8667
2022-12-26,Soybean Oil,174.6
2022-12-27,Soybean Oil,174.6
2022-12-28,Soybean Oil,174.3333
2022-12-29,Soybean Oil,174.0667
2022-12-30,Soybean Oil,173.8
2022-12-31,Soybean Oil,173.5333
2023-01-01,Soybean Oil,173.2667
2023-01-02,Soybean Oil,173.0
2023-01-03,Soybean Oil,173.0
2023-01-04,Soybean Oil,173.0
2023-01-05,Soybean Oil,173.0
2023-01-06,Soybean Oil,173.0
2023-01-07,Soybean Oil,173.0
2023-01-08,Soybean Oil,173.0
2023-01-09,Soybean Oil,173.0
2023-01-10,Soybean Oil,173.0
2023-01-11,Soybean Oil,172.0
2023-01-12,Soybean Oil,172.0
2023-01-13,Soybean Oil,172.0
2023-01-14,Soybean Oil,172.0
2023-01-15,Soybean Oil,169.0
2023-01-16,Soybean Oil,169.0
2023-01-17,Soybean Oil,169.0
2023-01-18,Soybean Oil,169.0
2023-01-19,Soybean Oil,169.0
2023-01-20,Soybean Oil,169.0
2023-01-21,Soybean Oil,169.0
2023-01-22,Soybean Oil,169.0
2023-01-23,Soybean Oil,169.0
2023-01-24,Soybean Oil,169.0
2023-01-25,Soybean Oil,169.0
2023-01-26,Soybean Oil,169.0
2023-01-27,Soybean Oil,169.0
2023-01-28,Soybean Oil,169.0
2023-01-29,Soybean Oil,169.0
2023-01-30,Soybean Oil,169.0
2023-01-31,Soybean Oil,169.0
2023-02-01,Soybean Oil,169.0
2023-02-02,Soybean Oil,169.0
2023-02-03,Soybean Oil,169.0
2023-02-04,Soybean Oil,169.0
2023-02-05,Soybean Oil,170.0
2023-02-06,Soybean Oil,170.0
2023-02-07,Soybean Oil,170.0
2023-02-08,Soybean Oil,170.0
2023-02-09,Soybean Oil,170.0
2023-02-10,Soybean Oil,170.0
2023-02-11,Soybean Oil,170.0
2023-02-12,Soybean Oil,170.0
2023-02-13,Soybean Oil,170.0
2023-02-14,Soybean Oil,170.0
2023-02-15,Soybean Oil,170.0
2023-02-16,Soybean Oil,170.0
2023-02-17,Soybean Oil,170.0
2023-02-18,Soybean Oil,170.0
2023-02-19,Soybean Oil,170.0
2023-02-20,Soybean Oil,170.0
2023-02-21,Soybean Oil,170.0
2023-02-22,Soybean Oil,170.0
2023-02-23,Soybean Oil,170.0
2023-02-24,Soybean Oil,170.0
2023-02-25,Soybean Oil,170.0
2023-02-26,Soybean Oil,170.0
2023-02-27,Soybean Oil,170.0
2023-02-28,Soybean Oil,170.0
2023-03-01,Soybean Oil,170.0
2023-03-02,Soybean Oil,170.0
2023-03-03,Soybean Oil,170.0
2023-03-04,Soybean Oil,170.0
2023-03-05,Soybean Oil,170.0
2023-03-06,Soybean Oil,170.0
2023-03-07,Soybean Oil,170.0
2023-03-08,Soybean Oil,170.0
2023-03-09,Soybean Oil,170.0
2023-03-10,Soybean Oil,170.0
2023-03-11,Soybean Oil,170.0
2023-03-12,Soybean Oil,170.0
2023-03-13,Soybean Oil,170.0
2023-03-14,Soybean Oil,170.0
2023-03-15,Soybean Oil,170.0
2023-03-16,Soybean Oil,170.0
2023-03-17,Soybean Oil,170.0
2023-03-18,Soybean Oil,170.0
2023-03-19,Soybean Oil,170.0
2023-03-20,Soybean Oil,170.0
2023-03-21,Soybean Oil,170.0
2023-03-22,Soybean Oil,170.0
2023-03-23,Soybean Oil,170.0
2023-03-24,Soybean Oil,171.0
2023-03-25,Soybean Oil,171.0
2023-03-26,Soybean Oil,171.0
2023-03-27,Soybean Oil,171.0
2023-03-28,Soybean Oil,171.0
2023-03-29,Soybean Oil,171.0
2023-03-30,Soybean Oil,171.0
2023-03-31,Soybean Oil,171.0
2023-04-01,Soybean Oil,171.0
2023-04-02,Soybean Oil,171.0
2023-04-03,Soybean Oil,171.0
2023-04-04,Soybean Oil,171.0
2023-04-05,Soybean Oil,171.0
2023-04-06,Soybean Oil,171.0
2023-04-07,Soybean Oil,171.0
2023-04-08,Soybean Oil,171.0
2023-04-09,Soybean Oil,171.0
2023-04-10,Soybean Oil,171.0
2023-04-11,Soybean Oil,171.0
2023-04-12,Soybean Oil,171.0
2023-04-13,Soybean Oil,171.0
2023-04-14,Soybean Oil,171.0
2023-04-15,Soybean Oil,171.0
2023-04-16,Soybean Oil,171.0
2023-04-17,Soybean Oil,171.0
2023-04-18,Soybean Oil,171.0
2023-04-19,Soybean Oil,171.0
2023-04-20,Soybean Oil,171.0
2023-04-21,Soybean Oil,171.0
2023-04-22,Soybean Oil,171.0
2023-04-23,Soybean Oil,171.0
2023-04-24,Soybean Oil,171.0
2023-04-25,Soybean Oil,171.0
2023-04-26,Soybean Oil,171.0
2023-04-27,Soybean Oil,171.0
2023-04-28,Soybean Oil,171.0
2023-04-29,Soybean Oil,171.0
2023-04-30,Soybean Oil,171.0
2023-05-01,Soybean Oil,171.0
2023-05-02,Soybean Oil,171.0
2023-05-03,Soybean Oil,171.0
2023-05-04,Soybean Oil,171.0
2023-05-05,Soybean Oil,171.0
2023-05-06,Soybean Oil,171.0
2023-05-07,Soybean Oil,175.0
2023-05-08,Soybean Oil,175.0
2023-05-09,Soybean Oil,178.0
2023-05-10,Soybean Oil,178.0
2023-05-11,Soybean Oil,178.0
2023-05-12,Soybean Oil,178.0
2023-05-13,Soybean Oil,178.0
2023-05-14,Soybean Oil,178.0
2023-05-15,Soybean Oil,178.0
2023-05-16,Soybean Oil,178.0
2023-05-17,Soybean Oil,178.0
2023-05-18,Soybean Oil,178.0
2023-05-19,Soybean Oil,178.0
2023-05-20,Soybean Oil,178.0
2023-05-21,Soybean Oil,178.0
2023-05-22,Soybean Oil,178.0
2023-05-23,Soybean Oil,178.0
2023-05-24,Soybean Oil,178.0
2023-05-25,Soybean Oil,178.0
2023-05-26,Soybean Oil,178.0
2023-05-27,Soybean Oil,178.0
2023-05-28,Soybean Oil,178.0
2023-05-29,Soybean Oil,178.0
2023-05-30,Soybean Oil,178.0
2023-05-31,Soybean Oil,178.0
2023-06-01,Soybean Oil,178.0
2023-06-02,Soybean Oil,178.0
2023-06-03,Soybean Oil,178.0
2023-06-04,Soybean Oil,178.0
2023-06-05,Soybean Oil,178.0
2023-06-06,Soybean Oil,178.0
2023-06-07,Soybean Oil,178.0
2023-06-08,Soybean Oil,178.0
2023-06-09,Soybean Oil,178.0
2023-06-10,Soybean Oil,178.0
2023-06-11,Soybean Oil,178.0
2023-06-12,Soybean Oil,176.0
2023-06-13,Soybean Oil,174.0
2023-06-14,Soybean Oil,174.0
2023-06-15,Soybean Oil,172.5
2023-06-16,Soybean Oil,171.0
2023-06-17,Soybean Oil,171.0
2023-06-18,Soybean Oil,171.0
2023-06-19,Soybean Oil,171.0
2023-06-20,Soybean Oil,171.0
2023-06-21,Soybean Oil,171.0
2023-06-22,Soybean Oil,171.0
2023-06-23,Soybean Oil,171.0
2023-06-24,Soybean Oil,171.0
2023-06-25,Soybean Oil,171.0
2023-06-26,Soybean Oil,171.0
2023-06-27,Soybean Oil,171.0
2023-06-28,Soybean Oil,171.0
2023-06-29,Soybean Oil,171.0
2023-06-30,Soybean Oil,171.0
2023-07-01,Soybean Oil,171.0
2023-07-02,Soybean Oil,171.0
2023-07-03,Soybean Oil,171.0
2023-07-04,Soybean Oil,171.0
2023-07-05,Soybean Oil,171.0
2023-07-06,Soybean Oil,171.0
2023-07-07,Soybean Oil,171.0
2023-07-08,Soybean Oil,171.0
2023-07-09,Soybean Oil,171.0
2023-07-10,Soybean Oil,171.0
2023-07-11,Soybean Oil,170.5
2023-07-12,Soybean Oil,170.0
2023-07-13,Soybean Oil,169.5
2023-07-14,Soybean Oil,169.0
2023-07-15,Soybean Oil,168.5
2023-07-16,Soybean Oil,168.0
2023-07-17,Soybean Oil,168.0
2023-07-18,Soybean Oil,168.0
2023-07-19,Soybean Oil,168.0
2023-07-20,Soybean Oil,168.0
2023-07-21,Soybean Oil,168.0
2023-07-22,Soybean Oil,168.0
2023-07-23,Soybean Oil,162.0
2023-07-24,Soybean Oil,162.0
2023-07-25,Soybean Oil,162.0
2023-07-26,Soybean Oil,162.0
2023-07-27,Soybean Oil,162.0
2023-07-28,Soybean Oil,162.0
2023-07-29,Soybean Oil,162.0
2023-07-30,Soybean Oil,162.0
2023-07-31,Soybean Oil,162.0
2023-08-01,Soybean Oil,162.0
2023-08-02,Soybean Oil,162.0
2023-08-03,Soybean Oil,162.0
2023-08-04,Soybean Oil,162.0
2023-08-05,Soybean Oil,162.0
2023-08-06,Soybean Oil,162.0
2023-08-07,Soybean Oil,162.0
2023-08-08,Soybean Oil,162.0
2023-08-09,Soybean Oil,162.0
2023-08-10,Soybean Oil,162.0
2023-08-11,Soybean Oil,162.0
2023-08-12,Soybean Oil,162.0
2023-08-13,Soybean Oil,162.0
2023-08-14,Soybean Oil,160.75
2023-08-15,Soybean Oil,159.5
2023-08-16,Soybean Oil,158.25
2023-08-17,Soybean Oil,157.0
2023-08-18,Soybean Oil,157.0
2023-08-19,Soybean Oil,157.0
2023-08-20,Soybean Oil,157.0
2023-08-21,Soybean Oil,157.0
2023-08-22,Soybean Oil,157.0
2023-08-23,Soybean Oil,157.0
2023-08-24,Soybean Oil,157.0
2023-08-25,Soybean Oil,157.0
2023-08-26,Soybean Oil,157.0
2023-08-27,Soybean Oil,157.0
2023-08-28,Soybean Oil,157.0
2023-08-29,Soybean Oil,157.0
2023-08-30,Soybean Oil,157.0
2023-08-31,Soybean Oil,157.0
2023-09-01,Soybean Oil,157.0
2023-09-02,Soybean Oil,157.0
2023-09-03,Soybean Oil,157.0
2023-09-04,Soybean Oil,157.0
2023-09-05,Soybean Oil,157.0
2023-09-06,Soybean Oil,157.0
2023-09-07,Soybean Oil,157.0
2023-09-08,Soybean Oil,157.0
2023-09-09,Soybean Oil,157.0
2023-09-10,Soybean Oil,157.0
2023-09-11,Soybean Oil,157.0
2023-09-12,Soybean Oil,157.0
2023-09-13,Soybean Oil,157.0
2023-09-14,Soybean Oil,157.0
2023-09-15,Soybean Oil,157.0
2023-09-16,Soybean Oil,157.0
2023-09-17,Soybean Oil,157.0
2023-09-18,Soybean Oil,157.0
2023-09-19,Soybean Oil,157.0
2023-09-20,Soybean Oil,157.0
2023-09-21,Soybean Oil,157.0
2023-09-22,Soybean Oil,157.0
2023-09-23,Soybean Oil,157.0
2023-09-24,Soybean Oil,157.0
2023-09-25,Soybean Oil,157.0
2023-09-26,Soybean Oil,157.0
2023-09-27,Soybean Oil,157.0
2023-09-28,Soybean Oil,157.0
2023-09-29,Soybean Oil,157.0
2023-09-30,Soybean Oil,157.0
2023-10-01,Soybean Oil,157.0
2023-10-02,Soybean Oil,157.0
2023-10-03,Soybean Oil,157.0
2023-10-04,Soybean Oil,157.0
2023-10-05,Soybean Oil,157.0
2023-10-06,Soybean Oil,157.0
2023-10-07,Soybean Oil,157.0
2023-10-08,Soybean Oil,157.0
2023-10-09,Soybean Oil,157.0
2023-10-10,Soybean Oil,157.0
2023-10-11,Soybean Oil,157.0
2023-10-12,Soybean Oil,157.0
2023-10-13,Soybean Oil,157.0
2023-10-14,Soybean Oil,155.3333
2023-10-15,Soybean Oil,153.6667
2023-10-16,Soybean Oil,152.0
2023-10-17,Soybean Oil,152.0
2023-10-18,Soybean Oil,152.0
2023-10-19,Soybean Oil,151.0
2023-10-20,Soybean Oil,150.0
2023-10-21,Soybean Oil,150.0
2023-10-22,Soybean Oil,150.0
2023-10-23,Soybean Oil,150.0
2023-10-24,Soybean Oil,150.0
2023-10-25,Soybean Oil,150.0
2023-10-26,Soybean Oil,147.0
2023-10-27,Soybean Oil,147.0
2023-10-28,Soybean Oil,147.0
2023-10-29,Soybean Oil,147.0
2023-10-30,Soybean Oil,147.0
2023-10-31,Soybean Oil,147.0
2023-11-01,Soybean Oil,147.0
2023-11-02,Soybean Oil,147.0
2023-11-03,Soybean Oil,147.0
2023-11-04,Soybean Oil,147.0
2023-11-05,Soybean Oil,147.0
2023-11-06,Soybean Oil,147.0
2023-11-07,Soybean Oil,147.0
2023-11-08,Soybean Oil,147.0
2023-11-09,Soybean Oil,147.0
2023-11-10,Soybean Oil,147.0
2023-11-11,Soybean Oil,147.0
2023-11-12,Soybean Oil,152.0
2023-11-13,Soybean Oil,152.0
2023-11-14,Soybean Oil,152.0
2023-11-15,Soybean Oil,152.0
2023-11-16,Soybean Oil,152.0
2023-11-17,Soybean Oil,152.0
2023-11-18,Soybean Oil,152.0
2023-11-19,Soybean Oil,152.0
2023-11-20,Soybean Oil,152.0
2023-11-21,Soybean Oil,152.0
2023-11-22,Soybean Oil,152.0
2023-11-23,Soybean Oil,152.0
2023-11-24,Soybean Oil,152.0
2023-11-25,Soybean Oil,152.0
2023-11-26,Soybean Oil,152.0
2023-11-27,Soybean Oil,152.0
2023-11-28,Soybean Oil,152.0
2023-11-29,Soybean Oil,152.0
2023-11-30,Soybean Oil,152.0
2023-12-01,Soybean Oil,152.0
2023-12-02,Soybean Oil,152.0
2023-12-03,Soybean Oil,152.0
2023-12-04,Soybean Oil,152.0
2023-12-05,Soybean Oil,152.0
2023-12-06,Soybean Oil,152.0
2023-12-07,Soybean Oil,152.0
2023-12-08,Soybean Oil,152.0
2023-12-09,Soybean Oil,152.0
2023-12-10,Soybean Oil,154.0
2023-12-11,Soybean Oil,154.0
2023-12-12,Soybean Oil,157.0
2023-12-13,Soybean Oil,157.0
2023-12-14,Soybean Oil,157.0
2023-12-15,Soybean Oil,157.0
2023-12-16,Soybean Oil,157.0
2023-12-17,Soybean Oil,157.0
2023-12-18,Soybean Oil,157.0
2023-12-19,Soybean Oil,157.0
2023-12-20,Soybean Oil,157.0
2023-12-21,Soybean Oil,157.0
2023-12-22,Soybean Oil,157.0
2023-12-23,Soybean Oil,157.0
2023-12-24,Soybean Oil,157.0
2023-12-25,Soybean Oil,157.0
2023-12-26,Soybean Oil,157.0
2023-12-27,Soybean Oil,157.0
2023-12-28,Soybean Oil,157.0
2023-12-29,Soybean Oil,157.0
2023-12-30,Soybean Oil,157.0
2023-12-31,Soybean Oil,157.0
2024-01-01,Soybean Oil,157.0
2024-01-02,Soybean Oil,157.0
2024-01-03,Soybean Oil,157.0
2024-01-04,Soybean Oil,157.0
2024-01-05,Soybean Oil,157.0
2024-01-06,Soybean Oil,157.0
2024-01-07,Soybean Oil,157.0
2024-01-08,Soybean Oil,157.0
2024-01-09,Soybean Oil,157.0
2024-01-10,Soybean Oil,157.0
2024-01-11,Soybean Oil,157.0
2024-01-12,Soybean Oil,157.0
2024-01-13,Soybean Oil,157.0
2024-01-14,Soybean Oil,157.0
2024-01-15,Soybean Oil,157.0
2024-01-16,Soybean Oil,157.0
2024-01-17,Soybean Oil,157.0
2024-01-18,Soybean Oil,157.0
2024-01-19,Soybean Oil,157.0
2024-01-20,Soybean Oil,157.0
2024-01-21,Soybean Oil,157.0
2024-01-22,Soybean Oil,157.0
2024-01-23,Soybean Oil,157.0
2024-01-24,Soybean Oil,157.0
2024-01-25,Soybean Oil,157.0
2024-01-26,Soybean Oil,157.0
2024-01-27,Soybean Oil,157.0
2024-01-28,Soybean Oil,157.0
2024-01-29,Soybean Oil,160.0
2024-01-30,Soybean Oil,160.0
2024-01-31,Soybean Oil,160.0
2024-02-01,Soybean Oil,160.0
2024-02-02,Soybean Oil,160.0
2024-02-03,Soybean Oil,160.0
2024-02-04,Soybean Oil,160.0
2024-02-05,Soybean Oil,160.0
2024-02-06,Soybean Oil,160.0
2024-02-07,Soybean Oil,160.0
2024-02-08,Soybean Oil,160.0
2024-02-09,Soybean Oil,160.0
2024-02-10,Soybean Oil,160.0
2024-02-11,Soybean Oil,160.0
2024-02-12,Soybean Oil,160.0
2024-02-13,Soybean Oil,160.0
2024-02-14,Soybean Oil,157.0
2024-02-15,Soybean Oil,157.0
2024-02-16,Soybean Oil,157.0
2024-02-17,Soybean Oil,157.0
2024-02-18,Soybean Oil,157.0
2024-02-19,Soybean Oil,157.0
2024-02-20,Soybean Oil,157.0
2024-02-21,Soybean Oil,157.0
2024-02-22,Soybean Oil,157.0
2024-02-23,Soybean Oil,156.0
2024-02-24,Soybean Oil,156.0
2024-02-25,Soybean Oil,156.0
2024-02-26,Soybean Oil,156.0
2024-02-27,Soybean Oil,156.0
2024-02-28,Soybean Oil,156.0
2024-02-29,Soybean Oil,154.5
2024-03-01,Soybean Oil,153.0
2024-03-02,Soybean Oil,153.0
2024-03-03,Soybean Oil,152.0
2024-03-04,Soybean Oil,152.0
2024-03-05,Soybean Oil,151.6667
2024-03-06,Soybean Oil,151.3333
2024-03-07,Soybean Oil,151.0
2024-03-08,Soybean Oil,151.0
2024-03-09,Soybean Oil,151.0
2024-03-10,Soybean Oil,151.0
2024-03-11,Soybean Oil,151.0
2024-03-12,Soybean Oil,151.0
2024-03-13,Soybean Oil,151.0
2024-03-14,Soybean Oil,151.0
2024-03-15,Soybean Oil,151.0
2024-03-16,Soybean Oil,151.0
2024-03-17,Soybean Oil,151.0
2024-03-18,Soybean Oil,151.0
2024-03-19,Soybean Oil,151.0
2024-03-20,Soybean Oil,151.0
2024-03-21,Soybean Oil,151.0
2024-03-22,Soybean Oil,151.0
2024-03-23,Soybean Oil,151.0
2024-03-24,Soybean Oil,151.0
2024-03-25,Soybean Oil,151.0
2024-03-26,Soybean Oil,151.0
2024-03-27,Soybean Oil,151.0
2024-03-28,Soybean Oil,151.0
2024-03-29,Soybean Oil,151.0
2024-03-30,Soybean Oil,151.0
2024-03-31,Soybean Oil,151.0
2024-04-01,Soybean Oil,151.0
2024-04-02,Soybean Oil,151.0
2024-04-03,Soybean Oil,147.0
2024-04-04,Soybean Oil,147.0
2024-04-05,Soybean Oil,147.0
2024-04-06,Soybean Oil,147.0
2024-04-07,Soybean Oil,147.0
2024-04-08,Soybean Oil,147.0
2024-04-09,Soybean Oil,147.0
2024-04-10,Soybean Oil,147.0
2024-04-11,Soybean Oil,147.0
2024-04-12,Soybean Oil,147.0
2024-04-13,Soybean Oil,147.0
2024-04-14,Soybean Oil,147.0
2024-04-15,Soybean Oil,147.0
2024-04-16,Soybean Oil,147.0
2024-04-17,Soybean Oil,152.0
2024-04-18,Soybean Oil,152.0
2024-04-19,Soybean Oil,152.0
2024-04-20,Soybean Oil,152.0
2024-04-21,Soybean Oil,152.0
2024-04-22,Soybean Oil,152.0
2024-04-23,Soybean Oil,152.0
2024-04-24,Soybean Oil,152.0
2024-04-25,Soybean Oil,151.0
2024-04-26,Soybean Oil,151.0
2024-04-27,Soybean Oil,151.0
2024-04-28,Soybean Oil,147.0
2024-04-29,Soybean Oil,150.0
2024-04-30,Soybean Oil,150.0
2024-05-01,Soybean Oil,150.0
2024-05-02,Soybean Oil,150.0
2024-05-03,Soybean Oil,150.0
2024-05-04,Soybean Oil,150.0
2024-05-05,Soybean Oil,150.0
2024-05-06,Soybean Oil,150.0
2024-05-07,Soybean Oil,150.0
2024-05-08,Soybean Oil,150.0
2024-05-09,Soybean Oil,150.0
2024-05-10,Soybean Oil,150.0
2024-05-11,Soybean Oil,150.0
2024-05-12,Soybean Oil,150.0
2024-05-13,Soybean Oil,150.0
2024-05-14,Soybean Oil,150.0
2024-05-15,Soybean Oil,150.0
2024-05-16,Soybean Oil,150.0
2024-05-17,Soybean Oil,150.0
2024-05-18,Soybean Oil,147.0
2024-05-19,Soybean Oil,147.0
2024-05-20,Soybean Oil,147.0
2024-05-21,Soybean Oil,147.0
2024-05-22,Soybean Oil,147.0
2024-05-23,Soybean Oil,147.0
2024-05-24,Soybean Oil,147.0
2024-05-25,Soybean Oil,147.0
2024-05-26,Soybean Oil,147.0
2024-05-27,Soybean Oil,147.0
2024-05-28,Soybean Oil,147.0
2024-05-29,Soybean Oil,147.0
2024-05-30,Soybean Oil,147.0
2024-05-31,Soybean Oil,147.0
2024-06-01,Soybean Oil,147.0
2024-06-02,Soybean Oil,147.0
2024-06-03,Soybean Oil,147.0
2024-06-04,Soybean Oil,147.0
2024-06-05,Soybean Oil,147.0
2024-06-06,Soybean Oil,147.0
2024-06-07,Soybean Oil,147.0
2024-06-08,Soybean Oil,147.0
2024-06-09,Soybean Oil,147.0
2024-06-10,Soybean Oil,148.0
2024-06-11,Soybean Oil,148.0
2024-06-12,Soybean Oil,148.0
2024-06-13,Soybean Oil,148.0
2024-06-14,Soybean Oil,148.0
2024-06-15,Soybean Oil,148.0
2024-06-16,Soybean Oil,148.0
2024-06-17,Soybean Oil,148.0
2024-06-18,Soybean Oil,148.0
2024-06-19,Soybean Oil,148.0
2024-06-20,Soybean Oil,148.0
2024-06-21,Soybean Oil,148.0
2024-06-22,Soybean Oil,148.0
2024-06-23,Soybean Oil,148.0
2024-06-24,Soybean Oil,148.0
2024-06-25,Soybean Oil,148.0
2024-06-26,Soybean Oil,149.3333
2024-06-27,Soybean Oil,150.0
2024-06-28,Soybean Oil,150.0
2024-06-29,Soybean Oil,150.0
2024-06-30,Soybean Oil,150.0
2024-07-01,Soybean Oil,150.0
2024-07-02,Soybean Oil,150.0
2024-07-03,Soybean Oil,150.0
2024-07-04,Soybean Oil,150.0
2024-07-05,Soybean Oil,150.0
2024-07-06,Soybean Oil,150.0
2024-07-07,Soybean Oil,150.0
2024-07-08,Soybean Oil,150.0
2024-07-09,Soybean Oil,150.0
2024-07-10,Soybean Oil,150.0
2024-07-11,Soybean Oil,150.0
2024-07-12,Soybean Oil,150.0
2024-07-13,Soybean Oil,150.0
2024-07-14,Soybean Oil,150.0
2024-07-15,Soybean Oil,150.0
2024-07-16,Soybean Oil,150.0
2024-07-17,Soybean Oil,150.0
2024-07-18,Soybean Oil,150.0
2024-07-19,Soybean Oil,150.0
2024-07-20,Soybean Oil,150.0
2024-07-21,Soybean Oil,150.0
2024-07-22,Soybean Oil,150.0
2024-07-23,Soybean Oil,150.0
2024-07-24,Soybean Oil,150.0
2024-07-25,Soybean Oil,150.0
2024-07-26,Soybean Oil,150.0
2024-07-27,Soybean Oil,150.0
2024-07-28,Soybean Oil,150.0
2024-07-29,Soybean Oil,150.0
2024-07-30,Soybean Oil,150.0
2024-07-31,Soybean Oil,150.0
2024-08-01,Soybean Oil,150.0
2024-08-02,Soybean Oil,150.0
2024-08-03,Soybean Oil,150.0
2024-08-04,Soybean Oil,150.0
2024-08-05,Soybean Oil,150.0
2024-08-06,Soybean Oil,150.0
2024-08-07,Soybean Oil,150.0
2024-08-08,Soybean Oil,150.0
2024-08-09,Soybean Oil,150.0
2024-08-10,Soybean Oil,150.0
2024-08-11,Soybean Oil,150.0
2024-08-12,Soybean Oil,150.0
2024-08-13,Soybean Oil,148.0
2024-08-14,Soybean Oil,148.0
2024-08-15,Soybean Oil,148.0
2024-08-16,Soybean Oil,148.0
2024-08-17,Soybean Oil,148.0
2024-08-18,Soybean Oil,148.0
2024-08-19,Soybean Oil,148.0
2024-08-20,Soybean Oil,148.0
2024-08-21,Soybean Oil,148.0
2024-08-22,Soybean Oil,148.0
2024-08-23,Soybean Oil,148.0
2024-08-24,Soybean Oil,148.0
2024-08-25,Soybean Oil,148.0
2024-08-26,Soybean Oil,148.0
2024-08-27,Soybean Oil,148.0
2024-08-28,Soybean Oil,148.0
2024-08-29,Soybean Oil,148.0
2024-08-30,Soybean Oil,148.0
2024-08-31,Soybean Oil,148.0
2024-09-01,Soybean Oil,148.0
2024-09-02,Soybean Oil,148.0
2024-09-03,Soybean Oil,148.0
2024-09-04,Soybean Oil,153.0
2024-09-05,Soybean Oil,153.0
2024-09-06,Soybean Oil,153.0
2024-09-07,Soybean Oil,153.0
2024-09-08,Soybean Oil,153.0
2024-09-09,Soybean Oil,153.0
2024-09-10,Soybean Oil,153.0
2024-09-11,Soybean Oil,153.0
2024-09-12,Soybean Oil,153.0
2024-09-13,Soybean Oil,153.0
2024-09-14,Soybean Oil,153.0
2024-09-15,Soybean Oil,151.0
2024-09-16,Soybean Oil,150.5
2024-09-17,Soybean Oil,150.0
2024-09-18,Soybean Oil,150.0
2024-09-19,Soybean Oil,150.0
2024-09-20,Soybean Oil,150.0
2024-09-21,Soybean Oil,150.0
2024-09-22,Soybean Oil,149.0
2024-09-23,Soybean Oil,149.0
2024-09-24,Soybean Oil,149.0
2024-09-25,Soybean Oil,149.0
2024-09-26,Soybean Oil,153.0
2024-09-27,Soybean Oil,153.0
2024-09-28,Soybean Oil,153.0
2024-09-29,Soybean Oil,153.0
2024-09-30,Soybean Oil,153.0
2024-10-01,Soybean Oil,153.0
2024-10-02,Soybean Oil,153.0
2024-10-03,Soybean Oil,153.0
2024-10-04,Soybean Oil,153.0
2024-10-05,Soybean Oil,153.0
2024-10-06,Soybean Oil,153.0
2024-10-07,Soybean Oil,153.0
2024-10-08,Soybean Oil,153.0
2024-10-09,Soybean Oil,153.0
2024-10-10,Soybean Oil,153.5
2024-10-11,Soybean Oil,154.0
2024-10-12,Soybean Oil,154.0
2024-10-13,Soybean Oil,154.0
2024-10-14,Soybean Oil,154.0
2024-10-15,Soybean Oil,154.0
2024-10-16,Soybean Oil,154.0
2024-10-17,Soybean Oil,154.0
2024-10-18,Soybean Oil,154.0
2024-10-19,Soybean Oil,154.0
2024-10-20,Soybean Oil,154.0
2024-10-21,Soybean Oil,154.0
2024-10-22,Soybean Oil,154.0
2024-10-23,Soybean Oil,154.0
2024-10-24,Soybean Oil,157.0
2024-10-25,Soybean Oil,157.0
2024-10-26,Soybean Oil,157.0
2024-10-27,Soybean Oil,157.0
2024-10-28,Soybean Oil,157.0
2024-10-29,Soybean Oil,158.0
2024-10-30,Soybean Oil,158.0
2024-10-31,Soybean Oil,159.0
2024-11-01,Soybean Oil,159.0
2024-11-02,Soybean Oil,159.0
2024-11-03,Soybean Oil,159.0
2024-11-04,Soybean Oil,159.0
2024-11-05,Soybean Oil,162.0
2024-11-06,Soybean Oil,164.0
2024-11-07,Soybean Oil,164.0
2024-11-08,Soybean Oil,164.0
2024-11-09,Soybean Oil,164.0
2024-11-10,Soybean Oil,165.0
2024-11-11,Soybean Oil,165.0
2024-11-12,Soybean Oil,166.0
2024-11-13,Soybean Oil,166.0
2024-11-14,Soybean Oil,166.0
2024-11-15,Soybean Oil,166.0
2024-11-16,Soybean Oil,166.0
2024-11-17,Soybean Oil,166.0
2024-11-18,Soybean Oil,166.0
2024-11-19,Soybean Oil,166.0
2024-11-20,Soybean Oil,166.0
2024-11-21,Soybean Oil,166.0
2024-11-22,Soybean Oil,166.0
2024-11-23,Soybean Oil,166.0
2024-11-24,Soybean Oil,166.0
2024-11-25,Soybean Oil,166.0
2024-11-26,Soybean Oil,166.0
2024-11-27,Soybean Oil,166.0
2024-11-28,Soybean Oil,166.0
2024-11-29,Soybean Oil,166.0
2024-11-30,Soybean Oil,166.0
2024-12-01,Soybean Oil,166.0
2024-12-02,Soybean Oil,166.0
2024-12-03,Soybean Oil,166.0
2024-12-04,Soybean Oil,166.0
2024-12-05,Soybean Oil,166.0
2024-12-06,Soybean Oil,166.0
2024-12-07,Soybean Oil,166.0
2024-12-08,Soybean Oil,166.0
2024-12-09,Soybean Oil,166.0
2024-12-10,Soybean Oil,166.0
2024-12-11,Soybean Oil,164.0
2024-12-12,Soybean Oil,164.0
2024-12-13,Soybean Oil,164.0
2024-12-14,Soybean Oil,164.0
2024-12-15,Soybean Oil,164.0
2024-12-16,Soybean Oil,164.0
2024-12-17,Soybean Oil,164.0
2024-12-18,Soybean Oil,164.0
2024-12-19,Soybean Oil,164.0
2024-12-20,Soybean Oil,164.0
2024-12-21,Soybean Oil,164.0
2024-12-22,Soybean Oil,164.0
2024-12-23,Soybean Oil,164.0
2024-12-24,Soybean Oil,164.0
2024-12-25,Soybean Oil,164.0
2024-12-26,Soybean Oil,164.0
2024-12-27,Soybean Oil,164.0
2024-12-28,Soybean Oil,164.0
2024-12-29,Soybean Oil,164.0
2024-12-30,Soybean Oil,164.0
2024-12-31,Soybean Oil,164.0
2025-01-01,Soybean Oil,164.0
2025-01-02,Soybean Oil,164.0
2025-01-03,Soybean Oil,164.0
2025-01-04,Soybean Oil,164.0
2025-01-05,Soybean Oil,164.0
2025-01-06,Soybean Oil,164.0
2025-01-07,Soybean Oil,164.0
2025-01-08,Soybean Oil,164.0
2025-01-09,Soybean Oil,164.0
2025-01-10,Soybean Oil,164.0
2025-01-11,Soybean Oil,164.0
2025-01-12,Soybean Oil,164.0
2025-01-13,Soybean Oil,164.0
2025-01-14,Soybean Oil,165.0
2025-01-15,Soybean Oil,165.0
2025-01-16,Soybean Oil,168.0
2025-01-17,Soybean Oil,167.0
2025-01-18,Soybean Oil,167.0
2025-01-19,Soybean Oil,167.0
2025-01-20,Soybean Oil,167.0
2025-01-21,Soybean Oil,171.0
2025-01-22,Soybean Oil,171.0
2025-01-23,Soybean Oil,171.0
2025-01-24,Soybean Oil,171.0
2025-01-25,Soybean Oil,171.0
2025-01-26,Soybean Oil,171.0
2025-01-27,Soybean Oil,171.0
2025-01-28,Soybean Oil,171.0
2025-01-29,Soybean Oil,165.0
2025-01-30,Soybean Oil,165.0
2025-01-31,Soybean Oil,165.0
2025-02-01,Soybean Oil,166.0
2025-02-02,Soybean Oil,166.0
2025-02-03,Soybean Oil,166.0
2025-02-04,Soybean Oil,166.0
2025-02-05,Soybean Oil,166.0
2025-02-06,Soybean Oil,166.0
2025-02-07,Soybean Oil,166.0
2025-02-08,Soybean Oil,166.0
2025-02-09,Soybean Oil,166.0
2025-02-10,Soybean Oil,166.0
2025-02-11,Soybean Oil,166.0
2025-02-12,Soybean Oil,166.0
2025-02-13,Soybean Oil,166.0
2025-02-14,Soybean Oil,166.0
2025-02-15,Soybean Oil,166.0
2025-02-16,Soybean Oil,166.0
2025-02-17,Soybean Oil,166.0
2025-02-18,Soybean Oil,166.0
2025-02-19,Soybean Oil,166.0
2025-02-20,Soybean Oil,166.0
2025-02-21,Soybean Oil,166.0
2025-02-22,Soybean Oil,166.0
2025-02-23,Soybean Oil,166.0
2025-02-24,Soybean Oil,166.0
2025-02-25,Soybean Oil,166.0
2025-02-26,Soybean Oil,166.0
2025-02-27,Soybean Oil,166.0
2025-02-28,Soybean Oil,166.0
2025-03-01,Soybean Oil,160.0
2025-03-02,Soybean Oil,160.0
2025-03-03,Soybean Oil,160.0
2025-03-04,Soybean Oil,160.0
2025-03-05,Soybean Oil,160.0
2025-03-06,Soybean Oil,160.0
2025-03-07,Soybean Oil,160.0
2025-03-08,Soybean Oil,160.0
2025-03-09,Soybean Oil,182.0
2025-03-10,Soybean Oil,177.0
2025-03-11,Soybean Oil,177.0
2025-03-12,Soybean Oil,177.0
2025-03-13,Soybean Oil,164.0
2025-03-14,Soybean Oil,164.0
2025-03-15,Soybean Oil,164.0
2025-03-16,Soybean Oil,164.0
2025-03-17,Soybean Oil,162.0
2025-03-18,Soybean Oil,162.0
2025-03-19,Soybean Oil,162.0
2025-03-20,Soybean Oil,162.0
2025-03-21,Soybean Oil,161.0
2025-03-22,Soybean Oil,161.0
2025-03-23,Soybean Oil,161.0
2025-03-24,Soybean Oil,161.0
2025-03-25,Soybean Oil,161.0
2025-03-26,Soybean Oil,161.0
2025-03-27,Soybean Oil,161.0
2025-03-28,Soybean Oil,161.0
2025-03-29,Soybean Oil,161.0
2025-03-30,Soybean Oil,161.0
2025-03-31,Soybean Oil,161.0
2025-04-01,Soybean Oil,161.0
2025-04-02,Soybean Oil,161.0
2025-04-03,Soybean Oil,161.0
2025-04-04,Soybean Oil,161.0
2025-04-05,Soybean Oil,161.0
2025-04-06,Soybean Oil,161.0
2025-04-07,Soybean Oil,161.0
2025-04-08,Soybean Oil,161.0
2025-04-09,Soybean Oil,162.0
2025-04-10,Soybean Oil,163.0
2025-04-11,Soybean Oil,163.0
2025-04-12,Soybean Oil,163.0
2025-04-13,Soybean Oil,161.0
2025-04-14,Soybean Oil,163.5
2025-04-15,Soybean Oil,166.0
2025-04-16,Soybean Oil,166.0
2025-04-17,Soybean Oil,166.0
2025-04-18,Soybean Oil,165.0
2025-04-19,Soybean Oil,165.0
2025-04-20,Soybean Oil,163.0
2025-04-21,Soybean Oil,166.0
2025-04-22,Soybean Oil,168.0
2025-04-23,Soybean Oil,168.0
2025-04-24,Soybean Oil,168.0
2025-04-25,Soybean Oil,168.0
2025-04-26,Soybean Oil,168.0
2025-04-27,Soybean Oil,165.0
2025-04-28,Soybean Oil,168.0
2025-04-29,Soybean Oil,168.0
2025-04-30,Soybean Oil,169.0
2025-05-01,Soybean Oil,168.0
2025-05-02,Soybean Oil,167.0
2025-05-03,Soybean Oil,167.0
2025-05-04,Soybean Oil,166.0
2025-05-05,Soybean Oil,166.0
2025-05-06,Soybean Oil,166.0
2025-05-07,Soybean Oil,168.0
2025-05-08,Soybean Oil,168.0
2025-05-09,Soybean Oil,168.0
2025-05-10,Soybean Oil,168.0
2025-05-11,Soybean Oil,166.5
2025-05-12,Soybean Oil,165.0
2025-05-13,Soybean Oil,164.0
2025-05-14,Soybean Oil,164.0
2025-05-15,Soybean Oil,164.0
2025-05-16,Soybean Oil,164.0
2025-05-17,Soybean Oil,164.0
2025-05-18,Soybean Oil,164.0
2025-05-19,Soybean Oil,164.0
2025-05-20,Soybean Oil,164.0
2025-05-21,Soybean Oil,164.0
2025-05-22,Soybean Oil,165.0
2025-05-23,Soybean Oil,164.0
2025-05-24,Soybean Oil,165.0
2025-05-25,Soybean Oil,165.0
2025-05-26,Soybean Oil,164.0
2025-05-27,Soybean Oil,165.0
2025-05-28,Soybean Oil,165.0
2025-05-29,Soybean Oil,165.0
2025-05-30,Soybean Oil,164.0
2025-05-31,Soybean Oil,164.0
2025-06-01,Soybean Oil,165.0
2025-06-02,Soybean Oil,165.0
2025-06-03,Soybean Oil,165.0
2025-06-04,Soybean Oil,165.0
2025-06-05,Soybean Oil,164.5556
2025-06-06,Soybean Oil,164.1111
2025-06-07,Soybean Oil,163.6667
2025-06-08,Soybean Oil,163.2222
2025-06-09,Soybean Oil,162.7778
2025-06-10,Soybean Oil,162.3333
2025-06-11,Soybean Oil,161.8889
2025-06-12,Soybean Oil,161.4444
2025-06-13,Soybean Oil,161.0
2025-06-14,Soybean Oil,161.0
2025-06-15,Soybean Oil,160.0
2025-06-16,Soybean Oil,161.0
2025-06-17,Soybean Oil,162.0
2025-06-18,Soybean Oil,162.0
2025-06-19,Soybean Oil,162.0
2025-06-20,Soybean Oil,162.0
2025-06-21,Soybean Oil,162.0
2025-06-22,Soybean Oil,163.0
2025-06-23,Soybean Oil,163.0
2025-06-24,Soybean Oil,163.0
2025-06-25,Soybean Oil,163.0
2025-06-26,Soybean Oil,165.0
2025-06-27,Soybean Oil,165.0
2025-06-28,Soybean Oil,165.0
2025-06-29,Soybean Oil,165.0
2025-06-30,Soybean Oil,165.0
2025-07-01,Soybean Oil,165.0
2025-07-02,Soybean Oil,165.0
2025-07-03,Soybean Oil,165.0
2025-07-04,Soybean Oil,165.0
2025-07-05,Soybean Oil,165.0
2025-07-06,Soybean Oil,165.0
2025-07-07,Soybean Oil,165.0
2025-07-08,Soybean Oil,165.0
2025-07-09,Soybean Oil,165.0
2025-07-10,Soybean Oil,165.0
2025-07-11,Soybean Oil,165.0
2025-07-12,Soybean Oil,165.0
2025-07-13,Soybean Oil,165.0
2025-07-14,Soybean Oil,165.0
2025-07-15,Soybean Oil,165.0
2025-07-16,Soybean Oil,165.0
2025-07-17,Soybean Oil,165.0
2025-07-18,Soybean Oil,165.5
2025-07-19,Soybean Oil,166.0
2025-07-20,Soybean Oil,166.0
2025-07-21,Soybean Oil,166.0
2025-07-22,Soybean Oil,166.0
2025-07-23,Soybean Oil,166.0
2025-07-24,Soybean Oil,166.0
2025-07-25,Soybean Oil,166.0
2025-07-26,Soybean Oil,166.0
2025-07-27,Soybean Oil,166.0
2025-07-28,Soybean Oil,166.0
2025-07-29,Soybean Oil,166.0
2025-07-30,Soybean Oil,166.0
2025-07-31,Soybean Oil,166.0
2025-08-01,Soybean Oil,166.0
2025-08-02,Soybean Oil,166.0
2025-08-03,Soybean Oil,166.0
2025-08-04,Soybean Oil,166.0
2025-08-05,Soybean Oil,166.5
2025-08-06,Soybean Oil,167.0
2025-08-07,Soybean Oil,167.0
2025-08-08,Soybean Oil,167.0
2025-08-09,Soybean Oil,167.0
2025-08-10,Soybean Oil,167.0
2025-08-11,Soybean Oil,167.0
2025-08-12,Soybean Oil,167.0
2025-08-13,Soybean Oil,167.0
2025-08-14,Soybean Oil,167.0
2025-08-15,Soybean Oil,167.0
2025-08-16,Soybean Oil,167.5
2025-08-17,Soybean Oil,168.0
2025-08-18,Soybean Oil,168.0
2025-08-19,Soybean Oil,168.0
2025-08-20,Soybean Oil,168.0
2025-08-21,Soybean Oil,168.0
2025-08-22,Soybean Oil,168.0
2025-08-23,Soybean Oil,168.0
2025-08-24,Soybean Oil,168.0
2025-08-25,Soybean Oil,168.0
2025-08-26,Soybean Oil,168.0
2025-08-27,Soybean Oil,168.0
2025-08-28,Soybean Oil,168.0
2025-08-29,Soybean Oil,169.0
2025-08-30,Soybean Oil,169.0
2025-08-31,Soybean Oil,169.0
2025-09-01,Soybean Oil,169.0
2025-09-02,Soybean Oil,169.0
2025-09-03,Soybean Oil,169.0
2025-09-04,Soybean Oil,170.0
2025-09-05,Soybean Oil,171.0
2025-09-06,Soybean Oil,171.0
2025-09-07,Soybean Oil,171.0
2025-09-08,Soybean Oil,171.0
2025-09-09,Soybean Oil,171.0
2025-09-10,Soybean Oil,171.0
2025-09-11,Soybean Oil,171.0
2025-09-12,Soybean Oil,171.0
2025-09-13,Soybean Oil,171.0
2025-09-14,Soybean Oil,171.5
2025-09-15,Soybean Oil,172.0
2025-09-16,Soybean Oil,172.0
2025-09-17,Soybean Oil,172.0
2025-09-18,Soybean Oil,172.0
2025-09-19,Soybean Oil,172.0
2025-09-20,Soybean Oil,172.0
2025-09-21,Soybean Oil,172.0
2025-09-22,Soybean Oil,172.0
2025-09-23,Soybean Oil,173.0
2025-09-24,Soybean Oil,173.0
2025-09-25,Soybean Oil,173.0
2025-09-26,Soybean Oil,173.0
2025-09-27,Soybean Oil,173.0
2025-09-28,Soybean Oil,173.0
2025-09-29,Soybean Oil,174.0
2025-09-30,Soybean Oil,174.0
2025-10-01,Soybean Oil,174.3333
2025-10-02,Soybean Oil,174.6667
2025-10-03,Soybean Oil,175.0
2025-10-04,Soybean Oil,175.0
2025-10-05,Soybean Oil,175.0
2025-10-06,Soybean Oil,175.0
2025-10-07,Soybean Oil,175.0
2025-10-08,Soybean Oil,175.0
2025-10-09,Soybean Oil,175.0
2025-10-10,Soybean Oil,175.0
2025-10-11,Soybean Oil,175.0
2025-10-12,Soybean Oil,175.0
2025-10-13,Soybean Oil,175.0
2025-10-14,Soybean Oil,175.0
2025-10-15,Soybean Oil,175.0
2025-10-16,Soybean Oil,175.0
2025-10-17,Soybean Oil,175.0
2025-10-18,Soybean Oil,175.0
2025-10-19,Soybean Oil,175.0
2025-10-20,Soybean Oil,175.0
2025-10-21,Soybean Oil,175.0
2025-10-22,Soybean Oil,175.0
2025-10-23,Soybean Oil,175.0
2025-10-24,Soybean Oil,175.0
2025-10-25,Soybean Oil,175.0
2025-10-26,Soybean Oil,175.0
2025-10-27,Soybean Oil,175.0
2025-10-28,Soybean Oil,175.0
2025-10-29,Soybean Oil,175.0
2025-10-30,Soybean Oil,175.0
2025-10-31,Soybean Oil,175.0
2025-11-01,Soybean Oil,175.0
2025-11-02,Soybean Oil,175.0
2025-11-03,Soybean Oil,175.0
2025-11-04,Soybean Oil,175.0
2025-11-05,Soybean Oil,175.0
2025-11-06,Soybean Oil,175.0
2025-11-07,Soybean Oil,175.0
2025-11-08,Soybean Oil,175.0
2025-11-09,Soybean Oil,175.0
2025-11-10,Soybean Oil,175.0
2025-11-11,Soybean Oil,175.0
2025-11-12,Soybean Oil,175.0
2025-11-13,Soybean Oil,175.0
2025-11-14,Soybean Oil,175.0
2025-11-15,Soybean Oil,175.0
2025-11-16,Soybean Oil,175.0
2025-11-17,Soybean Oil,175.0
2025-11-18,Soybean Oil,175.0
2025-11-19,Soybean Oil,175.0
2025-11-20,Soybean Oil,175.0
2025-11-21,Soybean Oil,175.0
2025-11-22,Soybean Oil,175.0
2025-11-23,Soybean Oil,175.0
2025-11-24,Soybean Oil,175.0
2025-11-25,Soybean Oil,175.0
2025-11-26,Soybean Oil,175.0
2025-11-27,Soybean Oil,175.0
2025-11-28,Soybean Oil,175.0
2025-11-29,Soybean Oil,175.0
2025-11-30,Soybean Oil,175.0
2025-12-01,Soybean Oil,175.0
2025-12-02,Soybean Oil,175.0
2025-12-03,Soybean Oil,175.0
2025-12-04,Soybean Oil,175.0
2025-12-05,Soybean Oil,175.0
2025-12-06,Soybean Oil,175.0
2025-12-07,Soybean Oil,175.0
2025-12-08,Soybean Oil,175.0
2025-12-09,Soybean Oil,175.0
2025-12-10,Soybean Oil,175.0
2025-12-11,Soybean Oil,175.0
2025-12-12,Soybean Oil,175.0
2025-12-13,Soybean Oil,175.0
2025-12-14,Soybean Oil,175.0
2025-12-15,Soybean Oil,175.0
2025-12-16,Soybean Oil,175.0
2025-12-17,Soybean Oil,175.0
2025-12-18,Soybean Oil,175.0
2025-12-19,Soybean Oil,175.0
2025-12-20,Soybean Oil,177.0
2025-12-21,Soybean Oil,178.0
2025-12-22,Soybean Oil,178.0
2025-12-23,Soybean Oil,178.0
2025-12-24,Soybean Oil,178.0
2025-12-25,Soybean Oil,178.0
2025-12-26,Soybean Oil,178.0
2025-12-27,Soybean Oil,178.0
2025-12-28,Soybean Oil,178.0
2025-12-29,Soybean Oil,178.0
2025-12-30,Soybean Oil,178.0
2025-12-31,Soybean Oil,178.0
2026-01-01,Soybean Oil,178.0
2026-01-02,Soybean Oil,178.0
2026-01-03,Soybean Oil,178.0
2026-01-04,Soybean Oil,178.0
2026-01-05,Soybean Oil,178.0
2026-01-06,Soybean Oil,178.0
2026-01-07,Soybean Oil,178.0
2026-01-08,Soybean Oil,179.0
2026-01-09,Soybean Oil,179.0
2026-01-10,Soybean Oil,179.0
2026-01-11,Soybean Oil,179.0
2026-01-12,Soybean Oil,179.0
2026-01-13,Soybean Oil,179.0
2026-01-14,Soybean Oil,180.0
2026-01-15,Soybean Oil,180.0
2026-01-16,Soybean Oil,180.0
2026-01-17,Soybean Oil,180.0
2026-01-18,Soybean Oil,180.0
2026-01-19,Soybean Oil,180.0
2026-01-20,Soybean Oil,180.0
2026-01-21,Soybean Oil,180.0
2026-01-22,Soybean Oil,180.0
2026-01-23,Soybean Oil,180.0
2026-01-24,Soybean Oil,180.0
2026-01-25,Soybean Oil,180.0
2026-01-26,Soybean Oil,180.0
2026-01-27,Soybean Oil,180.0
2026-01-28,Soybean Oil,180.0
2026-01-29,Soybean Oil,180.0
2026-01-30,Soybean Oil,180.0
2026-01-31,Soybean Oil,180.0
2026-02-01,Soybean Oil,180.0
2026-02-02,Soybean Oil,180.0
2026-02-03,Soybean Oil,180.0
2026-02-04,Soybean Oil,180.0
2026-02-05,Soybean Oil,180.0
2026-02-06,Soybean Oil,180.0
2026-02-07,Soybean Oil,180.0
2026-02-08,Soybean Oil,180.0
2026-02-09,Soybean Oil,180.0
2026-02-10,Soybean Oil,180.0
2026-02-11,Soybean Oil,180.0
2026-02-12,Soybean Oil,180.0
2026-02-13,Soybean Oil,180.0
2026-02-14,Soybean Oil,180.0
2026-02-15,Soybean Oil,180.0
2026-02-16,Soybean Oil,180.0
2026-02-17,Soybean Oil,180.0
2026-02-18,Soybean Oil,180.0
2026-02-19,Soybean Oil,180.0
2026-02-20,Soybean Oil,180.0
2026-02-21,Soybean Oil,180.0
2026-02-22,Soybean Oil,180.0
2026-02-23,Soybean Oil,180.0
2026-02-24,Soybean Oil,180.0
2026-02-25,Soybean Oil,180.0
2026-02-26,Soybean Oil,180.0
2026-02-27,Soybean Oil,180.0
2026-02-28,Soybean Oil,180.0
2026-03-01,Soybean Oil,180.0
2026-03-02,Soybean Oil,180.0
2026-03-03,Soybean Oil,180.0
2026-03-04,Soybean Oil,180.0
2026-03-05,Soybean Oil,180.0
2026-03-06,Soybean Oil,180.0
2026-03-07,Soybean Oil,180.0
2026-03-08,Soybean Oil,180.0
2026-03-09,Soybean Oil,180.0
2026-03-10,Soybean Oil,185.0
2026-03-11,Soybean Oil,189.0
2026-03-12,Soybean Oil,189.0
2026-03-13,Soybean Oil,189.0
2026-03-14,Soybean Oil,189.0
2026-03-15,Soybean Oil,189.0
2026-03-16,Soybean Oil,189.0
2026-03-17,Soybean Oil,189.0
2026-03-18,Soybean Oil,189.0
2026-03-19,Soybean Oil,189.0
2026-03-20,Soybean Oil,189.0
2026-03-21,Soybean Oil,189.0
2026-03-22,Soybean Oil,189.0
2026-03-23,Soybean Oil,189.0
2026-03-24,Soybean Oil,189.0
2026-03-25,Soybean Oil,189.0
2026-03-26,Soybean Oil,189.0
2026-03-27,Soybean Oil,189.0
2026-03-28,Soybean Oil,189.0
2026-03-29,Soybean Oil,189.0
2026-03-30,Soybean Oil,189.0
2026-03-31,Soybean Oil,189.0
2026-04-01,Soybean Oil,189.0
2026-04-02,Soybean Oil,189.0
2026-04-03,Soybean Oil,189.0
2026-04-04,Soybean Oil,189.0
2026-04-05,Soybean Oil,190.0
2026-04-06,Soybean Oil,190.0
2026-04-07,Soybean Oil,190.0
2026-04-08,Soybean Oil,190.0
2026-04-09,Soybean Oil,190.0
2026-04-10,Soybean Oil,190.0
2026-04-11,Soybean Oil,190.0
2026-04-12,Soybean Oil,188.0
2026-04-13,Soybean Oil,188.0
2026-04-14,Soybean Oil,187.0
2026-04-15,Soybean Oil,188.0
2026-04-16,Soybean Oil,188.0
2026-04-17,Soybean Oil,188.0
2026-04-18,Soybean Oil,187.0
2026-04-19,Soybean Oil,187.0
2026-04-20,Soybean Oil,187.0
2026-04-21,Soybean Oil,187.0
2026-04-22,Soybean Oil,190.0
2026-04-23,Soybean Oil,190.0
2026-04-24,Soybean Oil,190.0
2026-04-25,Soybean Oil,186.0
2026-04-26,Soybean Oil,186.0
2026-04-27,Soybean Oil,186.0
2026-04-28,Soybean Oil,187.0
2026-04-29,Soybean Oil,187.0
2026-04-30,Soybean Oil,187.0
2026-05-01,Soybean Oil,187.0
2026-05-02,Soybean Oil,187.0
2026-05-03,Soybean Oil,187.0
2026-05-04,Soybean Oil,190.0
2026-05-05,Soybean Oil,190.0
2026-05-06,Soybean Oil,190.0
2026-05-07,Soybean Oil,190.0
2026-05-08,Soybean Oil,190.0
2026-05-09,Soybean Oil,190.0
2026-05-10,Soybean Oil,190.0
2026-05-11,Soybean Oil,190.0
2026-05-12,Soybean Oil,190.0
2026-05-13,Soybean Oil,190.0
2026-05-14,Soybean Oil,190.0
2026-05-15,Soybean Oil,190.0
2026-05-16,Soybean Oil,190.0
2026-05-17,Soybean Oil,190.0
2026-05-18,Soybean Oil,190.0
2026-05-19,Soybean Oil,190.0
2026-05-20,Soybean Oil,190.0
2026-05-21,Soybean Oil,190.0
2026-05-22,Soybean Oil,190.0
2026-05-23,Soybean Oil,190.0
2026-05-24,Soybean Oil,190.0
2026-05-25,Soybean Oil,190.0
2026-05-26,Soybean Oil,190.0
2026-05-27,Soybean Oil,190.0
2026-05-28,Soybean Oil,190.0
2026-05-29,Soybean Oil,190.0
2026-05-30,Soybean Oil,190.0
2026-05-31,Soybean Oil,190.0
2026-06-01,Soybean Oil,190.0
2026-06-02,Soybean Oil,190.0
2026-06-03,Soybean Oil,190.0
2026-06-04,Soybean Oil,190.0
2026-06-05,Soybean Oil,190.0
2026-06-06,Soybean Oil,190.0
2026-06-07,Soybean Oil,190.0
2026-06-08,Soybean Oil,190.0
2026-06-09,Soybean Oil,190.0
2026-06-10,Soybean Oil,190.0
2026-06-11,Soybean Oil,190.0
2026-06-12,Soybean Oil,190.0
2026-06-13,Soybean Oil,190.0
2026-06-14,Soybean Oil,190.0
2026-06-15,Soybean Oil,190.0
2026-06-16,Soybean Oil,190.0
2026-06-17,Soybean Oil,190.0
2026-06-18,Soybean Oil,190.0
2026-06-19,Soybean Oil,190.0
2026-06-20,Soybean Oil,190.0
2026-06-21,Soybean Oil,190.0
2026-06-22,Soybean Oil,190.0
2026-06-23,Soybean Oil,190.0
2026-06-24,Soybean Oil,190.0
2026-06-25,Soybean Oil,190.0
2026-06-26,Soybean Oil,190.0
2026-06-27,Soybean Oil,190.0
2026-06-28,Soybean Oil,190.0
2026-06-29,Soybean Oil,190.0
2026-06-30,Soybean Oil,190.0
2026-07-01,Soybean Oil,190.0
2026-07-02,Soybean Oil,190.0
2026-07-03,Soybean Oil,190.0
2026-07-04,Soybean Oil,190.0
2026-07-05,Soybean Oil,190.0
2026-07-06,Soybean Oil,190.0
2026-07-07,Soybean Oil,190.0
2026-07-08,Soybean Oil,191.0
2026-07-09,Soybean Oil,191.0
2026-07-10,Soybean Oil,191.0
2026-07-11,Soybean Oil,191.0
2026-07-12,Soybean Oil,191.0
2026-07-13,Soybean Oil,191.0
2026-07-14,Soybean Oil,191.0
2026-07-15,Soybean Oil,191.0
2026-07-16,Soybean Oil,191.0
2026-07-17,Soybean Oil,191.0
2026-07-18,Soybean Oil,191.0
2026-07-19,Soybean Oil,191.0
2026-07-20,Soybean Oil,191.0
2026-07-21,Soybean Oil,191.0
2026-07-22,Soybean Oil,191.0
2026-07-23,Soybean Oil,191.0
2026-07-24,Soybean Oil,191.0
2026-07-25,Soybean Oil,191.0
2026-07-26,Soybean Oil,191.0
2026-07-27,Soybean Oil,191.0
2026-07-28,Soybean Oil,191.0
2026-07-29,Soybean Oil,191.0
2026-07-30,Soybean Oil,191.0
2026-07-31,Soybean Oil,191.0
