date,commodity,inflation_daily,inflation_weekly,inflation_monthly,inflation_annual
2021-05-17,Onion,,,,
2021-05-18,Onion,0.0,,,
2021-05-19,Onion,2.5641,,,
2021-05-20,Onion,5.0,,,
2021-05-21,Onion,0.0,,,
2021-05-22,Onion,0.0,,,
2021-05-23,Onion,0.0,,,
2021-05-24,Onion,0.0,7.6923,,
2021-05-25,Onion,0.0,7.6923,,
2021-05-26,Onion,0.0,5.0,,
2021-05-27,Onion,9.5238,9.5238,,
2021-05-28,Onion,2.1739,11.9048,,
2021-05-29,Onion,0.0,11.9048,,
2021-05-30,Onion,0.0,11.9048,,
2021-05-31,Onion,0.0,11.9048,,
2021-06-01,Onion,0.0,11.9048,,
2021-06-02,Onion,0.0,11.9048,,
2021-06-03,Onion,4.2553,6.5217,,
2021-06-04,Onion,2.0408,6.383,,
2021-06-05,Onion,10.0,17.0213,,
2021-06-06,Onion,-7.2727,8.5106,,
2021-06-07,Onion,-1.9608,6.383,,
2021-06-08,Onion,0.0,6.383,,
2021-06-09,Onion,-6.0,0.0,,
2021-06-10,Onion,0.0,-4.0816,,
2021-06-11,Onion,0.0,-6.0,,
2021-06-12,Onion,0.0,-14.5454,,
2021-06-13,Onion,-0.0,-7.8431,,
2021-06-14,Onion,0.0,-6.0,,
2021-06-15,Onion,0.0,-6.0,,
2021-06-16,Onion,0.0,-0.0,20.5128,
2021-06-17,Onion,0.0,-0.0,20.5128,
2021-06-18,Onion,0.0,-0.0,17.5,
2021-06-19,Onion,0.0,-0.0,11.9048,
2021-06-20,Onion,0.0,0.0,11.9048,
2021-06-21,Onion,0.0,0.0,11.9048,
2021-06-22,Onion,-0.0,0.0,11.9048,
2021-06-23,Onion,0.0,0.0,11.9048,
2021-06-24,Onion,0.0,0.0,11.9048,
2021-06-25,Onion,0.0,0.0,11.9048,
2021-06-26,Onion,0.0,0.0,2.1739,
2021-06-27,Onion,0.0,-0.0,0.0,
2021-06-28,Onion,0.0,-0.0,0.0,
2021-06-29,Onion,0.0,0.0,0.0,
2021-06-30,Onion,0.0,0.0,0.0,
2021-07-01,Onion,0.0,0.0,0.0,
2021-07-02,Onion,-0.0,0.0,0.0,
2021-07-03,Onion,0.0,0.0,-4.0816,
2021-07-04,Onion,0.0,0.0,-6.0,
2021-07-05,Onion,-0.0,0.0,-14.5455,
2021-07-06,Onion,0.0,0.0,-7.8431,
2021-07-07,Onion,0.0,-0.0,-6.0,
2021-07-08,Onion,0.0,-0.0,-6.0,
2021-07-09,Onion,0.0,0.0,-0.0,
2021-07-10,Onion,0.0,-0.0,-0.0,
2021-07-11,Onion,0.0,0.0,0.0,
2021-07-12,Onion,-0.0,0.0,-0.0,
2021-07-13,Onion,0.0,0.0,0.0,
2021-07-14,Onion,0.0,0.0,0.0,
2021-07-15,Onion,0.0,0.0,0.0,
2021-07-16,Onion,0.0,0.0,0.0,
2021-07-17,Onion,0.0,0.0,0.0,
2021-07-18,Onion,0.0,0.0,0.0,
2021-07-19,Onion,-0.0,0.0,0.0,
2021-07-20,Onion,0.0,0.0,-0.0,
2021-07-21,Onion,0.0,0.0,-0.0,
2021-07-22,Onion,0.0,0.0,0.0,
2021-07-23,Onion,0.0,0.0,0.0,
2021-07-24,Onion,0.0,0.0,0.0,
2021-07-25,Onion,0.0,-0.0,0.0,
2021-07-26,Onion,0.0,0.0,0.0,
2021-07-27,Onion,0.0,0.0,0.0,
2021-07-28,Onion,0.0,0.0,0.0,
2021-07-29,Onion,0.0,0.0,0.0,
2021-07-30,Onion,0.0,0.0,-0.0,
2021-07-31,Onion,0.0,0.0,-0.0,
2021-08-01,Onion,0.0,0.0,0.0,
2021-08-02,Onion,0.0,0.0,-0.0,
2021-08-03,Onion,0.0,0.0,-0.0,
2021-08-04,Onion,0.0,0.0,0.0,
2021-08-05,Onion,0.0,0.0,0.0,
2021-08-06,Onion,0.0,0.0,0.0,
2021-08-07,Onion,0.0,0.0,0.0,
2021-08-08,Onion,0.0,0.0,0.0,
2021-08-09,Onion,0.0,0.0,0.0,
2021-08-10,Onion,0.0,0.0,-0.0,
2021-08-11,Onion,0.0,0.0,0.0,
2021-08-12,Onion,0.0,0.0,0.0,
2021-08-13,Onion,0.0,0.0,0.0,
2021-08-14,Onion,0.0,0.0,0.0,
2021-08-15,Onion,0.0,0.0,0.0,
2021-08-16,Onion,0.0,0.0,0.0,
2021-08-17,Onion,-0.0,-0.0,-0.0,
2021-08-18,Onion,0.0,0.0,0.0,
2021-08-19,Onion,-0.0,-0.0,-0.0,
2021-08-20,Onion,0.0,-0.0,-0.0,
2021-08-21,Onion,0.0,-0.0,-0.0,
2021-08-22,Onion,-2.1277,-2.1277,-2.1277,
2021-08-23,Onion,-4.3478,-6.383,-6.383,
2021-08-24,Onion,-2.2727,-8.5106,-8.5106,
2021-08-25,Onion,0.0,-8.5106,-8.5106,
2021-08-26,Onion,0.0,-8.5106,-8.5106,
2021-08-27,Onion,9.3023,0.0,0.0,
2021-08-28,Onion,0.0,0.0,0.0,
2021-08-29,Onion,0.0,2.1739,0.0,
2021-08-30,Onion,-8.5106,-2.2727,-8.5106,
2021-08-31,Onion,0.0,0.0,-8.5106,
2021-09-01,Onion,0.0,-0.0,-8.5106,
2021-09-02,Onion,0.0,-0.0,-8.5106,
2021-09-03,Onion,0.0,-8.5106,-8.5106,
2021-09-04,Onion,0.0,-8.5106,-8.5106,
2021-09-05,Onion,0.0,-8.5106,-8.5106,
2021-09-06,Onion,0.0,0.0,-8.5106,
2021-09-07,Onion,-0.0,-0.0,-8.5107,
2021-09-08,Onion,0.0,-0.0,-8.5107,
2021-09-09,Onion,0.0,-0.0,-8.5107,
2021-09-10,Onion,0.0,-0.0,-8.5107,
2021-09-11,Onion,0.0,0.0,-8.5106,
2021-09-12,Onion,-0.0,0.0,-8.5106,
2021-09-13,Onion,0.0,0.0,-8.5106,
2021-09-14,Onion,0.0,0.0,-8.5106,
2021-09-15,Onion,0.0,0.0,-8.5106,
2021-09-16,Onion,0.0,0.0,-8.5106,
2021-09-17,Onion,0.0,0.0,-8.5106,
2021-09-18,Onion,0.0,-0.0,-8.5106,
2021-09-19,Onion,0.0,0.0,-8.5106,
2021-09-20,Onion,-0.0,-0.0,-8.5106,
2021-09-21,Onion,0.0,-0.0,-6.5217,
2021-09-22,Onion,0.0,-0.0,-2.2727,
2021-09-23,Onion,0.0,-0.0,-0.0,
2021-09-24,Onion,0.0,-0.0,-0.0,
2021-09-25,Onion,4.6512,4.6511,4.6511,
2021-09-26,Onion,0.0,4.6512,-4.2553,
2021-09-27,Onion,0.0,4.6512,-4.2553,
2021-09-28,Onion,2.2222,6.9768,-2.1277,
2021-09-29,Onion,0.0,6.9768,6.9767,
2021-09-30,Onion,2.1739,9.3023,9.3023,
2021-10-01,Onion,0.0,9.3023,9.3023,
2021-10-02,Onion,10.6383,15.5556,20.9302,
2021-10-03,Onion,9.6154,26.6667,32.5581,
2021-10-04,Onion,8.7719,37.7778,44.186,
2021-10-05,Onion,4.8387,41.3043,51.1628,
2021-10-06,Onion,6.7891,50.8976,61.4253,
2021-10-07,Onion,0.0,47.687,61.4254,
2021-10-08,Onion,0.0,47.687,61.4254,
2021-10-09,Onion,0.8458,34.6154,62.7907,
2021-10-10,Onion,2.8571,26.3158,67.4419,
2021-10-11,Onion,0.0,16.129,67.4418,
2021-10-12,Onion,0.0,10.7692,67.4419,
2021-10-13,Onion,-5.5556,-2.0355,58.1395,
2021-10-14,Onion,-4.4118,-6.3575,51.1628,
2021-10-15,Onion,-3.0769,-9.2388,46.5116,
2021-10-16,Onion,0.0,-10.0,46.5116,
2021-10-17,Onion,-1.5873,-13.8889,44.186,
2021-10-18,Onion,0.0,-13.8889,44.186,
2021-10-19,Onion,0.0,-13.8889,44.186,
2021-10-20,Onion,-3.2258,-11.7647,39.5349,
2021-10-21,Onion,-5.0,-12.3077,32.5582,
2021-10-22,Onion,5.2632,-4.7619,39.5349,
2021-10-23,Onion,-3.3333,-7.9365,34.8837,
2021-10-24,Onion,-1.7241,-8.0645,32.5582,
2021-10-25,Onion,5.2632,-3.2258,33.3334,
2021-10-26,Onion,3.3333,0.0,37.7778,
2021-10-27,Onion,0.0,3.3333,37.7778,
2021-10-28,Onion,0.0,8.7719,34.7826,
2021-10-29,Onion,-3.2258,0.0,30.4348,
2021-10-30,Onion,-1.6667,1.7241,25.5319,
2021-10-31,Onion,-1.6949,1.7544,23.4043,
2021-11-01,Onion,-1.7241,-5.0,9.6154,
2021-11-02,Onion,0.0,-8.0645,0.0,
2021-11-03,Onion,0.0,-8.0645,-8.0645,
2021-11-04,Onion,-1.7544,-9.6774,-13.8462,
2021-11-05,Onion,1.7857,-5.0,-17.8827,
2021-11-06,Onion,1.7544,-1.6949,-16.442,
2021-11-07,Onion,-3.4483,-3.4483,-19.3234,
2021-11-08,Onion,-1.7857,-3.5088,-21.4286,
2021-11-09,Onion,0.0,-3.5088,-23.6111,
2021-11-10,Onion,3.6364,0.0,-20.8333,
2021-11-11,Onion,1.7544,3.5714,-19.4444,
2021-11-12,Onion,1.7241,3.5088,-13.2353,
2021-11-13,Onion,1.6949,3.4483,-7.6923,
2021-11-14,Onion,0.0,7.1429,-4.7619,
2021-11-15,Onion,3.3333,12.7273,-1.5873,
2021-11-16,Onion,0.0,12.7273,0.0,
2021-11-17,Onion,0.0,8.7719,0.0,
2021-11-18,Onion,-3.2258,3.4483,-3.2258,
2021-11-19,Onion,0.0,1.6949,0.0,
2021-11-20,Onion,0.0,0.0,5.2632,
2021-11-21,Onion,0.0,0.0,0.0,
2021-11-22,Onion,0.0,-3.2258,3.4483,
2021-11-23,Onion,-3.3333,-6.4516,1.7544,
2021-11-24,Onion,-1.7241,-8.0645,-5.0,
2021-11-25,Onion,0.0,-5.0,-8.0645,
2021-11-26,Onion,0.0,-5.0,-8.0645,
2021-11-27,Onion,0.0,-5.0,-8.0645,
2021-11-28,Onion,-8.7719,-13.3333,-13.3333,
2021-11-29,Onion,0.0,-13.3333,-11.8644,
2021-11-30,Onion,0.0,-10.3448,-10.3448,
2021-12-01,Onion,0.0,-8.7719,-8.7719,
2021-12-02,Onion,0.0,-8.7719,-8.7719,
2021-12-03,Onion,0.0,-8.7719,-8.7719,
2021-12-04,Onion,0.0,-8.7719,-7.1429,
2021-12-05,Onion,15.3846,15.3846,5.2632,
2021-12-06,Onion,10.0,26.9231,13.7931,
2021-12-07,Onion,4.5455,32.6923,23.2143,
2021-12-08,Onion,2.8986,36.5385,29.0909,
2021-12-09,Onion,1.4085,38.4615,30.9091,
2021-12-10,Onion,0.0,38.4615,26.3158,
2021-12-11,Onion,-5.5556,30.7692,17.2414,
2021-12-12,Onion,-4.4118,8.3333,10.1695,
2021-12-13,Onion,-4.6154,-6.0606,3.3333,
2021-12-14,Onion,-3.2258,-13.0435,0.0,
2021-12-15,Onion,-3.3333,-18.3099,-6.4516,
2021-12-16,Onion,0.0,-19.4444,-6.4516,
2021-12-17,Onion,-1.7241,-20.8333,-8.0645,
2021-12-18,Onion,0.0,-16.1765,-5.0,
2021-12-19,Onion,-8.7719,-20.0,-13.3333,
2021-12-20,Onion,-3.8462,-19.3548,-16.6667,
2021-12-21,Onion,0.0,-16.6667,-16.6667,
2021-12-22,Onion,0.0,-13.7931,-16.6667,
2021-12-23,Onion,2.0,-12.069,-12.069,
2021-12-24,Onion,1.9608,-8.7719,-8.7719,
2021-12-25,Onion,-1.9231,-10.5263,-10.5263,
2021-12-26,Onion,-1.9608,-3.8462,-12.2807,
2021-12-27,Onion,0.0,0.0,-12.2807,
2021-12-28,Onion,-6.0,-6.0,-9.6154,
2021-12-29,Onion,-4.2553,-10.0,-13.4615,
2021-12-30,Onion,0.0,-11.7647,-13.4615,
2021-12-31,Onion,0.0,-13.4615,-13.4615,
2022-01-01,Onion,-0.0,-11.7647,-13.4616,
2022-01-02,Onion,-2.2222,-12.0,-15.3846,
2022-01-03,Onion,0.0,-12.0,-15.3846,
2022-01-04,Onion,0.0,-6.383,-26.6667,
2022-01-05,Onion,-2.2727,-4.4444,-34.8485,
2022-01-06,Onion,-2.3256,-6.6667,-39.1304,
2022-01-07,Onion,0.0,-6.6667,-40.8451,
2022-01-08,Onion,-0.0,-6.6667,-41.6667,
2022-01-09,Onion,-2.381,-6.8182,-43.0556,
2022-01-10,Onion,-2.439,-9.0909,-41.1765,
2022-01-11,Onion,0.0,-9.0909,-38.4615,
2022-01-12,Onion,0.0,-6.9768,-35.4839,
2022-01-13,Onion,0.0,-4.7619,-33.3333,
2022-01-14,Onion,0.0,-4.7619,-31.0345,
2022-01-15,Onion,0.0,-4.7619,-31.0345,
2022-01-16,Onion,0.0,-2.439,-29.8246,
2022-01-17,Onion,0.0,0.0,-29.8246,
2022-01-18,Onion,-7.5,-7.5,-28.8462,
2022-01-19,Onion,-2.7027,-10.0,-28.0,
2022-01-20,Onion,-2.7778,-12.5,-30.0,
2022-01-21,Onion,-5.7143,-17.5,-34.0,
2022-01-22,Onion,-3.0303,-20.0,-37.2549,
2022-01-23,Onion,-6.25,-25.0,-42.3077,
2022-01-24,Onion,-0.0,-25.0,-41.1765,
2022-01-25,Onion,0.0,-18.9189,-40.0,
2022-01-26,Onion,0.0,-16.6667,-40.0,
2022-01-27,Onion,0.0,-14.2857,-36.1702,
2022-01-28,Onion,0.0,-9.0909,-33.3333,
2022-01-29,Onion,-0.0,-6.25,-33.3333,
2022-01-30,Onion,0.0,0.0,-33.3333,
2022-01-31,Onion,-0.0,0.0,-33.3333,
2022-02-01,Onion,0.0,0.0,-31.8182,
2022-02-02,Onion,0.0,0.0,-31.8182,
2022-02-03,Onion,0.0,-0.0,-31.8182,
2022-02-04,Onion,0.0,-0.0,-30.2326,
2022-02-05,Onion,0.0,0.0,-28.5715,
2022-02-06,Onion,0.0,0.0,-28.5714,
2022-02-07,Onion,0.0,0.0,-28.5714,
2022-02-08,Onion,0.0,0.0,-26.8293,
2022-02-09,Onion,0.0,0.0,-25.0,
2022-02-10,Onion,0.0,0.0,-25.0,
2022-02-11,Onion,0.0,0.0,-25.0,
2022-02-12,Onion,20.0,20.0,-10.0,
2022-02-13,Onion,8.3333,30.0,-2.5,
2022-02-14,Onion,5.1282,36.6667,2.5,
2022-02-15,Onion,2.439,40.0,5.0,
2022-02-16,Onion,2.381,43.3333,7.5,
2022-02-17,Onion,2.3256,46.6667,18.9189,
2022-02-18,Onion,2.2727,50.0,25.0,
2022-02-19,Onion,0.0,25.0,28.5714,
2022-02-20,Onion,4.4444,20.5128,42.4242,
2022-02-21,Onion,0.0,14.6342,46.875,
2022-02-22,Onion,0.0,11.9048,56.6667,
2022-02-23,Onion,0.0,9.3023,56.6667,
2022-02-24,Onion,-0.0,6.8182,56.6667,
2022-02-25,Onion,0.0,4.4444,56.6667,
2022-02-26,Onion,0.0,4.4444,56.6667,
2022-02-27,Onion,0.0,0.0,56.6667,
2022-02-28,Onion,0.0,-0.0,56.6667,
2022-03-01,Onion,0.0,-0.0,56.6667,
2022-03-02,Onion,0.0,-0.0,56.6667,
2022-03-03,Onion,6.383,6.383,66.6667,
2022-03-04,Onion,10.0,17.0213,83.3334,
2022-03-05,Onion,3.6364,21.2766,90.0,
2022-03-06,Onion,1.7544,23.4043,93.3334,
2022-03-07,Onion,3.4483,27.6596,100.0,
2022-03-08,Onion,0.0,27.6596,100.0,
2022-03-09,Onion,0.0,27.6596,100.0,
2022-03-10,Onion,0.0,20.0,100.0,
2022-03-11,Onion,0.0,9.0909,100.0,
2022-03-12,Onion,0.0,5.2632,100.0,
2022-03-13,Onion,0.0,3.4483,100.0,
2022-03-14,Onion,0.0,0.0,66.6667,
2022-03-15,Onion,0.0,0.0,53.8462,
2022-03-16,Onion,0.0,0.0,46.3415,
2022-03-17,Onion,0.0,0.0,42.8571,
2022-03-18,Onion,-5.0,-5.0,32.5582,
2022-03-19,Onion,0.0,-5.0,29.5455,
2022-03-20,Onion,0.0,-5.0,26.6667,
2022-03-21,Onion,-2.2557,-7.1429,23.8095,
2022-03-22,Onion,-3.8462,-10.7143,13.9818,
2022-03-23,Onion,-4.0,-14.2857,9.4225,
2022-03-24,Onion,-4.1667,-17.8571,4.8632,
2022-03-25,Onion,-4.3478,-17.2932,0.3039,
2022-03-26,Onion,-4.5455,-21.0526,-4.2553,
2022-03-27,Onion,-4.7619,-24.812,-8.8146,
2022-03-28,Onion,-5.0,-26.9231,-13.3739,
2022-03-29,Onion,-5.2632,-28.0,-17.9331,
2022-03-30,Onion,-5.5556,-29.1667,-22.4924,
2022-03-31,Onion,-5.8824,-30.4348,-27.0517,
2022-04-01,Onion,-6.25,-31.8182,-31.6109,
2022-04-02,Onion,-6.6667,-33.3333,-40.0,
2022-04-03,Onion,0.0,-30.0,-45.4545,
2022-04-04,Onion,0.0,-26.3158,-47.3684,
2022-04-05,Onion,0.0,-22.2222,-48.2759,
2022-04-06,Onion,0.0,-17.6471,-50.0,
2022-04-07,Onion,0.0,-12.5,-50.0,
2022-04-08,Onion,0.0,-6.6667,-50.0,
2022-04-09,Onion,0.0,0.0,-50.0,
2022-04-10,Onion,0.0,0.0,-50.0,
2022-04-11,Onion,0.0,0.0,-50.0,
2022-04-12,Onion,0.0,0.0,-50.0,
2022-04-13,Onion,-0.0,-0.0,-50.0,
2022-04-14,Onion,0.0,-0.0,-50.0,
2022-04-15,Onion,0.0,-0.0,-50.0,
2022-04-16,Onion,0.0,0.0,-50.0,
2022-04-17,Onion,-0.0,-0.0,-47.3684,
2022-04-18,Onion,0.0,-0.0,-47.3684,
2022-04-19,Onion,0.0,-0.0,-47.3684,
2022-04-20,Onion,0.0,0.0,-46.1539,
2022-04-21,Onion,0.0,0.0,-44.0,
2022-04-22,Onion,-10.0,-10.0,-47.5,
2022-04-23,Onion,45.9737,31.3763,-20.0318,
2022-04-24,Onion,0.0,31.3764,-16.3969,
2022-04-25,Onion,0.0,31.3764,-12.4158,
2022-04-26,Onion,-18.8083,6.6667,-25.3333,
2022-04-27,Onion,0.0,6.6667,-21.4035,
2022-04-28,Onion,0.0,6.6667,-17.037,
2022-04-29,Onion,0.0,18.5185,-12.1569,
2022-04-30,Onion,0.0,-18.8083,-6.6667,
2022-05-01,Onion,0.0,-18.8083,-0.4444,
2022-05-02,Onion,0.0,-18.8083,6.6667,
2022-05-03,Onion,0.0,0.0,6.6667,
2022-05-04,Onion,0.0,0.0,6.6667,
2022-05-05,Onion,0.0,0.0,6.6667,
2022-05-06,Onion,0.0,0.0,6.6667,
2022-05-07,Onion,3.125,3.125,10.0,
2022-05-08,Onion,3.0303,6.25,13.3333,
2022-05-09,Onion,2.9412,9.375,16.6667,
2022-05-10,Onion,2.8571,12.5,20.0,
2022-05-11,Onion,2.7778,15.625,23.3333,
2022-05-12,Onion,2.7027,18.75,26.6667,
2022-05-13,Onion,2.6316,21.875,30.0,
2022-05-14,Onion,2.5641,21.2121,33.3334,
2022-05-15,Onion,2.5,20.5882,36.6667,
2022-05-16,Onion,2.439,20.0,40.0,
2022-05-17,Onion,0.0,16.6667,40.0,7.6923
2022-05-18,Onion,-2.381,10.8108,36.6667,5.1282
2022-05-19,Onion,-2.439,5.2632,33.3334,0.0
2022-05-20,Onion,-2.5,0.0,30.0,-7.1429
2022-05-21,Onion,3.8462,1.25,35.0,-3.5714
2022-05-22,Onion,3.7037,2.439,55.5556,0.0
2022-05-23,Onion,-1.5873,-1.5873,4.8726,-1.5873
2022-05-24,Onion,-1.6129,-3.1746,3.1811,-3.1746
2022-05-25,Onion,-1.6393,-2.439,1.4896,-4.7619
2022-05-26,Onion,0.0,0.0,25.0,-4.7619
2022-05-27,Onion,0.0,2.5641,25.0,-13.0435
2022-05-28,Onion,0.0,-1.2346,25.0,-14.8936
2022-05-29,Onion,-1.875,-6.5476,22.6562,-16.4894
2022-05-30,Onion,-1.9108,-6.8548,20.3125,-18.0851
2022-05-31,Onion,-1.9481,-7.1721,17.9688,-19.6809
2022-06-01,Onion,-1.9868,-7.5,15.625,-21.2766
2022-06-02,Onion,0.0,-7.5,15.625,-21.2766
2022-06-03,Onion,0.0,-7.5,15.625,-24.4898
2022-06-04,Onion,0.0,-7.5,15.625,-26.0
2022-06-05,Onion,0.0,-5.7325,15.625,-32.7273
2022-06-06,Onion,0.0,-3.8961,12.1212,-27.451
2022-06-07,Onion,0.0,-1.9868,8.8235,-26.0
2022-06-08,Onion,0.0,0.0,5.7143,-26.0
2022-06-09,Onion,0.0,0.0,2.7778,-21.2766
2022-06-10,Onion,0.0,0.0,0.0,-21.2766
2022-06-11,Onion,0.0,0.0,-2.6316,-21.2766
2022-06-12,Onion,1.6216,1.6216,-3.5897,-20.0
2022-06-13,Onion,1.5957,3.2432,-4.5,-18.7234
2022-06-14,Onion,1.5707,4.8649,-5.3659,-17.4468
2022-06-15,Onion,1.5464,6.4865,-6.1905,-16.1702
2022-06-16,Onion,1.5228,8.1081,-4.7619,-14.8936
2022-06-17,Onion,-0.5,7.5676,-2.9268,-15.3191
2022-06-18,Onion,-0.5025,7.027,-1.0,-15.7447
2022-06-19,Onion,-0.5051,4.7872,1.0256,-16.1702
2022-06-20,Onion,-0.5076,2.6178,-3.2099,-16.5958
2022-06-21,Onion,-0.5102,0.5155,-7.1429,-17.0213
2022-06-22,Onion,-0.5128,-1.5228,-6.129,-17.4468
2022-06-23,Onion,-0.5155,-3.5,-5.082,-17.8723
2022-06-24,Onion,-0.5181,-3.5176,-4.0,-18.2979
2022-06-25,Onion,-0.5208,-3.5354,-4.5,-18.7234
2022-06-26,Onion,-0.5236,-3.5533,-5.0,-19.1489
2022-06-27,Onion,0.0,-3.0612,-5.0,-19.1489
2022-06-28,Onion,0.0,-2.5641,-3.1847,-19.1489
2022-06-29,Onion,0.0,-2.0619,-1.2987,-19.1489
2022-06-30,Onion,0.0,-1.5544,0.6623,-19.1489
2022-07-01,Onion,0.0,-1.0417,2.7027,-19.1489
2022-07-02,Onion,0.0,-0.5236,2.7027,-19.1489
2022-07-03,Onion,-1.6082,-1.6082,1.0511,-20.4492
2022-07-04,Onion,-1.6345,-3.2164,-0.6006,-21.7494
2022-07-05,Onion,-1.6616,-4.8246,-2.2523,-23.0496
2022-07-06,Onion,-1.6897,-6.4327,-3.9039,-24.3499
2022-07-07,Onion,-1.7188,-8.0409,-5.5556,-25.6501
2022-07-08,Onion,-1.7488,-9.6491,-7.2072,-26.9504
2022-07-09,Onion,-1.7799,-11.2573,-8.8589,-28.2506
2022-07-10,Onion,-1.8122,-11.4413,-10.5105,-29.5508
2022-07-11,Onion,-1.8456,-11.6314,-12.1622,-30.8511
2022-07-12,Onion,-1.8803,-11.828,-15.1891,-32.1513
2022-07-13,Onion,-1.9164,-12.0313,-18.121,-33.4515
2022-07-14,Onion,-1.9538,-12.2417,-20.9622,-34.7518
2022-07-15,Onion,-1.9928,-12.4595,-23.7169,-36.052
2022-07-16,Onion,-2.0333,-12.6853,-26.3889,-37.3522
2022-07-17,Onion,-2.0755,-12.9195,-27.5544,-38.6525
2022-07-18,Onion,-2.1195,-13.1624,-28.7318,-39.9527
2022-07-19,Onion,-0.7874,-12.1951,-28.934,-40.4255
2022-07-20,Onion,0.0,-10.4796,-28.5714,-40.4255
2022-07-21,Onion,0.0,-8.6957,-28.2051,-40.4255
2022-07-22,Onion,0.0,-6.8392,-27.8351,-40.4255
2022-07-23,Onion,0.0,-4.9057,-27.4612,-40.4255
2022-07-24,Onion,0.0,-2.8902,-27.0834,-40.4255
2022-07-25,Onion,0.0,-0.7874,-26.7016,-40.4255
2022-07-26,Onion,0.0,0.0,-26.3158,-40.4255
2022-07-27,Onion,0.0,0.0,-26.3158,-40.4255
2022-07-28,Onion,0.0,0.0,-26.3158,-40.4255
2022-07-29,Onion,0.0,0.0,-26.3158,-40.4255
2022-07-30,Onion,0.0,0.0,-26.3158,-40.4255
2022-07-31,Onion,0.0,0.0,-26.3158,-40.4255
2022-08-01,Onion,0.0,0.0,-26.3158,-40.4255
2022-08-02,Onion,0.0,0.0,-25.1114,-40.4255
2022-08-03,Onion,0.0,0.0,-23.8671,-40.4255
2022-08-04,Onion,0.0,0.0,-22.5806,-40.4255
2022-08-05,Onion,0.0,0.0,-21.25,-40.4255
2022-08-06,Onion,0.0,0.0,-19.8728,-40.4255
2022-08-07,Onion,0.0,0.0,-18.4466,-40.4255
2022-08-08,Onion,0.0,0.0,-16.9687,-40.4255
2022-08-09,Onion,0.0,0.0,-15.4362,-40.4255
2022-08-10,Onion,1.9231,1.9231,-12.1893,-39.2799
2022-08-11,Onion,1.8868,3.8462,-8.818,-38.1342
2022-08-12,Onion,1.8519,5.7692,-5.3149,-36.9885
2022-08-13,Onion,1.8182,7.6923,-1.6722,-35.8429
2022-08-14,Onion,1.7857,9.6154,2.1186,-34.6972
2022-08-15,Onion,1.7544,11.5385,6.0668,-33.5516
2022-08-16,Onion,1.7241,13.4615,10.1823,-32.4059
2022-08-17,Onion,1.6949,13.2075,14.4761,-31.2602
2022-08-18,Onion,1.6667,12.963,17.3077,-30.1146
2022-08-19,Onion,1.6393,12.7273,19.2308,-28.9689
2022-08-20,Onion,1.6129,12.5,21.1539,-27.8232
2022-08-21,Onion,1.5873,12.2807,23.077,-26.6776
2022-08-22,Onion,1.5625,12.069,25.0,-23.913
2022-08-23,Onion,0.0,10.1695,25.0,-20.4545
2022-08-24,Onion,0.0,8.3333,25.0,-18.6047
2022-08-25,Onion,0.0,6.5574,25.0,-18.6047
2022-08-26,Onion,0.0,4.8387,25.0,-18.6047
2022-08-27,Onion,0.0,3.1746,25.0,-25.5319
2022-08-28,Onion,40.9524,43.1548,76.1905,4.9646
2022-08-29,Onion,0.0,40.9524,76.1905,4.9646
2022-08-30,Onion,0.0,40.9524,76.1905,14.7287
2022-08-31,Onion,0.0,40.9524,76.1905,14.7287
2022-09-01,Onion,0.0,40.9524,76.1905,14.7287
2022-09-02,Onion,0.0,40.9524,76.1905,14.7287
2022-09-03,Onion,0.0,40.9524,76.1905,14.7287
2022-09-04,Onion,0.0,0.0,76.1905,14.7287
2022-09-05,Onion,0.0,0.0,76.1905,14.7287
2022-09-06,Onion,0.0,0.0,76.1905,14.7287
2022-09-07,Onion,0.0,0.0,76.1905,14.7287
2022-09-08,Onion,0.0,0.0,76.1905,14.7287
2022-09-09,Onion,0.0,0.0,72.8662,14.7287
2022-09-10,Onion,0.0,0.0,69.6649,14.7287
2022-09-11,Onion,0.0,0.0,66.5801,14.7287
2022-09-12,Onion,-0.0,-0.0,63.6054,14.7287
2022-09-13,Onion,-0.1689,-0.1689,60.4637,14.5349
2022-09-14,Onion,-0.1692,-0.3379,57.4302,14.3411
2022-09-15,Onion,-0.1695,-0.5068,54.4996,14.1473
2022-09-16,Onion,-0.1698,-0.6757,51.6667,13.9535
2022-09-17,Onion,-0.1701,-0.8446,48.9266,13.7597
2022-09-18,Onion,-0.1704,-1.0135,46.275,13.5659
2022-09-19,Onion,-0.1706,-1.1824,43.7075,13.3721
2022-09-20,Onion,-0.1709,-1.1844,41.2202,13.1783
2022-09-21,Onion,-0.1712,-1.1864,38.8095,12.9845
2022-09-22,Onion,-0.1715,-1.1885,38.5714,12.7907
2022-09-23,Onion,-0.1718,-1.1905,38.3333,12.5969
2022-09-24,Onion,-0.1721,-1.1925,38.0952,12.4031
2022-09-25,Onion,-0.1724,-1.1945,37.8571,7.2222
2022-09-26,Onion,-0.1727,-1.1966,37.619,7.037
2022-09-27,Onion,-0.173,-1.1986,-2.5338,6.8519
2022-09-28,Onion,-0.1733,-1.2007,-2.7027,4.3478
2022-09-29,Onion,0.0,-1.0309,-2.7027,4.3478
2022-09-30,Onion,0.0,-0.8606,-2.7027,2.1277
2022-10-01,Onion,0.0,-0.6897,-2.7027,2.1277
2022-10-02,Onion,0.0,-0.5181,-2.7027,-7.6923
2022-10-03,Onion,0.0,-0.346,-2.7027,-15.7895
2022-10-04,Onion,0.0,-0.1733,-2.7027,-22.5806
2022-10-05,Onion,0.0,0.0,-2.7027,-26.1538
2022-10-06,Onion,0.0,0.0,-2.7027,-30.8486
2022-10-07,Onion,0.0,0.0,-2.7027,-30.8486
2022-10-08,Onion,0.0,0.0,-2.7027,-30.8486
2022-10-09,Onion,0.0,0.0,-2.7027,-31.4286
2022-10-10,Onion,0.0,0.0,-2.7027,-33.3333
2022-10-11,Onion,0.0,0.0,-2.7027,-33.3333
2022-10-12,Onion,0.0,0.0,-2.7027,-33.3333
2022-10-13,Onion,0.0,0.0,-2.5381,-29.4118
2022-10-14,Onion,0.0,0.0,-2.3729,-26.1538
2022-10-15,Onion,0.0,0.0,-2.2071,-23.8095
2022-10-16,Onion,0.0,0.0,-2.0408,-23.8095
2022-10-17,Onion,0.0,0.0,-1.8739,-22.5806
2022-10-18,Onion,4.1667,4.1667,2.3891,-19.3548
2022-10-19,Onion,0.0,4.1667,2.5641,-19.3548
2022-10-20,Onion,0.0,4.1667,2.7397,-16.6667
2022-10-21,Onion,0.0,4.1667,2.916,-12.2807
2022-10-22,Onion,0.0,4.1667,3.0928,-16.6667
2022-10-23,Onion,0.0,4.1667,3.2702,-13.7931
2022-10-24,Onion,0.0,4.1667,3.4483,-12.2807
2022-10-25,Onion,0.0,0.0,3.6269,-16.6667
2022-10-26,Onion,0.0,0.0,3.8062,-19.3548
2022-10-27,Onion,0.0,0.0,3.9861,-19.3548
2022-10-28,Onion,0.0,0.0,4.1667,-19.3548
2022-10-29,Onion,0.0,0.0,4.1667,-16.6667
2022-10-30,Onion,0.0,0.0,4.1667,-15.2542
2022-10-31,Onion,0.0,0.0,4.1667,-13.7931
2022-11-01,Onion,0.0,0.0,4.1667,-12.2807
2022-11-02,Onion,0.0,0.0,4.1667,-12.2807
2022-11-03,Onion,0.0,0.0,4.1667,-12.2807
2022-11-04,Onion,0.0,0.0,4.1667,-10.7143
2022-11-05,Onion,0.0,0.0,4.1667,-12.2807
2022-11-06,Onion,0.0,0.0,4.1667,-13.7931
2022-11-07,Onion,0.0,0.0,4.1667,-10.7143
2022-11-08,Onion,0.0,0.0,4.1667,-9.0909
2022-11-09,Onion,0.0,0.0,4.1667,-9.0909
2022-11-10,Onion,0.0,0.0,4.1667,-12.2807
2022-11-11,Onion,0.0,0.0,4.1667,-13.7931
2022-11-12,Onion,0.0,0.0,4.1667,-15.2542
2022-11-13,Onion,0.0,0.0,4.1667,-16.6667
2022-11-14,Onion,0.0,0.0,4.1667,-16.6667
2022-11-15,Onion,0.0,0.0,4.1667,-19.3548
2022-11-16,Onion,0.0,0.0,4.1667,-19.3548
2022-11-17,Onion,0.0,0.0,0.0,-19.3548
2022-11-18,Onion,0.0,0.0,0.0,-16.6667
2022-11-19,Onion,0.0,0.0,0.0,-16.6667
2022-11-20,Onion,0.0,0.0,0.0,-16.6667
2022-11-21,Onion,0.0,0.0,0.0,-16.6667
2022-11-22,Onion,0.0,0.0,0.0,-16.6667
2022-11-23,Onion,0.0,0.0,0.0,-13.7931
2022-11-24,Onion,0.0,0.0,0.0,-12.2807
2022-11-25,Onion,-0.0,-0.0,-0.0,-12.2807
2022-11-26,Onion,-4.0,-4.0,-4.0,-15.7895
2022-11-27,Onion,0.0,-4.0,-4.0,-15.7895
2022-11-28,Onion,0.0,-4.0,-4.0,-7.6923
2022-11-29,Onion,0.0,-4.0,-4.0,-7.6923
2022-11-30,Onion,0.0,-4.0,-4.0,-7.6923
2022-12-01,Onion,0.0,-4.0,-4.0,-7.6923
2022-12-02,Onion,0.0,-4.0,-4.0,-7.6923
2022-12-03,Onion,0.0,0.0,-4.0,-7.6923
2022-12-04,Onion,1.3889,1.3889,-2.6667,-6.4103
2022-12-05,Onion,1.3699,2.7778,-1.3333,-17.7778
2022-12-06,Onion,1.3514,4.1667,0.0,-24.2424
2022-12-07,Onion,0.0,4.1667,0.0,-27.5362
2022-12-08,Onion,0.0,4.1667,0.0,-29.5775
2022-12-09,Onion,0.0,4.1667,0.0,-30.5556
2022-12-10,Onion,0.0,4.1667,0.0,-30.5556
2022-12-11,Onion,0.0,2.7397,0.0,-26.4706
2022-12-12,Onion,0.0,1.3514,0.0,-23.0769
2022-12-13,Onion,0.0,0.0,0.0,-19.3548
2022-12-14,Onion,0.0,0.0,0.0,-16.6667
2022-12-15,Onion,0.0,0.0,0.0,-13.7931
2022-12-16,Onion,0.0,0.0,0.0,-13.7931
2022-12-17,Onion,0.0,0.0,0.0,-12.2807
2022-12-18,Onion,-1.2,-1.2,-1.2,-13.3333
2022-12-19,Onion,-1.2146,-2.4,-2.4,-6.1538
2022-12-20,Onion,-1.2295,-3.6,-3.6,-3.6
2022-12-21,Onion,-1.2448,-4.8,-4.8,-4.8
2022-12-22,Onion,-1.2605,-6.0,-6.0,-6.0
2022-12-23,Onion,-1.2766,-7.2,-7.2,-9.0196
2022-12-24,Onion,-1.2931,-8.4,-8.4,-11.9231
2022-12-25,Onion,-1.31,-8.502,-9.6,-11.3725
2022-12-26,Onion,-1.3274,-8.6066,-7.0833,-10.8
2022-12-27,Onion,-1.3453,-8.7137,-8.3333,-12.0
2022-12-28,Onion,-1.3636,-8.8235,-9.5833,-7.6596
2022-12-29,Onion,-1.3825,-8.9362,-10.8333,-4.8889
2022-12-30,Onion,-1.4019,-9.0517,-12.0833,-6.2222
2022-12-31,Onion,-1.4218,-9.1703,-13.3333,-7.5556
2023-01-01,Onion,-1.4423,-9.292,-14.5833,-8.8889
2023-01-02,Onion,-2.439,-10.3139,-16.6667,-9.0909
2023-01-03,Onion,0.0,-9.0909,-17.8082,-9.0909
2023-01-04,Onion,0.0,-7.8341,-18.9189,-9.0909
2023-01-05,Onion,0.0,-6.5421,-20.0,-6.9768
2023-01-06,Onion,0.0,-5.2133,-20.0,-4.7619
2023-01-07,Onion,0.0,-3.8462,-20.0,-4.7619
2023-01-08,Onion,0.0,-2.439,-20.0,-4.7619
2023-01-09,Onion,0.0,0.0,-20.0,-2.439
2023-01-10,Onion,-7.5,-7.5,-26.0,-7.5
2023-01-11,Onion,0.0,-7.5,-26.0,-7.5
2023-01-12,Onion,8.1081,0.0,-20.0,0.0
2023-01-13,Onion,0.0,0.0,-20.0,0.0
2023-01-14,Onion,-7.5,-7.5,-26.0,-7.5
2023-01-15,Onion,8.1081,0.0,-20.0,0.0
2023-01-16,Onion,0.0,0.0,-20.0,0.0
2023-01-17,Onion,0.0,8.1081,-19.0283,0.0
2023-01-18,Onion,0.0,8.1081,-18.0328,8.1081
2023-01-19,Onion,0.0,0.0,-17.0124,11.1111
2023-01-20,Onion,0.0,0.0,-15.9664,14.2857
2023-01-21,Onion,0.0,8.1081,-14.8936,21.2121
2023-01-22,Onion,-20.0,-20.0,-31.0345,0.0
2023-01-23,Onion,0.0,-20.0,-30.131,6.6667
2023-01-24,Onion,0.0,-20.0,-29.2035,6.6667
2023-01-25,Onion,0.0,-20.0,-28.2511,6.6667
2023-01-26,Onion,0.0,-20.0,-27.2727,6.6667
2023-01-27,Onion,15.625,-7.5,-14.7465,23.3333
2023-01-28,Onion,0.0,-7.5,-13.5514,23.3333
2023-01-29,Onion,0.0,15.625,-12.3223,23.3334
2023-01-30,Onion,0.0,15.625,-11.0577,23.3333
2023-01-31,Onion,0.0,15.625,-9.7561,23.3334
2023-02-01,Onion,-5.4054,9.375,-12.5,16.6667
2023-02-02,Onion,-0.0,9.375,-12.5,16.6667
2023-02-03,Onion,0.0,-5.4054,-12.5,16.6667
2023-02-04,Onion,0.0,-5.4054,-12.5,16.6667
2023-02-05,Onion,0.0,-5.4054,-12.5,16.6667
2023-02-06,Onion,0.0,-5.4054,-12.5,16.6667
2023-02-07,Onion,0.0,-5.4054,-12.5,16.6667
2023-02-08,Onion,0.0,-0.0,-12.5,16.6667
2023-02-09,Onion,0.0,0.0,-5.4054,16.6667
2023-02-10,Onion,0.0,0.0,-5.4054,16.6667
2023-02-11,Onion,0.0,0.0,-12.5,16.6667
2023-02-12,Onion,0.0,0.0,-12.5,-2.7778
2023-02-13,Onion,0.0,0.0,-5.4054,-10.2564
2023-02-14,Onion,-2.8571,-2.8571,-15.0,-17.0732
2023-02-15,Onion,-5.8824,-8.5714,-20.0,-23.8095
2023-02-16,Onion,0.0,-8.5714,-20.0,-25.5814
2023-02-17,Onion,0.0,-8.5714,-20.0,-27.2727
2023-02-18,Onion,0.0,-8.5714,-20.0,-28.8889
2023-02-19,Onion,0.0,-8.5714,-20.0,-28.8889
2023-02-20,Onion,0.0,-8.5714,-20.0,-31.9149
2023-02-21,Onion,0.0,-5.8824,0.0,-31.9149
2023-02-22,Onion,0.0,0.0,0.0,-31.9149
2023-02-23,Onion,0.0,0.0,0.0,-31.9149
2023-02-24,Onion,0.0,0.0,0.0,-31.9149
2023-02-25,Onion,0.0,0.0,0.0,-31.9149
2023-02-26,Onion,0.0,0.0,-13.5135,-31.9149
2023-02-27,Onion,0.0,0.0,-13.5135,-31.9149
2023-02-28,Onion,-6.25,-6.25,-18.9189,-36.1702
2023-03-01,Onion,0.0,-6.25,-18.9189,-36.1702
2023-03-02,Onion,0.0,-6.25,-18.9189,-36.1702
2023-03-03,Onion,0.0,-6.25,-14.2857,-40.0
2023-03-04,Onion,0.0,-6.25,-14.2857,-45.4545
2023-03-05,Onion,16.6667,9.375,0.0,-38.5965
2023-03-06,Onion,0.0,9.375,0.0,-39.6552
2023-03-07,Onion,0.0,16.6667,0.0,-41.6667
2023-03-08,Onion,0.0,16.6667,0.0,-41.6667
2023-03-09,Onion,0.0,16.6667,0.0,-41.6667
2023-03-10,Onion,0.0,16.6667,0.0,-41.6667
2023-03-11,Onion,0.0,16.6667,0.0,-41.6667
2023-03-12,Onion,-14.2857,-14.2857,-14.2857,-50.0
2023-03-13,Onion,0.0,-14.2857,-14.2857,-50.0
2023-03-14,Onion,0.0,-14.2857,-14.2857,-50.0
2023-03-15,Onion,0.0,-14.2857,-14.2857,-50.0
2023-03-16,Onion,0.0,-14.2857,-11.7647,-50.0
2023-03-17,Onion,0.0,-14.2857,-6.25,-50.0
2023-03-18,Onion,0.0,-14.2857,-6.25,-47.3684
2023-03-19,Onion,16.6667,16.6667,9.375,-38.5965
2023-03-20,Onion,0.0,16.6667,9.375,-38.5965
2023-03-21,Onion,5.7143,23.3333,15.625,-33.5897
2023-03-22,Onion,0.0,23.3333,15.625,-30.9333
2023-03-23,Onion,0.0,23.3333,15.625,-28.0556
2023-03-24,Onion,0.0,23.3333,15.625,-24.9275
2023-03-25,Onion,0.0,23.3333,15.625,-21.5152
2023-03-26,Onion,4.0541,10.0,20.3125,-14.4444
2023-03-27,Onion,3.8961,14.2857,25.0,-6.6667
2023-03-28,Onion,-7.5,0.0,15.625,-9.1228
2023-03-29,Onion,8.1081,8.1081,25.0,3.7037
2023-03-30,Onion,-7.5,0.0,23.3333,1.5686
2023-03-31,Onion,-5.4054,-5.4054,16.6667,2.0833
2023-04-01,Onion,0.0,-5.4054,16.6667,8.8889
2023-04-02,Onion,-0.0,-9.0909,16.6667,16.6667
2023-04-03,Onion,0.0,-12.5,16.6667,16.6667
2023-04-04,Onion,0.0,-5.4054,0.0,16.6667
2023-04-05,Onion,0.0,-12.5,0.0,16.6667
2023-04-06,Onion,-0.0,-5.4054,0.0,16.6667
2023-04-07,Onion,0.0,0.0,0.0,16.6667
2023-04-08,Onion,0.0,-0.0,0.0,16.6667
2023-04-09,Onion,0.0,0.0,0.0,16.6667
2023-04-10,Onion,0.0,0.0,0.0,16.6667
2023-04-11,Onion,0.0,0.0,16.6667,16.6667
2023-04-12,Onion,0.0,-0.0,16.6667,16.6667
2023-04-13,Onion,0.0,0.0,16.6667,16.6667
2023-04-14,Onion,0.0,0.0,16.6667,16.6667
2023-04-15,Onion,0.0,0.0,16.6667,16.6667
2023-04-16,Onion,0.0,0.0,16.6667,16.6667
2023-04-17,Onion,0.0,0.0,16.6667,16.6667
2023-04-18,Onion,3.3333,3.3333,3.3333,20.5556
2023-04-19,Onion,3.2258,6.6666,6.6666,24.4445
2023-04-20,Onion,3.125,10.0,4.054,28.3333
2023-04-21,Onion,0.0,10.0,4.0541,28.3334
2023-04-22,Onion,3.0303,13.3333,7.2072,46.9136
2023-04-23,Onion,0.8404,14.2857,8.1081,1.4896
2023-04-24,Onion,2.0833,16.6667,10.3604,3.604
2023-04-25,Onion,2.8571,16.129,9.0909,6.5641
2023-04-26,Onion,11.9048,25.8929,17.5,46.875
2023-04-27,Onion,0.0,22.0779,27.027,46.875
2023-04-28,Onion,6.383,29.8701,25.0,56.25
2023-04-29,Onion,-0.0,26.0504,35.1351,56.25
2023-04-30,Onion,0.0,25.0,42.8571,56.25
2023-05-01,Onion,0.0,22.449,42.8571,56.25
2023-05-02,Onion,4.0,23.8095,48.5714,62.5
2023-05-03,Onion,0.0,10.6383,48.5714,62.5
2023-05-04,Onion,0.0,10.6383,48.5714,62.5
2023-05-05,Onion,0.0,4.0,48.5714,62.5
2023-05-06,Onion,0.0,4.0,48.5714,62.5
2023-05-07,Onion,5.7692,10.0,57.1429,66.6667
2023-05-08,Onion,0.0,10.0,57.1429,61.7647
2023-05-09,Onion,12.7273,19.2308,77.1429,77.1429
2023-05-10,Onion,0.0,19.2308,77.1429,72.2222
2023-05-11,Onion,0.0,19.2308,77.1429,67.5676
2023-05-12,Onion,0.0,19.2308,77.1429,63.1579
2023-05-13,Onion,0.0,19.2308,77.1429,58.9744
2023-05-14,Onion,4.8387,18.1818,85.7143,62.5
2023-05-15,Onion,3.0769,21.8182,91.4286,63.4146
2023-05-16,Onion,0.0,8.0645,91.4286,59.5238
2023-05-17,Onion,7.4627,16.129,105.7143,71.4286
2023-05-18,Onion,0.0,16.129,99.0784,75.6098
2023-05-19,Onion,0.0,16.129,92.8572,80.0
2023-05-20,Onion,0.0,16.129,87.013,84.6154
2023-05-21,Onion,0.0,10.7692,87.013,77.7778
2023-05-22,Onion,0.0,7.4627,81.5126,71.4286
2023-05-23,Onion,-0.0,7.4627,80.0,74.1935
2023-05-24,Onion,0.0,0.0,76.3265,77.0492
2023-05-25,Onion,0.0,-0.0,71.4286,80.0
2023-05-26,Onion,0.0,-0.0,53.1915,80.0
2023-05-27,Onion,0.0,-0.0,53.1915,80.0
2023-05-28,Onion,0.0,-0.0,44.0,80.0
2023-05-29,Onion,0.0,-0.0,44.0,83.4395
2023-05-30,Onion,0.0,0.0,44.0,87.013
2023-05-31,Onion,6.9444,6.9444,54.0,103.9735
2023-06-01,Onion,0.0,6.9444,48.0769,108.1081
2023-06-02,Onion,0.0,6.9444,48.0769,108.1081
2023-06-03,Onion,-6.4935,0.0,38.4616,94.5946
2023-06-04,Onion,0.0,0.0,38.4616,94.5946
2023-06-05,Onion,0.0,0.0,38.4616,94.5946
2023-06-06,Onion,0.0,0.0,30.9091,94.5946
2023-06-07,Onion,-0.0,-6.4935,30.9091,94.5946
2023-06-08,Onion,0.0,-6.4935,16.129,94.5946
2023-06-09,Onion,0.0,-6.4935,16.129,94.5946
2023-06-10,Onion,0.0,-0.0,16.129,94.5946
2023-06-11,Onion,0.0,-0.0,16.129,94.5946
2023-06-12,Onion,3.4722,3.4722,20.1613,98.1383
2023-06-13,Onion,3.3557,6.9444,18.4615,101.5707
2023-06-14,Onion,0.0,6.9444,14.9254,98.4536
2023-06-15,Onion,-3.2468,3.4722,11.194,89.0863
2023-06-16,Onion,-3.3557,0.0,0.0,80.0
2023-06-17,Onion,0.0,0.0,-0.0,80.9045
2023-06-18,Onion,0.0,0.0,-0.0,81.8182
2023-06-19,Onion,0.0,-3.3557,-0.0,82.7411
2023-06-20,Onion,0.0,-6.4935,-0.0,83.6735
2023-06-21,Onion,-2.3148,-8.658,-2.3148,80.3419
2023-06-22,Onion,-2.3697,-7.83,-4.6296,76.9759
2023-06-23,Onion,-2.4272,-6.9444,-6.9444,73.5751
2023-06-24,Onion,11.9403,4.1667,4.1667,95.3125
2023-06-25,Onion,-10.6667,-6.9444,-6.9444,75.3927
2023-06-26,Onion,0.0,-6.9444,-6.9444,76.3158
2023-06-27,Onion,3.7313,-3.4722,-3.4722,82.8947
2023-06-28,Onion,3.5971,2.3697,0.0,89.4737
2023-06-29,Onion,3.4722,8.4951,3.4722,96.0526
2023-06-30,Onion,3.3557,14.9254,0.0,102.6316
2023-07-01,Onion,3.2468,6.0,3.2468,109.2105
2023-07-02,Onion,3.1447,22.3881,6.4935,115.7895
2023-07-03,Onion,-4.2683,17.1642,9.0278,109.9554
2023-07-04,Onion,-4.4586,7.9137,4.1667,103.9275
2023-07-05,Onion,0.0,4.1667,4.1667,107.3733
2023-07-06,Onion,0.0,0.6711,4.1667,110.9375
2023-07-07,Onion,0.0,-2.5974,4.1667,114.6264
2023-07-08,Onion,0.0,-5.6604,4.1667,118.4466
2023-07-09,Onion,0.0,-8.5366,4.1667,122.4053
2023-07-10,Onion,0.0,-4.4586,4.1667,126.5101
2023-07-11,Onion,-6.6667,-6.6667,-2.7778,115.3846
2023-07-12,Onion,-7.1429,-13.3333,-12.7517,103.8328
2023-07-13,Onion,0.0,-13.3333,-15.5844,107.8153
2023-07-14,Onion,0.0,-13.3333,-15.5844,111.9565
2023-07-15,Onion,0.0,-13.3333,-12.7517,116.2662
2023-07-16,Onion,0.0,-13.3333,-9.7222,120.7547
2023-07-17,Onion,0.0,-13.3333,-9.7222,125.4335
2023-07-18,Onion,0.0,-7.1429,-9.7222,130.315
2023-07-19,Onion,0.0,0.0,-9.7222,132.1429
2023-07-20,Onion,0.0,0.0,-9.7222,132.1429
2023-07-21,Onion,0.0,0.0,-7.5829,132.1429
2023-07-22,Onion,0.0,0.0,-5.3398,132.1429
2023-07-23,Onion,-4.6154,-4.6154,-7.4627,121.4286
2023-07-24,Onion,0.0,-4.6154,-17.3333,121.4286
2023-07-25,Onion,0.0,-4.6154,-7.4627,121.4286
2023-07-26,Onion,0.0,-4.6154,-7.4627,121.4286
2023-07-27,Onion,0.0,-4.6154,-10.7914,121.4286
2023-07-28,Onion,0.0,-4.6154,-13.8889,121.4286
2023-07-29,Onion,0.0,-4.6154,-16.7785,121.4286
2023-07-30,Onion,0.0,0.0,-19.4805,121.4286
2023-07-31,Onion,0.0,0.0,-22.0126,121.4286
2023-08-01,Onion,0.0,0.0,-24.3902,121.4286
2023-08-02,Onion,0.0,0.0,-21.0191,121.4286
2023-08-03,Onion,0.0,0.0,-17.3333,121.4286
2023-08-04,Onion,0.0,0.0,-17.3333,121.4286
2023-08-05,Onion,0.0,0.0,-17.3333,121.4286
2023-08-06,Onion,12.0968,12.0968,-7.3333,148.2143
2023-08-07,Onion,10.7914,24.1935,2.6667,175.0
2023-08-08,Onion,0.7792,25.1613,3.4667,177.1429
2023-08-09,Onion,0.7732,26.129,4.2667,179.2857
2023-08-10,Onion,0.7673,27.0968,12.5714,176.1186
2023-08-11,Onion,0.7614,28.0645,22.1538,173.0688
2023-08-12,Onion,0.7557,29.0323,23.0769,170.1299
2023-08-13,Onion,2.5,17.9856,26.1538,171.9388
2023-08-14,Onion,-3.0488,3.2468,22.3077,159.0226
2023-08-15,Onion,-3.1447,-0.7732,18.4615,146.5517
2023-08-16,Onion,-3.2468,-4.7315,14.6154,134.5036
2023-08-17,Onion,-3.3557,-8.6294,10.7692,122.8571
2023-08-18,Onion,6.9444,-3.0227,18.4615,134.4262
2023-08-19,Onion,6.4935,2.5,26.1538,145.6221
2023-08-20,Onion,0.0,0.0,26.1538,141.7234
2023-08-21,Onion,0.0,3.1447,26.1538,137.9464
2023-08-22,Onion,0.0,6.4935,32.2581,134.2857
2023-08-23,Onion,0.0,10.0671,32.2581,134.2857
2023-08-24,Onion,0.0,13.8889,32.2581,134.2857
2023-08-25,Onion,0.0,6.4935,32.2581,134.2857
2023-08-26,Onion,0.0,0.0,32.2581,134.2857
2023-08-27,Onion,0.7317,0.7317,33.2258,136.0
2023-08-28,Onion,0.7264,1.4634,34.1935,68.6486
2023-08-29,Onion,0.7212,2.1951,35.1613,69.8648
2023-08-30,Onion,0.716,2.9268,36.129,71.0811
2023-08-31,Onion,0.7109,3.6585,37.0968,72.2973
2023-09-01,Onion,0.0,3.6585,37.0968,72.2973
2023-09-02,Onion,0.0,3.6585,37.0968,72.2973
2023-09-03,Onion,-3.5294,-0.7264,32.2581,66.2162
2023-09-04,Onion,0.0,-1.4423,32.2581,66.2162
2023-09-05,Onion,0.0,-2.148,17.9856,66.2162
2023-09-06,Onion,0.0,-2.8436,6.4935,66.2162
2023-09-07,Onion,0.0,-3.5294,5.6701,66.2162
2023-09-08,Onion,0.0,-3.5294,4.8593,66.2162
2023-09-09,Onion,0.0,-3.5294,4.0609,66.2162
2023-09-10,Onion,0.0,0.0,3.2746,66.2162
2023-09-11,Onion,-8.5366,-8.5366,-6.25,52.027
2023-09-12,Onion,0.0,-8.5366,-8.5366,52.027
2023-09-13,Onion,0.0,-8.5366,-5.6604,52.2843
2023-09-14,Onion,0.0,-8.5366,-2.5974,52.5424
2023-09-15,Onion,0.0,-8.5366,0.6711,52.8014
2023-09-16,Onion,0.0,-8.5366,4.1667,53.0612
2023-09-17,Onion,0.0,-8.5366,-2.5974,53.322
2023-09-18,Onion,0.0,0.0,-8.5366,53.5836
2023-09-19,Onion,0.0,0.0,-8.5366,53.8462
2023-09-20,Onion,0.0,0.0,-8.5366,54.1096
2023-09-21,Onion,0.0,0.0,-8.5366,54.3739
2023-09-22,Onion,0.0,0.0,-8.5366,54.6392
2023-09-23,Onion,0.0,0.0,-8.5366,54.9053
2023-09-24,Onion,0.0,0.0,-8.5366,55.1724
2023-09-25,Onion,0.0,0.0,-8.5366,55.4404
2023-09-26,Onion,0.0,0.0,-9.201,55.7093
2023-09-27,Onion,1.9048,1.9048,-8.1387,58.9502
2023-09-28,Onion,1.8692,3.8095,-7.0917,62.2024
2023-09-29,Onion,1.8349,5.7143,-6.0596,65.1786
2023-09-30,Onion,1.8018,7.619,-5.042,68.1548
2023-10-01,Onion,1.7699,9.5238,-3.3613,71.131
2023-10-02,Onion,1.7391,11.4286,-1.6807,74.1071
2023-10-03,Onion,1.7094,13.3333,3.6585,77.0833
2023-10-04,Onion,0.0,11.215,3.6585,77.0833
2023-10-05,Onion,0.0,9.1743,3.6585,77.0833
2023-10-06,Onion,1.9608,9.3093,5.691,80.5556
2023-10-07,Onion,1.9231,9.4395,7.7236,84.0278
2023-10-08,Onion,1.8868,9.5652,9.7561,87.5
2023-10-09,Onion,0.0,7.6923,9.7561,87.5
2023-10-10,Onion,0.0,5.8824,9.7561,87.5
2023-10-11,Onion,0.0,5.8824,20.0,87.5
2023-10-12,Onion,0.0,5.8824,20.0,87.5
2023-10-13,Onion,0.0,3.8462,20.0,87.5
2023-10-14,Onion,0.7407,2.6415,20.8889,88.8889
2023-10-15,Onion,0.3676,1.1111,21.3333,89.5833
2023-10-16,Onion,0.3663,1.4815,21.7778,90.2778
2023-10-17,Onion,0.7299,2.2222,22.6667,91.6667
2023-10-18,Onion,3.2609,5.5556,26.6667,90.0
2023-10-19,Onion,0.0,5.5555,26.6667,90.0
2023-10-20,Onion,0.0,5.5555,26.6667,90.0
2023-10-21,Onion,2.1053,6.9853,29.3333,94.0
2023-10-22,Onion,0.0,6.5934,29.3333,94.0
2023-10-23,Onion,0.0,6.2044,29.3333,94.0
2023-10-24,Onion,0.0,5.4348,29.3333,94.0
2023-10-25,Onion,0.0,2.1053,29.3333,94.0
2023-10-26,Onion,3.0928,5.2632,33.3333,100.0
2023-10-27,Onion,0.0,5.2632,30.8411,100.0
2023-10-28,Onion,0.0,3.0928,28.4404,100.0
2023-10-29,Onion,11.0,14.433,40.0,122.0
2023-10-30,Onion,9.9099,25.7732,51.1504,144.0
2023-10-31,Onion,4.0984,30.9278,54.6087,154.0
2023-11-01,Onion,2.3622,34.0206,55.5556,160.0
2023-11-02,Onion,0.0,30.0,52.9412,160.0
2023-11-03,Onion,0.0,30.0,52.9412,160.0
2023-11-04,Onion,-0.7692,29.0,51.7647,158.0
2023-11-05,Onion,-0.7752,15.3153,47.6923,156.0
2023-11-06,Onion,-0.7812,4.0984,43.7736,154.0
2023-11-07,Onion,3.937,3.937,46.6667,164.0
2023-11-08,Onion,0.0,1.5385,46.6667,164.0
2023-11-09,Onion,0.0,1.5385,46.6667,164.0
2023-11-10,Onion,-3.7879,-2.3077,41.1111,154.0
2023-11-11,Onion,0.0,-1.5504,41.1111,154.0
2023-11-12,Onion,-1.5748,-2.3438,38.8889,150.0
2023-11-13,Onion,0.0,-1.5748,37.8676,150.0
2023-11-14,Onion,0.0,-5.303,37.3626,150.0
2023-11-15,Onion,-5.2,-10.2273,29.7445,137.0
2023-11-16,Onion,-5.4852,-15.1515,21.7391,124.0
2023-11-17,Onion,0.0,-11.811,17.8947,124.0
2023-11-18,Onion,0.0,-11.811,17.8947,124.0
2023-11-19,Onion,0.0,-10.4,17.8947,124.0
2023-11-20,Onion,0.0,-10.4,15.4639,124.0
2023-11-21,Onion,0.0,-10.4,15.4639,124.0
2023-11-22,Onion,2.6786,-2.9536,18.5567,130.0
2023-11-23,Onion,-4.3478,-1.7857,13.4021,120.0
2023-11-24,Onion,0.0,-1.7857,13.4021,120.0
2023-11-25,Onion,0.0,-1.7857,10.0,120.0
2023-11-26,Onion,4.5455,2.6786,15.0,139.5833
2023-11-27,Onion,0.0,2.6786,15.0,139.5833
2023-11-28,Onion,-4.3478,-1.7857,-0.9009,129.1667
2023-11-29,Onion,1.8182,-2.6087,-8.1967,133.3333
2023-11-30,Onion,0.0,1.8182,-11.811,133.3333
2023-12-01,Onion,2.6786,4.5455,-11.5385,139.5833
2023-12-02,Onion,0.0,4.5455,-11.5385,139.5833
2023-12-03,Onion,4.3478,4.3478,-7.6923,150.0
2023-12-04,Onion,5.8333,10.4348,-1.5504,160.9589
2023-12-05,Onion,-3.937,10.9091,-4.6875,147.2973
2023-12-06,Onion,4.0984,13.3929,0.0,154.0
2023-12-07,Onion,0.0,13.3929,-3.7879,154.0
2023-12-08,Onion,2.3622,13.0435,-1.5152,160.0
2023-12-09,Onion,20.8188,36.5778,18.9883,214.129
2023-12-10,Onion,0.0,30.8871,23.6728,214.129
2023-12-11,Onion,-4.4978,18.1102,18.1102,200.0
2023-12-12,Onion,-8.6667,12.2951,9.6,174.0
2023-12-13,Onion,-8.7591,-1.5748,0.0,150.0
2023-12-14,Onion,0.0,-1.5748,0.0,150.0
2023-12-15,Onion,0.0,-3.8462,5.4852,150.0
2023-12-16,Onion,4.8,-16.5948,16.9643,162.0
2023-12-17,Onion,4.5802,-12.7747,22.3214,174.0
2023-12-18,Onion,-5.1095,-13.3333,16.0714,163.1579
2023-12-19,Onion,-15.3846,-19.708,-1.7857,125.4098
2023-12-20,Onion,-4.5455,-16.0,-6.25,117.8423
2023-12-21,Onion,4.7619,-12.0,-1.7857,131.0924
2023-12-22,Onion,0.0,-12.0,-4.3478,134.0426
2023-12-23,Onion,0.0,-16.0305,0.0,137.069
2023-12-24,Onion,0.0,-19.708,0.0,140.1747
2023-12-25,Onion,-5.9091,-20.3846,-5.9091,128.9823
2023-12-26,Onion,-6.2802,-11.8182,-15.6522,117.4888
2023-12-27,Onion,-12.3711,-19.0476,-26.087,93.1818
2023-12-28,Onion,14.1176,-11.8182,-11.8182,123.5023
2023-12-29,Onion,0.0,-11.8182,-13.3929,126.6355
2023-12-30,Onion,-5.1546,-16.3636,-17.8571,118.0095
2023-12-31,Onion,-2.1739,-18.1818,-21.7391,116.3462
2024-01-01,Onion,0.0,-13.0435,-21.7391,119.5122
2024-01-02,Onion,-5.5556,-12.3711,-29.1667,112.5
2024-01-03,Onion,0.0,0.0,-33.0709,112.5
2024-01-04,Onion,0.0,-12.3711,-30.3279,112.5
2024-01-05,Onion,0.0,-12.3711,-33.0709,112.5
2024-01-06,Onion,0.0,-7.6087,-33.0709,112.5
2024-01-07,Onion,2.9412,-2.7778,-32.6923,118.75
2024-01-08,Onion,2.8571,0.0,-42.6987,125.0
2024-01-09,Onion,2.2222,8.2353,-41.4253,130.0
2024-01-10,Onion,-2.1739,5.8824,-40.0,143.2432
2024-01-11,Onion,0.0,5.8824,-34.3066,143.2432
2024-01-12,Onion,0.0,5.8824,-28.0,125.0
2024-01-13,Onion,0.0,5.8824,-28.0,125.0
2024-01-14,Onion,-11.1111,-8.5714,-36.0,116.2162
2024-01-15,Onion,0.0,-11.1111,-38.9313,100.0
2024-01-16,Onion,0.0,-13.0435,-41.6058,100.0
2024-01-17,Onion,0.0,-11.1111,-38.4615,100.0
2024-01-18,Onion,-6.25,-16.6667,-31.8182,87.5
2024-01-19,Onion,0.0,-16.6667,-28.5714,87.5
2024-01-20,Onion,0.0,-16.6667,-31.8182,87.5
2024-01-21,Onion,-6.6667,-12.5,-36.3636,75.0
2024-01-22,Onion,10.0,-3.75,-30.0,140.625
2024-01-23,Onion,0.0,-3.75,-30.0,140.625
2024-01-24,Onion,10.3896,6.25,-17.8744,165.625
2024-01-25,Onion,0.0,13.3333,-12.3711,165.625
2024-01-26,Onion,-3.5294,9.3333,-3.5294,156.25
2024-01-27,Onion,0.0,9.3333,-15.4639,121.6216
2024-01-28,Onion,15.8537,35.7143,-2.0619,156.7568
2024-01-29,Onion,0.0,23.3766,3.2609,156.7568
2024-01-30,Onion,-3.1579,19.4805,2.2222,148.6486
2024-01-31,Onion,-2.1739,5.8824,0.0,143.2432
2024-02-01,Onion,-5.5556,0.0,0.0,142.8571
2024-02-02,Onion,0.0,3.6585,0.0,142.8571
2024-02-03,Onion,0.0,3.6585,0.0,142.8571
2024-02-04,Onion,8.2353,-3.1579,8.2353,162.8571
2024-02-05,Onion,0.0,-3.1579,8.2353,162.8571
2024-02-06,Onion,0.0,0.0,5.1429,162.8571
2024-02-07,Onion,0.0,2.2222,2.2222,162.8571
2024-02-08,Onion,3.2609,11.7647,3.2609,171.4286
2024-02-09,Onion,15.7895,29.4118,22.2222,214.2857
2024-02-10,Onion,-1.3636,27.6471,20.5556,210.0
2024-02-11,Onion,-1.3825,16.3043,18.8889,205.7143
2024-02-12,Onion,-1.8692,14.1304,16.6667,200.0
2024-02-13,Onion,0.0,14.1304,31.25,200.0
2024-02-14,Onion,4.7619,19.5652,37.5,223.5294
2024-02-15,Onion,-4.5455,10.5263,31.25,228.125
2024-02-16,Onion,0.0,-4.5455,31.25,228.125
2024-02-17,Onion,6.6667,3.2258,49.3333,250.0
2024-02-18,Onion,-10.7143,-6.5421,33.3333,212.5
2024-02-19,Onion,0.0,-4.7619,33.3333,212.5
2024-02-20,Onion,10.0,4.7619,57.1429,243.75
2024-02-21,Onion,2.2727,2.2727,46.1039,251.5625
2024-02-22,Onion,2.2222,9.5238,49.3506,259.375
2024-02-23,Onion,0.0,9.5238,35.2941,259.375
2024-02-24,Onion,0.0,2.6786,35.2941,259.375
2024-02-25,Onion,0.0,15.0,40.2439,259.375
2024-02-26,Onion,0.0,15.0,40.2439,259.375
2024-02-27,Onion,0.0,4.5455,21.0526,259.375
2024-02-28,Onion,0.0,2.2222,21.0526,283.3333
2024-02-29,Onion,0.0,0.0,25.0,283.3333
2024-03-01,Onion,0.0,0.0,27.7778,283.3333
2024-03-02,Onion,0.0,0.0,35.2941,283.3333
2024-03-03,Onion,0.0,0.0,35.2941,283.3333
2024-03-04,Onion,0.0,0.0,35.2941,228.5714
2024-03-05,Onion,-7.2464,-7.2464,15.942,204.7619
2024-03-06,Onion,-7.8125,-14.4928,6.8841,180.9524
2024-03-07,Onion,-8.4746,-21.7391,-2.1739,157.1429
2024-03-08,Onion,0.0,-21.7391,-2.1739,157.1429
2024-03-09,Onion,5.5556,-17.3913,0.0,171.4286
2024-03-10,Onion,0.0,-17.3913,-13.6364,171.4286
2024-03-11,Onion,0.0,-17.3913,-12.4424,216.6667
2024-03-12,Onion,5.2632,-6.25,-6.5421,233.3333
2024-03-13,Onion,-10.0,-8.4746,-14.2857,200.0
2024-03-14,Onion,-5.5556,-5.5556,-19.0476,183.3333
2024-03-15,Onion,0.0,-5.5556,-22.7273,183.3333
2024-03-16,Onion,-5.8824,-15.7895,-23.8095,166.6667
2024-03-17,Onion,-6.25,-21.0526,-28.5714,150.0
2024-03-18,Onion,-6.6667,-26.3158,-37.5,100.0
2024-03-19,Onion,-7.1429,-35.0,-35.0,85.7143
2024-03-20,Onion,0.0,-27.7778,-35.0,75.6757
2024-03-21,Onion,-4.6154,-27.0588,-43.6364,67.5676
2024-03-22,Onion,4.8387,-23.5294,-42.2222,75.6757
2024-03-23,Onion,0.0,-18.75,-43.4783,75.6757
2024-03-24,Onion,0.0,-13.3333,-43.4783,75.6757
2024-03-25,Onion,-1.5385,-8.5714,-44.3478,66.2338
2024-03-26,Onion,0.7812,-0.7692,-43.913,61.25
2024-03-27,Onion,0.7752,0.0,-43.4783,75.6757
2024-03-28,Onion,-12.3077,-8.0645,-50.4348,42.5
2024-03-29,Onion,0.0,-12.3077,-50.4348,54.0541
2024-03-30,Onion,-1.2394,-13.3945,-51.0491,60.8387
2024-03-31,Onion,0.0,-13.3945,-51.0491,60.8387
2024-04-01,Onion,0.0,-12.0413,-51.0491,60.8387
2024-04-02,Onion,0.0,-12.7232,-51.0491,60.8387
2024-04-03,Onion,0.0,-13.3945,-51.0491,60.8387
2024-04-04,Onion,-16.5091,-17.5439,-55.9375,34.2857
2024-04-05,Onion,0.0,-17.5439,-52.2034,34.2857
2024-04-06,Onion,0.0,-16.5091,-47.7778,34.2857
2024-04-07,Onion,10.6383,-7.6271,-42.2222,48.5714
2024-04-08,Onion,9.6154,1.2549,-40.0,62.8571
2024-04-09,Onion,5.2632,6.5841,-36.8421,71.4286
2024-04-10,Onion,0.0,6.5841,-36.8421,71.4286
2024-04-11,Onion,0.0,27.6596,-40.0,71.4286
2024-04-12,Onion,0.0,27.6596,-33.3333,71.4286
2024-04-13,Onion,0.0,27.6596,-29.4118,71.4286
2024-04-14,Onion,0.0,15.3846,-29.4118,71.4286
2024-04-15,Onion,0.0,5.2632,-25.0,71.4286
2024-04-16,Onion,0.0,0.0,-20.0,71.4286
2024-04-17,Onion,0.0,0.0,-14.2857,65.8987
2024-04-18,Onion,0.0,0.0,-7.6923,60.7143
2024-04-19,Onion,0.0,0.0,-7.6923,55.8442
2024-04-20,Onion,0.0,0.0,-3.2258,55.8442
2024-04-21,Onion,3.3333,3.3333,-4.6154,56.3025
2024-04-22,Onion,0.0,3.3333,-4.6154,55.0
2024-04-23,Onion,0.0,3.3333,-4.6154,51.8367
2024-04-24,Onion,0.0,3.3333,-3.125,47.6191
2024-04-25,Onion,-0.0,3.3333,-3.876,31.9149
2024-04-26,Onion,0.0,3.3333,-4.6154,31.9149
2024-04-27,Onion,0.0,3.3333,8.7719,24.0
2024-04-28,Onion,4.8387,4.8387,14.0351,30.0
2024-04-29,Onion,0.0,4.8387,15.4662,30.0
2024-04-30,Onion,0.0,4.8387,15.4662,30.0
2024-05-01,Onion,3.0769,8.0645,19.019,28.8462
2024-05-02,Onion,0.0,8.0645,19.019,28.8462
2024-05-03,Onion,0.7462,8.871,19.9072,29.8077
2024-05-04,Onion,3.7037,12.9032,48.9362,34.6154
2024-05-05,Onion,0.0,7.6923,48.9362,34.6154
2024-05-06,Onion,0.0,7.6923,48.9362,27.2727
2024-05-07,Onion,-0.0,7.6923,34.6154,27.2727
2024-05-08,Onion,0.0,4.4776,22.807,12.9032
2024-05-09,Onion,0.0,4.4776,16.6667,12.9032
2024-05-10,Onion,0.0,3.7037,16.6667,12.9032
2024-05-11,Onion,0.0,0.0,16.6667,12.9032
2024-05-12,Onion,0.0,0.0,16.6667,12.9032
2024-05-13,Onion,-0.0,0.0,16.6667,7.6923
2024-05-14,Onion,0.0,0.0,16.6667,4.4776
2024-05-15,Onion,0.0,0.0,16.6667,4.4776
2024-05-16,Onion,0.0,0.0,16.6667,-2.7778
2024-05-17,Onion,0.0,-0.0,16.6667,-2.7778
2024-05-18,Onion,1.4286,1.4286,18.3333,-1.3889
2024-05-19,Onion,1.4085,2.8571,20.0,-0.0
2024-05-20,Onion,-0.0,2.8571,20.0,-0.0
2024-05-21,Onion,0.0,2.8571,16.129,-0.0
2024-05-22,Onion,0.0,2.8571,16.129,-0.0
2024-05-23,Onion,0.0,2.8571,16.129,0.0
2024-05-24,Onion,0.0,2.8571,16.129,0.0
2024-05-25,Onion,0.0,1.4085,16.129,0.0
2024-05-26,Onion,0.0,0.0,16.129,0.0
2024-05-27,Onion,0.0,0.0,16.129,0.0
2024-05-28,Onion,0.0,0.0,10.7692,0.0
2024-05-29,Onion,0.0,0.0,10.7692,0.0
2024-05-30,Onion,6.9444,6.9444,18.4615,0.0
2024-05-31,Onion,0.0,6.9444,14.9254,0.0
2024-06-01,Onion,0.0,6.9445,14.9254,0.0
2024-06-02,Onion,3.8961,11.1111,18.5185,11.1111
2024-06-03,Onion,0.0,11.1111,14.2857,11.1111
2024-06-04,Onion,0.0,11.1111,14.2857,11.1111
2024-06-05,Onion,0.0,11.1111,14.2857,11.1111
2024-06-06,Onion,0.0,3.8961,14.2857,11.1111
2024-06-07,Onion,2.5,6.4935,17.1429,13.8889
2024-06-08,Onion,0.0,6.4935,17.1429,13.8889
2024-06-09,Onion,0.0,2.5,17.1429,13.8889
2024-06-10,Onion,3.6585,6.25,21.4285,18.0555
2024-06-11,Onion,0.0,6.25,21.4285,14.0939
2024-06-12,Onion,0.0,6.25,21.4286,10.3896
2024-06-13,Onion,0.0,6.25,21.4286,10.3896
2024-06-14,Onion,0.5882,4.2683,22.1429,14.7651
2024-06-15,Onion,0.5848,4.878,22.8571,19.4444
2024-06-16,Onion,0.5814,5.4878,23.5714,20.1389
2024-06-17,Onion,0.578,2.3529,22.5352,20.8333
2024-06-18,Onion,0.0,2.3529,20.8333,20.8333
2024-06-19,Onion,0.0,2.3529,20.8333,20.8333
2024-06-20,Onion,0.0,2.3529,20.8333,23.6967
2024-06-21,Onion,0.0,1.7544,20.8333,26.699
2024-06-22,Onion,0.0,1.1628,20.8333,29.8507
2024-06-23,Onion,0.0,0.578,20.8333,16.0
2024-06-24,Onion,3.4483,3.4483,25.0,34.3283
2024-06-25,Onion,2.2222,5.7471,27.7778,37.3134
2024-06-26,Onion,3.2609,9.1954,31.9444,36.6906
2024-06-27,Onion,0.0,9.1954,31.9444,31.9444
2024-06-28,Onion,0.0,9.1954,31.9444,27.5168
2024-06-29,Onion,0.0,9.1954,23.3766,23.3766
2024-06-30,Onion,0.0,9.1954,23.3766,19.4969
2024-07-01,Onion,0.0,5.5556,23.3766,15.8537
2024-07-02,Onion,2.1053,5.4348,21.25,23.5669
2024-07-03,Onion,0.0,2.1053,21.25,29.3333
2024-07-04,Onion,0.0,2.1053,21.25,29.3333
2024-07-05,Onion,0.0,2.1053,21.25,29.3333
2024-07-06,Onion,8.2474,10.5263,31.25,40.0
2024-07-07,Onion,4.7619,15.7895,34.1464,46.6667
2024-07-08,Onion,0.0,15.7895,34.1463,46.6667
2024-07-09,Onion,-0.0,13.4021,34.1463,46.6667
2024-07-10,Onion,0.0,13.4021,29.4118,57.1429
2024-07-11,Onion,1.8182,15.4639,31.7647,72.3077
2024-07-12,Onion,0.0,15.4639,31.7647,72.3077
2024-07-13,Onion,0.0,6.6667,31.7647,72.3077
2024-07-14,Onion,2.6786,4.5454,34.5029,76.9231
2024-07-15,Onion,0.0,4.5454,33.7209,76.9231
2024-07-16,Onion,0.0,4.5455,32.948,76.9231
2024-07-17,Onion,0.0,4.5455,32.1839,76.9231
2024-07-18,Onion,0.0,2.6786,32.1839,76.9231
2024-07-19,Onion,-0.3727,2.2959,31.6913,76.2637
2024-07-20,Onion,-0.3741,1.9133,31.1987,75.6044
2024-07-21,Onion,-0.3755,-1.118,30.7061,74.9451
2024-07-22,Onion,-0.3769,-1.4907,30.2135,82.7189
2024-07-23,Onion,-0.3783,-1.8634,29.7209,82.0276
2024-07-24,Onion,-0.3797,-2.236,24.9206,81.3364
2024-07-25,Onion,-0.3812,-2.6087,21.7391,80.6452
2024-07-26,Onion,0.0,-2.2444,17.8947,80.6452
2024-07-27,Onion,2.6786,0.7509,21.0526,85.4839
2024-07-28,Onion,0.0,1.1307,21.0526,85.4839
2024-07-29,Onion,0.0,1.5132,21.0526,85.4839
2024-07-30,Onion,0.0,1.8987,21.0526,85.4839
2024-07-31,Onion,0.0,2.2872,21.0526,85.4839
2024-08-01,Onion,-0.0,2.6786,18.5567,85.4839
2024-08-02,Onion,0.0,2.6786,18.5567,85.4839
2024-08-03,Onion,0.0,-0.0,18.5567,85.4839
2024-08-04,Onion,0.0,0.0,18.5567,85.4839
2024-08-05,Onion,0.0,0.0,9.5238,65.4676
2024-08-06,Onion,0.0,0.0,4.5454,49.3506
2024-08-07,Onion,0.0,0.0,4.5454,48.1959
2024-08-08,Onion,0.0,0.0,4.5455,47.0588
2024-08-09,Onion,0.0,0.0,4.5455,45.9391
2024-08-10,Onion,0.0,0.0,2.6786,44.8363
2024-08-11,Onion,0.0,0.0,2.6786,43.75
2024-08-12,Onion,-0.0,0.0,2.6786,40.2439
2024-08-13,Onion,0.0,0.0,0.0,44.6541
2024-08-14,Onion,0.0,0.0,0.0,49.3506
2024-08-15,Onion,0.0,0.0,0.0,54.3624
2024-08-16,Onion,0.0,0.0,0.0,59.7222
2024-08-17,Onion,0.0,0.0,0.0,49.3506
2024-08-18,Onion,0.0,-0.0,0.3741,40.2439
2024-08-19,Onion,-0.0,-0.0,0.7509,40.2439
2024-08-20,Onion,0.0,-0.0,1.1306,40.2439
2024-08-21,Onion,0.0,-0.0,1.5132,40.2439
2024-08-22,Onion,0.0,-0.0,1.8987,40.2439
2024-08-23,Onion,0.0,-0.0,2.2872,40.2439
2024-08-24,Onion,0.0,0.0,2.6786,40.2439
2024-08-25,Onion,0.0,0.0,2.6786,40.2439
2024-08-26,Onion,0.0,0.0,0.0,39.2252
2024-08-27,Onion,0.0,0.0,0.0,38.2212
2024-08-28,Onion,0.0,0.0,0.0,37.2315
2024-08-29,Onion,0.0,0.0,0.0,36.2559
2024-08-30,Onion,0.0,0.0,0.0,35.2941
2024-08-31,Onion,0.0,0.0,0.0,35.2941
2024-09-01,Onion,0.0,0.0,0.0,35.2941
2024-09-02,Onion,0.0,0.0,0.0,40.2439
2024-09-03,Onion,0.0,0.0,0.0,40.2439
2024-09-04,Onion,-0.0,-0.0,-0.0,40.2439
2024-09-05,Onion,0.0,0.0,0.0,40.2439
2024-09-06,Onion,0.0,0.0,0.0,40.2439
2024-09-07,Onion,0.0,0.0,0.0,40.2439
2024-09-08,Onion,0.0,0.0,0.0,40.2439
2024-09-09,Onion,0.0,0.0,0.0,40.2439
2024-09-10,Onion,0.0,0.0,-0.0,53.3333
2024-09-11,Onion,0.0,0.0,0.0,53.3333
2024-09-12,Onion,0.0,0.0,0.0,53.3333
2024-09-13,Onion,0.0,0.0,0.0,53.3333
2024-09-14,Onion,0.0,0.0,0.0,53.3333
2024-09-15,Onion,-1.3043,-1.3043,-1.3043,51.3333
2024-09-16,Onion,-1.3216,-2.6087,-2.6087,49.3333
2024-09-17,Onion,-0.0,-2.6087,-2.6087,49.3333
2024-09-18,Onion,0.0,-2.6087,-2.6087,49.3333
2024-09-19,Onion,-0.0,-2.6087,-2.6087,49.3333
2024-09-20,Onion,-1.7857,-4.3478,-4.3478,46.6667
2024-09-21,Onion,0.0,-4.3478,-4.3478,46.6667
2024-09-22,Onion,0.0,-3.0837,-4.3478,46.6667
2024-09-23,Onion,-0.0,-1.7857,-4.3478,46.6667
2024-09-24,Onion,0.0,-1.7857,-4.3478,46.6667
2024-09-25,Onion,0.0,-1.7857,-4.3478,46.6667
2024-09-26,Onion,0.0,-1.7857,-4.3478,43.9252
2024-09-27,Onion,0.0,0.0,-4.3478,41.2844
2024-09-28,Onion,0.0,0.0,-4.3478,38.7387
2024-09-29,Onion,-0.0,-0.0,-4.3478,36.2832
2024-09-30,Onion,0.0,-0.0,-4.3478,33.913
2024-10-01,Onion,0.0,-0.0,-4.3478,31.6239
2024-10-02,Onion,0.0,-0.0,-4.3478,29.4118
2024-10-03,Onion,0.0,-0.0,-4.3478,29.4118
2024-10-04,Onion,0.0,-0.0,-4.3478,29.4118
2024-10-05,Onion,0.0,0.0,-4.3478,26.9231
2024-10-06,Onion,0.0,0.0,-4.3478,24.5283
2024-10-07,Onion,0.0,0.0,-4.3478,22.2222
2024-10-08,Onion,0.0,0.0,-4.3478,22.2222
2024-10-09,Onion,4.5455,4.5455,0.0,27.7778
2024-10-10,Onion,0.0,4.5455,0.0,27.7778
2024-10-11,Onion,0.0,4.5455,0.0,27.7778
2024-10-12,Onion,0.0,4.5455,0.0,27.7778
2024-10-13,Onion,0.0,4.5455,0.0,26.8382
2024-10-14,Onion,0.0,4.5455,0.0,26.3736
2024-10-15,Onion,0.0,4.5455,1.3216,25.9124
2024-10-16,Onion,0.0,0.0,2.6786,25.0
2024-10-17,Onion,0.0,0.0,2.6786,21.0526
2024-10-18,Onion,0.0,0.0,2.6786,21.0526
2024-10-19,Onion,0.0,0.0,2.6786,21.0526
2024-10-20,Onion,4.3478,4.3478,9.0909,23.7113
2024-10-21,Onion,0.0,4.3478,9.0909,23.7113
2024-10-22,Onion,1.6667,6.087,10.9091,25.7732
2024-10-23,Onion,0.0,6.087,10.9091,25.7732
2024-10-24,Onion,0.0,6.087,10.9091,25.7732
2024-10-25,Onion,2.459,8.6957,13.6364,25.0
2024-10-26,Onion,12.0,21.7391,27.2727,40.0
2024-10-27,Onion,0.0,16.6667,27.2727,40.0
2024-10-28,Onion,0.0,16.6667,27.2727,26.1261
2024-10-29,Onion,0.0,14.7541,27.2727,14.7541
2024-10-30,Onion,0.0,14.7541,27.2727,10.2362
2024-10-31,Onion,0.0,14.7541,27.2727,7.6923
2024-11-01,Onion,0.0,12.0,27.2727,7.6923
2024-11-02,Onion,0.0,0.0,27.2727,7.6923
2024-11-03,Onion,0.0,0.0,27.2727,8.5271
2024-11-04,Onion,0.0,0.0,27.2727,9.375
2024-11-05,Onion,0.0,0.0,27.2727,10.2362
2024-11-06,Onion,0.0,0.0,27.2727,6.0606
2024-11-07,Onion,0.0,0.0,27.2727,6.0606
2024-11-08,Onion,0.0,0.0,21.7391,6.0606
2024-11-09,Onion,0.0,0.0,21.7391,10.2362
2024-11-10,Onion,0.0,0.0,21.7391,10.2362
2024-11-11,Onion,0.0,0.0,21.7391,12.0
2024-11-12,Onion,0.0,0.0,21.7391,12.0
2024-11-13,Onion,0.0,0.0,21.7391,12.0
2024-11-14,Onion,0.0,0.0,21.7391,18.1435
2024-11-15,Onion,0.0,0.0,21.7391,25.0
2024-11-16,Onion,0.0,0.0,21.7391,25.0
2024-11-17,Onion,0.0,0.0,21.7391,25.0
2024-11-18,Onion,0.0,0.0,21.7391,25.0
2024-11-19,Onion,-3.5714,-3.5714,12.5,20.5357
2024-11-20,Onion,0.0,-3.5714,12.5,20.5357
2024-11-21,Onion,-7.4074,-10.7143,2.459,8.6957
2024-11-22,Onion,-0.0,-10.7143,2.459,13.6364
2024-11-23,Onion,-2.4,-12.8571,0.0,10.9091
2024-11-24,Onion,-0.0,-12.8571,-2.4,10.9091
2024-11-25,Onion,0.0,-12.8571,-12.8571,6.087
2024-11-26,Onion,0.0,-9.6296,-12.8571,6.087
2024-11-27,Onion,0.0,-9.6296,-12.8571,10.9091
2024-11-28,Onion,0.0,-2.4,-12.8571,8.9286
2024-11-29,Onion,0.0,-2.4,-12.8571,8.9286
2024-11-30,Onion,0.0,-0.0,-12.8571,6.087
2024-12-01,Onion,0.0,0.0,-12.8571,6.087
2024-12-02,Onion,0.0,0.0,-12.8571,1.6667
2024-12-03,Onion,0.0,0.0,-12.8571,-3.937
2024-12-04,Onion,0.0,0.0,-12.8571,0.0
2024-12-05,Onion,0.0,0.0,-12.8571,-3.937
2024-12-06,Onion,0.0,0.0,-12.8571,-3.937
2024-12-07,Onion,0.0,0.0,-12.8571,-6.1538
2024-12-08,Onion,-1.6393,-1.6393,-14.2857,-23.5983
2024-12-09,Onion,0.0,-1.6393,-14.2857,-23.5983
2024-12-10,Onion,0.0,-1.6393,-14.2857,-20.0
2024-12-11,Onion,-4.1667,-5.7377,-17.8571,-16.0584
2024-12-12,Onion,-2.6087,-8.1967,-20.0,-10.4
2024-12-13,Onion,0.0,-8.1967,-20.0,-10.4
2024-12-14,Onion,-4.4643,-12.2951,-23.5714,-14.4
2024-12-15,Onion,-4.6729,-15.0,-27.1429,-22.1374
2024-12-16,Onion,0.0,-15.0,-27.1429,-25.5474
2024-12-17,Onion,0.0,-15.0,-27.1429,-21.5385
2024-12-18,Onion,0.0,-11.3043,-27.1429,-7.2727
2024-12-19,Onion,-1.9608,-10.7143,-25.9259,-4.7619
2024-12-20,Onion,0.0,-10.7143,-25.9259,-9.0909
2024-12-21,Onion,0.0,-6.5421,-20.0,-9.0909
2024-12-22,Onion,0.0,-1.9608,-20.0,-9.0909
2024-12-23,Onion,-10.0,-11.7647,-26.2295,-18.1818
2024-12-24,Onion,-11.1111,-21.5686,-34.4262,-22.7053
2024-12-25,Onion,0.0,-21.5686,-34.4262,-17.5258
2024-12-26,Onion,0.0,-20.0,-34.4262,-5.8824
2024-12-27,Onion,0.0,-20.0,-34.4262,-17.5258
2024-12-28,Onion,-10.0,-28.0,-40.9836,-25.7732
2024-12-29,Onion,0.0,-28.0,-40.9836,-21.7391
2024-12-30,Onion,0.0,-20.0,-40.9836,-20.0
2024-12-31,Onion,0.0,-10.0,-40.9836,-20.0
2025-01-01,Onion,0.0,-10.0,-40.9836,-15.2941
2025-01-02,Onion,-6.9444,-16.25,-45.082,-21.1765
2025-01-03,Onion,-0.0,-16.25,-45.082,-21.1765
2025-01-04,Onion,0.0,-6.9444,-45.082,-21.1765
2025-01-05,Onion,0.0,-6.9444,-45.082,-21.1765
2025-01-06,Onion,-7.4627,-13.8889,-49.1803,-29.1428
2025-01-07,Onion,-3.2258,-16.6667,-50.0,-33.3333
2025-01-08,Onion,0.0,-16.6667,-50.0,-34.7826
2025-01-09,Onion,0.0,-10.4478,-50.0,-33.3333
2025-01-10,Onion,0.0,-10.4478,-47.8261,-33.3333
2025-01-11,Onion,0.0,-10.4478,-46.4286,-33.3333
2025-01-12,Onion,0.0,-10.4478,-46.4286,-33.3333
2025-01-13,Onion,0.0,-3.2258,-43.9252,-25.0
2025-01-14,Onion,0.0,0.0,-41.1765,-25.0
2025-01-15,Onion,0.0,0.0,-41.1765,-25.0
2025-01-16,Onion,0.0,0.0,-41.1765,-25.0
2025-01-17,Onion,0.0,0.0,-41.1765,-20.0
2025-01-18,Onion,0.0,0.0,-40.0,-20.0
2025-01-19,Onion,0.0,0.0,-40.0,-20.0
2025-01-20,Onion,0.0,0.0,-40.0,-14.2857
2025-01-21,Onion,0.0,0.0,-40.0,-22.0779
2025-01-22,Onion,-13.3333,-13.3333,-42.2222,-32.4675
2025-01-23,Onion,0.0,-13.3333,-35.0,-38.8235
2025-01-24,Onion,0.0,-13.3333,-35.0,-38.8235
2025-01-25,Onion,-3.8462,-16.6667,-37.5,-39.0244
2025-01-26,Onion,0.0,-16.6667,-37.5,-39.0244
2025-01-27,Onion,-6.0,-21.6667,-34.7222,-50.5263
2025-01-28,Onion,-0.0,-21.6667,-34.7222,-50.5263
2025-01-29,Onion,-4.2553,-13.4616,-37.5,-51.087
2025-01-30,Onion,-6.6667,-19.2308,-41.6667,-53.3333
2025-01-31,Onion,0.0,-19.2308,-41.6667,-50.5882
2025-02-01,Onion,0.0,-16.0,-37.3134,-50.5882
2025-02-02,Onion,-0.0,-16.0,-37.3134,-50.5882
2025-02-03,Onion,0.0,-10.6383,-37.3134,-54.3478
2025-02-04,Onion,0.0,-10.6383,-37.3134,-54.3478
2025-02-05,Onion,0.0,-6.6667,-32.2581,-54.3478
2025-02-06,Onion,0.0,0.0,-30.0,-54.3478
2025-02-07,Onion,0.0,0.0,-30.0,-55.7895
2025-02-08,Onion,0.0,-0.0,-30.0,-61.8182
2025-02-09,Onion,0.0,0.0,-30.0,-61.2903
2025-02-10,Onion,0.0,0.0,-30.0,-60.7477
2025-02-11,Onion,0.0,0.0,-30.0,-60.0
2025-02-12,Onion,0.0,0.0,-30.0,-60.0
2025-02-13,Onion,0.0,0.0,-30.0,-61.8182
2025-02-14,Onion,0.0,0.0,-30.0,-60.0
2025-02-15,Onion,0.0,0.0,-30.0,-60.0
2025-02-16,Onion,0.0,0.0,-30.0,-62.5
2025-02-17,Onion,0.0,0.0,-30.0,-58.0
2025-02-18,Onion,0.0,0.0,-30.0,-58.0
2025-02-19,Onion,0.0,0.0,-30.0,-61.8182
2025-02-20,Onion,0.0,0.0,-30.0,-62.6667
2025-02-21,Onion,-0.0,0.0,-19.2308,-63.4783
2025-02-22,Onion,0.0,0.0,-19.2308,-63.4783
2025-02-23,Onion,0.0,0.0,-19.2308,-63.4783
2025-02-24,Onion,0.0,0.0,-16.0,-63.4783
2025-02-25,Onion,0.0,0.0,-16.0,-63.4783
2025-02-26,Onion,0.0,0.0,-10.6383,-63.4783
2025-02-27,Onion,0.0,-0.0,-10.6383,-63.4783
2025-02-28,Onion,0.0,0.0,-6.6667,-63.4783
2025-03-01,Onion,0.0,0.0,0.0,-63.4783
2025-03-02,Onion,0.0,0.0,0.0,-63.4783
2025-03-03,Onion,0.0,0.0,-0.0,-63.4783
2025-03-04,Onion,0.0,0.0,0.0,-63.4783
2025-03-05,Onion,0.0,0.0,0.0,-60.625
2025-03-06,Onion,0.0,0.0,0.0,-57.2881
2025-03-07,Onion,0.0,0.0,0.0,-53.3333
2025-03-08,Onion,0.0,0.0,0.0,-53.3333
2025-03-09,Onion,0.0,0.0,0.0,-55.7895
2025-03-10,Onion,0.0,0.0,0.0,-55.7895
2025-03-11,Onion,-0.0,-0.0,-0.0,-55.7895
2025-03-12,Onion,0.0,0.0,0.0,-58.0
2025-03-13,Onion,0.0,0.0,0.0,-53.3333
2025-03-14,Onion,0.0,0.0,0.0,-50.5882
2025-03-15,Onion,0.0,0.0,0.0,-50.5882
2025-03-16,Onion,0.0,0.0,0.0,-47.5
2025-03-17,Onion,-4.7619,-4.7619,-4.7619,-46.6667
2025-03-18,Onion,0.0,-4.7619,-4.7619,-42.8571
2025-03-19,Onion,0.0,-4.7619,-4.7619,-38.4615
2025-03-20,Onion,5.0,0.0,0.0,-35.3846
2025-03-21,Onion,0.0,0.0,0.0,-32.2581
2025-03-22,Onion,0.0,0.0,-0.0,-35.3846
2025-03-23,Onion,0.0,0.0,0.0,-35.3846
2025-03-24,Onion,-11.9048,-7.5,-11.9048,-43.0769
2025-03-25,Onion,0.0,-7.5,-11.9048,-42.1875
2025-03-26,Onion,0.0,-7.5,-11.9048,-42.6357
2025-03-27,Onion,0.0,-11.9048,-11.9048,-43.0769
2025-03-28,Onion,0.0,-11.9048,-11.9048,-35.0877
2025-03-29,Onion,0.0,-11.9048,-11.9048,-35.0877
2025-03-30,Onion,0.0,-11.9048,-11.9048,-34.2731
2025-03-31,Onion,0.0,0.0,-11.9048,-34.2731
2025-04-01,Onion,0.0,0.0,-11.9048,-34.2731
2025-04-02,Onion,0.0,0.0,-11.9048,-34.2731
2025-04-03,Onion,0.0,0.0,-11.9048,-34.2731
2025-04-04,Onion,0.0,0.0,-11.9048,-21.2766
2025-04-05,Onion,0.0,0.0,-11.9048,-21.2766
2025-04-06,Onion,0.0,0.0,-11.9048,-21.2766
2025-04-07,Onion,0.0,0.0,-11.9048,-28.8462
2025-04-08,Onion,8.1081,8.1081,-4.7619,-29.8246
2025-04-09,Onion,0.0,8.1081,-4.7619,-33.3333
2025-04-10,Onion,-5.0,2.7027,-9.5238,-36.6667
2025-04-11,Onion,0.0,2.7027,-9.5238,-36.6667
2025-04-12,Onion,5.2632,8.1081,-4.7619,-33.3333
2025-04-13,Onion,5.0,13.5135,0.0,-30.0
2025-04-14,Onion,5.9524,20.2703,5.9524,-25.8333
2025-04-15,Onion,5.618,17.5,11.9048,-21.6667
2025-04-16,Onion,6.383,25.0,25.0,-16.6667
2025-04-17,Onion,4.0,36.8421,30.0,-13.3333
2025-04-18,Onion,0.0,36.8421,30.0,-13.3333
2025-04-19,Onion,0.0,30.0,23.8095,-13.3333
2025-04-20,Onion,0.0,23.8095,23.8095,-13.3333
2025-04-21,Onion,0.0,16.8539,23.8095,-16.129
2025-04-22,Onion,0.0,10.6383,23.8095,-16.129
2025-04-23,Onion,0.0,4.0,40.5405,-16.129
2025-04-24,Onion,0.0,0.0,40.5405,-16.129
2025-04-25,Onion,0.0,0.0,40.5405,-16.129
2025-04-26,Onion,0.0,0.0,40.5405,-16.129
2025-04-27,Onion,9.6154,9.6154,54.0541,-8.0645
2025-04-28,Onion,5.2632,15.3846,62.1622,-7.6923
2025-04-29,Onion,0.0,15.3846,62.1622,-7.6923
2025-04-30,Onion,-5.0,9.6154,54.0541,-12.3077
2025-05-01,Onion,0.0,9.6154,54.0541,-14.9254
2025-05-02,Onion,0.0,9.6154,54.0541,-14.9254
2025-05-03,Onion,0.0,9.6154,54.0541,-15.5555
2025-05-04,Onion,0.0,0.0,54.0541,-18.5714
2025-05-05,Onion,0.0,-5.0,54.0541,-18.5714
2025-05-06,Onion,0.0,-5.0,54.0541,-18.5714
2025-05-07,Onion,0.0,0.0,54.0541,-18.5714
2025-05-08,Onion,5.2632,5.2632,50.0,-14.2857
2025-05-09,Onion,-5.0,0.0,42.5,-18.5714
2025-05-10,Onion,-5.2632,-5.2632,42.1053,-22.8572
2025-05-11,Onion,0.0,-5.2632,42.1053,-22.8572
2025-05-12,Onion,0.0,-5.2632,35.0,-22.8572
2025-05-13,Onion,0.0,-5.2632,28.5714,-22.8571
2025-05-14,Onion,0.0,-5.2632,21.3483,-22.8571
2025-05-15,Onion,0.0,-10.0,14.8936,-22.8571
2025-05-16,Onion,0.0,-5.2632,8.0,-22.8571
2025-05-17,Onion,0.0,0.0,3.8462,-22.8571
2025-05-18,Onion,0.0,0.0,3.8462,-23.9437
2025-05-19,Onion,0.0,0.0,3.8462,-25.0
2025-05-20,Onion,1.8519,1.8519,5.7692,-23.6111
2025-05-21,Onion,0.0,1.8519,5.7692,-23.6111
2025-05-22,Onion,0.0,1.8519,5.7692,-23.6111
2025-05-23,Onion,0.0,1.8519,5.7692,-23.6111
2025-05-24,Onion,0.0,1.8519,5.7692,-23.6111
2025-05-25,Onion,0.0,1.8519,5.7692,-23.6111
2025-05-26,Onion,0.0,1.8519,5.7692,-23.6111
2025-05-27,Onion,0.0,0.0,-3.5088,-23.6111
2025-05-28,Onion,0.0,0.0,-8.3333,-23.6111
2025-05-29,Onion,0.0,0.0,-8.3333,-23.6111
2025-05-30,Onion,0.0,0.0,-3.5088,-28.5714
2025-05-31,Onion,0.0,0.0,-3.5088,-28.5714
2025-06-01,Onion,0.0,0.0,-3.5088,-28.5714
2025-06-02,Onion,0.0,0.0,-3.5088,-31.25
2025-06-03,Onion,0.0,0.0,-3.5088,-31.25
2025-06-04,Onion,0.0,0.0,-3.5088,-31.25
2025-06-05,Onion,0.0,0.0,-3.5088,-31.25
2025-06-06,Onion,0.0,0.0,-3.5088,-31.25
2025-06-07,Onion,0.0,0.0,-8.3333,-32.9268
2025-06-08,Onion,0.0,0.0,-3.5088,-32.9268
2025-06-09,Onion,0.0,0.0,1.8519,-32.9268
2025-06-10,Onion,0.0,0.0,1.8519,-35.2941
2025-06-11,Onion,0.0,0.0,1.8519,-35.2941
2025-06-12,Onion,0.0,0.0,1.8519,-35.2941
2025-06-13,Onion,0.0,0.0,1.8519,-35.2941
2025-06-14,Onion,0.0,0.0,1.8519,-35.6725
2025-06-15,Onion,-0.0,-0.0,1.8519,-36.0465
2025-06-16,Onion,0.0,-0.0,1.8519,-36.4162
2025-06-17,Onion,0.0,-0.0,1.8519,-36.7816
2025-06-18,Onion,0.0,-0.0,1.8519,-36.7816
2025-06-19,Onion,0.0,-0.0,0.0,-36.7816
2025-06-20,Onion,0.0,-0.0,0.0,-36.7816
2025-06-21,Onion,0.0,-0.0,0.0,-36.7816
2025-06-22,Onion,0.0,0.0,0.0,-36.7816
2025-06-23,Onion,0.0,0.0,0.0,-36.7816
2025-06-24,Onion,0.0,0.0,0.0,-38.8889
2025-06-25,Onion,0.0,0.0,0.0,-40.2174
2025-06-26,Onion,0.0,0.0,0.0,-42.1053
2025-06-27,Onion,0.0,0.0,0.0,-42.1053
2025-06-28,Onion,0.0,0.0,0.0,-42.1053
2025-06-29,Onion,0.0,0.0,0.0,-42.1053
2025-06-30,Onion,0.0,0.0,0.0,-42.1053
2025-07-01,Onion,0.0,0.0,0.0,-42.1053
2025-07-02,Onion,3.6363,3.6364,3.6364,-41.2371
2025-07-03,Onion,0.0,3.6364,3.6364,-41.2371
2025-07-04,Onion,0.0,3.6364,3.6364,-41.2371
2025-07-05,Onion,0.0,3.6364,3.6363,-41.2371
2025-07-06,Onion,0.0,3.6364,3.6363,-45.7143
2025-07-07,Onion,0.0,3.6364,3.6363,-48.1818
2025-07-08,Onion,0.0,3.6363,3.6363,-48.1818
2025-07-09,Onion,5.2632,5.2632,9.0909,-45.4545
2025-07-10,Onion,0.0,5.2632,9.0909,-45.4545
2025-07-11,Onion,0.0,5.2632,9.0909,-46.4286
2025-07-12,Onion,0.0,5.2632,9.0909,-46.4286
2025-07-13,Onion,0.0,5.2632,9.0909,-46.4286
2025-07-14,Onion,0.0,5.2632,9.0909,-47.8261
2025-07-15,Onion,0.0,5.2632,9.0909,-47.8261
2025-07-16,Onion,0.0,0.0,9.0909,-47.8261
2025-07-17,Onion,0.0,0.0,9.0909,-47.8261
2025-07-18,Onion,0.0,0.0,9.0909,-47.8261
2025-07-19,Onion,0.0,0.0,9.0909,-47.6309
2025-07-20,Onion,0.0,0.0,9.0909,-47.4343
2025-07-21,Onion,-0.0,0.0,9.0909,-47.2362
2025-07-22,Onion,0.0,0.0,9.0909,-47.0366
2025-07-23,Onion,0.0,0.0,9.0909,-46.8354
2025-07-24,Onion,0.0,0.0,9.0909,-46.6328
2025-07-25,Onion,3.3333,3.3333,12.7273,-44.6429
2025-07-26,Onion,0.0,3.3333,12.7273,-44.6429
2025-07-27,Onion,0.0,3.3333,12.7273,-46.087
2025-07-28,Onion,0.0,3.3333,12.7273,-46.087
2025-07-29,Onion,0.0,3.3333,12.7273,-46.087
2025-07-30,Onion,0.0,3.3333,12.7273,-46.087
2025-07-31,Onion,0.0,3.3333,12.7273,-46.087
2025-08-01,Onion,0.0,0.0,8.7719,-46.087
2025-08-02,Onion,8.0645,8.0645,17.5439,-41.7391
2025-08-03,Onion,11.9403,20.9678,31.5789,-34.7826
2025-08-04,Onion,2.6667,24.1935,35.0877,-33.0435
2025-08-05,Onion,1.9481,26.6129,37.7193,-31.7391
2025-08-06,Onion,1.9108,29.0323,40.3509,-30.4348
2025-08-07,Onion,0.0,29.0323,40.3509,-30.4348
2025-08-08,Onion,0.0,29.0323,33.3333,-30.4348
2025-08-09,Onion,0.0,19.403,33.3333,-30.4348
2025-08-10,Onion,0.0,6.6667,33.3333,-30.4348
2025-08-11,Onion,0.0,3.8961,33.3333,-30.4348
2025-08-12,Onion,0.0,1.9108,33.3333,-30.4348
2025-08-13,Onion,0.0,0.0,33.3333,-30.4348
2025-08-14,Onion,0.0,0.0,33.3333,-30.4348
2025-08-15,Onion,0.0,0.0,33.3333,-30.4348
2025-08-16,Onion,0.0,0.0,33.3333,-30.4348
2025-08-17,Onion,0.0,0.0,33.3333,-30.4348
2025-08-18,Onion,0.0,0.0,33.3333,-30.4348
2025-08-19,Onion,0.0,0.0,33.3333,-30.4348
2025-08-20,Onion,0.0,0.0,33.3333,-30.4348
2025-08-21,Onion,0.0,0.0,33.3333,-30.4348
2025-08-22,Onion,0.0,0.0,33.3333,-30.4348
2025-08-23,Onion,0.0,0.0,33.3333,-30.4348
2025-08-24,Onion,0.0,0.0,29.0323,-30.4348
2025-08-25,Onion,0.0,0.0,29.0323,-30.4348
2025-08-26,Onion,0.0,0.0,29.0323,-30.4348
2025-08-27,Onion,0.0,0.0,29.0323,-30.4348
2025-08-28,Onion,0.0,0.0,29.0323,-30.4348
2025-08-29,Onion,0.0,0.0,29.0323,-30.4348
2025-08-30,Onion,0.0,0.0,29.0323,-30.4348
2025-08-31,Onion,0.0,0.0,29.0323,-30.4348
2025-09-01,Onion,0.0,0.0,19.403,-30.4348
2025-09-02,Onion,0.0,0.0,6.6667,-30.4348
2025-09-03,Onion,0.0,0.0,3.8961,-30.4348
2025-09-04,Onion,0.0,0.0,1.9108,-30.4348
2025-09-05,Onion,0.0,0.0,0.0,-30.4348
2025-09-06,Onion,0.0,0.0,0.0,-30.4348
2025-09-07,Onion,0.0,0.0,0.0,-30.4348
2025-09-08,Onion,0.0,0.0,0.0,-30.4348
2025-09-09,Onion,0.0,0.0,0.0,-30.4348
2025-09-10,Onion,-3.75,-3.75,-3.75,-33.0435
2025-09-11,Onion,-1.2987,-5.0,-5.0,-33.913
2025-09-12,Onion,-0.0,-5.0,-5.0,-33.913
2025-09-13,Onion,0.0,-5.0,-5.0,-33.913
2025-09-14,Onion,0.0,-5.0,-5.0,-33.913
2025-09-15,Onion,-1.3158,-6.25,-6.25,-33.9207
2025-09-16,Onion,0.0,-6.25,-6.25,-33.0357
2025-09-17,Onion,0.0,-2.5974,-6.25,-33.0357
2025-09-18,Onion,0.0,-1.3158,-6.25,-33.0357
2025-09-19,Onion,0.0,-1.3158,-6.25,-33.0357
2025-09-20,Onion,0.0,-1.3158,-6.25,-31.8182
2025-09-21,Onion,0.0,-1.3158,-6.25,-31.8182
2025-09-22,Onion,0.0,0.0,-6.25,-31.8182
2025-09-23,Onion,-0.0,-0.0,-6.25,-31.8182
2025-09-24,Onion,0.0,-0.0,-6.25,-31.8182
2025-09-25,Onion,0.0,0.0,-6.25,-31.8182
2025-09-26,Onion,0.0,0.0,-6.25,-31.8182
2025-09-27,Onion,0.0,0.0,-6.25,-31.8182
2025-09-28,Onion,0.0,0.0,-6.25,-31.8182
2025-09-29,Onion,-0.0,-0.0,-6.25,-31.8182
2025-09-30,Onion,0.0,0.0,-6.25,-31.8182
2025-10-01,Onion,0.0,0.0,-6.25,-31.8182
2025-10-02,Onion,0.0,-0.0,-6.25,-31.8182
2025-10-03,Onion,0.0,-0.0,-6.25,-31.8182
2025-10-04,Onion,-4.0,-4.0,-10.0,-34.5455
2025-10-05,Onion,0.0,-4.0,-10.0,-34.5455
2025-10-06,Onion,0.0,-4.0,-10.0,-34.5455
2025-10-07,Onion,0.0,-4.0,-10.0,-34.5455
2025-10-08,Onion,4.1667,0.0,-6.25,-31.8182
2025-10-09,Onion,0.0,0.0,-6.25,-34.7826
2025-10-10,Onion,0.0,0.0,-2.5974,-34.7826
2025-10-11,Onion,0.0,4.1667,-1.3158,-34.7826
2025-10-12,Onion,-0.0,4.1667,-1.3158,-34.7826
2025-10-13,Onion,0.0,4.1667,-1.3158,-34.7826
2025-10-14,Onion,0.0,4.1667,-1.3158,-34.7826
2025-10-15,Onion,0.0,0.0,0.0,-34.7826
2025-10-16,Onion,0.0,0.0,0.0,-34.7826
2025-10-17,Onion,0.0,0.0,0.0,-34.7826
2025-10-18,Onion,0.0,0.0,0.0,-34.7826
2025-10-19,Onion,0.0,0.0,0.0,-34.7826
2025-10-20,Onion,-0.0,0.0,0.0,-37.5
2025-10-21,Onion,0.0,0.0,0.0,-37.5
2025-10-22,Onion,0.0,0.0,0.0,-38.5246
2025-10-23,Onion,0.0,0.0,0.0,-38.5246
2025-10-24,Onion,0.0,-0.0,0.0,-38.5246
2025-10-25,Onion,0.0,-0.0,0.0,-40.0
2025-10-26,Onion,0.0,-0.0,0.0,-46.4286
2025-10-27,Onion,0.0,0.0,0.0,-46.4286
2025-10-28,Onion,0.0,0.0,0.0,-46.4286
2025-10-29,Onion,0.0,0.0,0.0,-46.4286
2025-10-30,Onion,2.6667,2.6667,2.6667,-45.0
2025-10-31,Onion,0.0,2.6667,2.6667,-45.0
2025-11-01,Onion,3.8961,6.6667,6.6667,-42.8571
2025-11-02,Onion,15.0,22.6667,22.6667,-34.2857
2025-11-03,Onion,8.6957,33.3333,38.8889,-28.5714
2025-11-04,Onion,5.0,40.0,45.8333,-25.0
2025-11-05,Onion,4.7619,46.6667,52.7778,-21.4286
2025-11-06,Onion,0.0,42.8572,52.7778,-21.4286
2025-11-07,Onion,0.0,42.8572,46.6667,-21.4286
2025-11-08,Onion,0.0,37.5,46.6667,-21.4286
2025-11-09,Onion,0.0,19.5652,46.6667,-21.4286
2025-11-10,Onion,0.0,10.0,46.6667,-21.4286
2025-11-11,Onion,0.0,4.7619,46.6667,-21.4286
2025-11-12,Onion,0.0,0.0,46.6667,-21.4286
2025-11-13,Onion,-0.0,-0.0,46.6667,-21.4286
2025-11-14,Onion,0.0,-0.0,46.6667,-21.4286
2025-11-15,Onion,0.0,-0.0,46.6667,-21.4286
2025-11-16,Onion,0.0,-0.0,46.6667,-21.4286
2025-11-17,Onion,0.0,-0.0,46.6667,-21.4286
2025-11-18,Onion,0.0,-0.0,46.6667,-21.4286
2025-11-19,Onion,0.0,-0.0,46.6667,-18.5185
2025-11-20,Onion,0.0,0.0,46.6667,-18.5185
2025-11-21,Onion,0.0,0.0,46.6667,-12.0
2025-11-22,Onion,0.0,0.0,46.6667,-12.0
2025-11-23,Onion,0.0,0.0,46.6667,-9.8361
2025-11-24,Onion,0.0,0.0,46.6667,-9.8361
2025-11-25,Onion,0.0,0.0,46.6667,-9.8361
2025-11-26,Onion,0.0,0.0,46.6667,-9.8361
2025-11-27,Onion,-0.0,-0.0,46.6667,-9.8361
2025-11-28,Onion,0.0,-0.0,46.6667,-9.8361
2025-11-29,Onion,0.0,0.0,42.8572,-9.8361
2025-11-30,Onion,0.0,0.0,42.8572,-9.8361
2025-12-01,Onion,0.0,0.0,37.5,-9.8361
2025-12-02,Onion,0.0,0.0,19.5652,-9.8361
2025-12-03,Onion,0.0,0.0,10.0,-9.8361
2025-12-04,Onion,0.0,0.0,4.7619,-9.8361
2025-12-05,Onion,0.0,0.0,0.0,-9.8361
2025-12-06,Onion,20.217,20.217,20.217,8.3924
2025-12-07,Onion,0.0,20.217,20.217,8.3924
2025-12-08,Onion,-5.474,13.6364,13.6364,4.1667
2025-12-09,Onion,0.0,13.6364,13.6364,4.1667
2025-12-10,Onion,-4.0,9.0909,9.0909,0.0
2025-12-11,Onion,0.0,9.0909,9.0909,4.3478
2025-12-12,Onion,0.0,9.0909,9.0909,7.1429
2025-12-13,Onion,-8.3333,-16.8171,0.0,-1.7857
2025-12-14,Onion,-0.0,-16.8171,0.0,2.8037
2025-12-15,Onion,-0.0,-12.0,-0.0,7.8431
2025-12-16,Onion,-4.5455,-16.0,-4.5455,2.9412
2025-12-17,Onion,-4.7619,-16.6667,-9.0909,-1.9608
2025-12-18,Onion,0.0,-16.6667,-9.0909,-1.9608
2025-12-19,Onion,0.0,-16.6667,-9.0909,0.0
2025-12-20,Onion,0.0,-9.0909,-9.0909,0.0
2025-12-21,Onion,0.0,-9.0909,-9.0909,0.0
2025-12-22,Onion,-0.0,-9.0909,-9.0909,0.0
2025-12-23,Onion,0.0,-4.7619,-9.0909,11.1111
2025-12-24,Onion,0.0,0.0,-9.0909,25.0
2025-12-25,Onion,0.0,0.0,-9.0909,25.0
2025-12-26,Onion,0.0,0.0,-9.0909,25.0
2025-12-27,Onion,0.0,-0.0,-9.0909,25.0
2025-12-28,Onion,0.0,-0.0,-9.0909,38.8889
2025-12-29,Onion,0.0,0.0,-9.0909,38.8889
2025-12-30,Onion,-10.0,-10.0,-18.1818,25.0
2025-12-31,Onion,-12.7778,-21.5,-28.6364,9.0278
2026-01-01,Onion,-14.6497,-33.0,-39.0909,-6.9444
2026-01-02,Onion,0.0,-33.0,-39.0909,-0.0
2026-01-03,Onion,0.0,-33.0,-39.0909,0.0
2026-01-04,Onion,0.0,-33.0,-39.0909,0.0
2026-01-05,Onion,0.0,-33.0,-49.334,0.0
2026-01-06,Onion,0.0,-25.5556,-49.334,8.0645
2026-01-07,Onion,0.0,-14.6497,-46.4,11.6667
2026-01-08,Onion,0.0,0.0,-46.4,11.6667
2026-01-09,Onion,-2.9851,-2.9851,-45.8333,8.3333
2026-01-10,Onion,0.0,-2.9851,-45.8333,8.3333
2026-01-11,Onion,0.0,-2.9851,-45.8333,8.3333
2026-01-12,Onion,0.0,-2.9851,-40.9091,8.3333
2026-01-13,Onion,0.0,-2.9851,-40.9091,8.3333
2026-01-14,Onion,-7.6923,-10.4478,-45.4545,0.0
2026-01-15,Onion,0.0,-10.4478,-42.8571,0.0
2026-01-16,Onion,0.0,-7.6923,-40.0,0.0
2026-01-17,Onion,0.0,-7.6923,-40.0,0.0
2026-01-18,Onion,-0.0,-7.6923,-40.0,-0.0
2026-01-19,Onion,0.0,-7.6923,-40.0,-0.0
2026-01-20,Onion,0.0,-7.6923,-40.0,0.0
2026-01-21,Onion,0.0,0.0,-40.0,0.0
2026-01-22,Onion,0.0,0.0,-40.0,15.3846
2026-01-23,Onion,-8.3333,-8.3333,-45.0,5.7692
2026-01-24,Onion,0.0,-8.3333,-45.0,5.7692
2026-01-25,Onion,0.0,-8.3333,-45.0,10.0
2026-01-26,Onion,0.0,-8.3333,-45.0,10.0
2026-01-27,Onion,0.0,-8.3333,-45.0,17.0213
2026-01-28,Onion,0.0,-8.3333,-45.0,17.0213
2026-01-29,Onion,0.0,-8.3333,-38.8889,22.2223
2026-01-30,Onion,0.0,0.0,-29.9363,30.9524
2026-01-31,Onion,-0.0,0.0,-17.9104,30.9524
2026-02-01,Onion,0.0,0.0,-17.9104,30.9524
2026-02-02,Onion,0.0,0.0,-17.9104,30.9524
2026-02-03,Onion,-4.4927,-4.4927,-21.5985,25.0691
2026-02-04,Onion,0.0,-4.4927,-21.5985,25.0691
2026-02-05,Onion,-1.0071,-5.4546,-22.3881,23.8095
2026-02-06,Onion,0.0,-5.4546,-22.3881,23.8095
2026-02-07,Onion,0.0,-5.4545,-22.3881,23.8095
2026-02-08,Onion,0.0,-5.4545,-20.0,23.8095
2026-02-09,Onion,5.7692,0.0,-15.3846,30.9524
2026-02-10,Onion,0.0,4.704,-15.3846,30.9524
2026-02-11,Onion,-3.0303,1.5312,-17.9487,26.9841
2026-02-12,Onion,-3.125,-0.641,-20.5128,23.0159
2026-02-13,Onion,-3.2258,-3.8462,-16.6667,19.0476
2026-02-14,Onion,0.0,-3.8462,-16.6667,19.0476
2026-02-15,Onion,8.9419,4.7519,-9.2151,29.6928
2026-02-16,Onion,0.9712,0.0,-8.3333,30.9524
2026-02-17,Onion,0.0,0.0,-8.3333,30.9524
2026-02-18,Onion,3.6364,6.875,-5.0,35.7143
2026-02-19,Onion,-7.9457,1.5567,-12.5484,24.9309
2026-02-20,Onion,-4.7092,0.0,-16.6667,19.0476
2026-02-21,Onion,-0.0,0.0,-16.6667,19.0476
2026-02-22,Onion,0.0,-8.208,-9.0909,19.0476
2026-02-23,Onion,0.0,-9.0909,-9.0909,19.0476
2026-02-24,Onion,0.0,-9.0909,-9.0909,19.0476
2026-02-25,Onion,0.0,-12.2807,-9.0909,19.0476
2026-02-26,Onion,0.0,-4.7092,-9.0909,19.0476
2026-02-27,Onion,0.0,-0.0,-9.0909,19.0476
2026-02-28,Onion,-0.0,-0.0,-9.0909,19.0476
2026-03-01,Onion,0.0,0.0,-9.0909,19.0476
2026-03-02,Onion,0.0,0.0,-9.0909,19.0476
2026-03-03,Onion,-6.0,-6.0,-14.5454,11.9048
2026-03-04,Onion,-4.2553,-10.0,-18.1818,7.1429
2026-03-05,Onion,0.0,-10.0,-14.3331,7.1429
2026-03-06,Onion,0.0,-10.0,-14.3331,7.1429
2026-03-07,Onion,0.0,-10.0,-13.4615,7.1429
2026-03-08,Onion,-6.6667,-16.0,-19.2308,0.0
2026-03-09,Onion,0.0,-16.0,-19.2308,0.0
2026-03-10,Onion,0.0,-10.6383,-19.2308,0.0
2026-03-11,Onion,0.0,-6.6667,-23.6364,0.0
2026-03-12,Onion,-4.7619,-11.1111,-27.2727,-4.7619
2026-03-13,Onion,0.0,-11.1111,-25.0,-4.7619
2026-03-14,Onion,0.0,-11.1111,-22.5806,-4.7619
2026-03-15,Onion,0.0,-4.7619,-20.0,-4.7619
2026-03-16,Onion,0.0,-4.7619,-20.0,-4.7619
2026-03-17,Onion,-0.9375,-5.6548,-27.2548,-0.9375
2026-03-18,Onion,-0.9464,-6.5476,-28.6364,-1.875
2026-03-19,Onion,-0.9554,-2.8125,-29.3182,-2.8125
2026-03-20,Onion,-0.9646,-3.75,-32.4561,-8.3333
2026-03-21,Onion,-0.974,-4.6875,-27.3408,-9.2262
2026-03-22,Onion,-0.9836,-5.625,-24.5,-10.119
2026-03-23,Onion,-0.9934,-6.5625,-25.25,-11.0119
2026-03-24,Onion,-1.0033,-6.6246,-26.0,0.0
2026-03-25,Onion,0.0,-5.7325,-26.0,0.0
2026-03-26,Onion,0.0,-4.8232,-26.0,0.0
2026-03-27,Onion,0.0,-3.8961,-26.0,0.0
2026-03-28,Onion,0.0,-2.9508,-26.0,0.0
2026-03-29,Onion,0.0,-1.9868,-26.0,0.0
2026-03-30,Onion,0.0,-1.0033,-26.0,0.0
2026-03-31,Onion,0.0,0.0,-26.0,0.0
2026-04-01,Onion,0.0,0.0,-26.0,0.0
2026-04-02,Onion,0.0,0.0,-21.2766,0.0
2026-04-03,Onion,0.0,0.0,-17.7778,0.0
2026-04-04,Onion,0.0,0.0,-17.7778,0.0
2026-04-05,Onion,0.0,0.0,-17.7778,0.0
2026-04-06,Onion,0.0,0.0,-17.7778,0.0
2026-04-07,Onion,0.0,0.0,-11.9048,0.0
2026-04-08,Onion,0.0,0.0,-11.9048,-7.5
2026-04-09,Onion,0.0,0.0,-11.9048,-7.5
2026-04-10,Onion,0.0,0.0,-11.9048,-2.6316
2026-04-11,Onion,-0.0,-0.0,-7.5,-2.6316
2026-04-12,Onion,0.0,-0.0,-7.5,-7.5
2026-04-13,Onion,0.0,0.0,-7.5,-11.9048
2026-04-14,Onion,0.0,0.0,-7.5,-16.8539
2026-04-15,Onion,0.0,0.0,-7.5,-21.2766
2026-04-16,Onion,-0.0,0.0,-6.6246,-26.0
2026-04-17,Onion,0.0,0.0,-5.7325,-28.8461
2026-04-18,Onion,0.0,0.0,-4.8231,-28.8461
2026-04-19,Onion,0.0,0.0,-3.8961,-28.8461
2026-04-20,Onion,0.0,0.0,-2.9508,-28.8461
2026-04-21,Onion,0.0,0.0,-1.9867,-28.8461
2026-04-22,Onion,0.0,0.0,-1.0033,-28.8461
2026-04-23,Onion,0.0,0.0,0.0,-28.8461
2026-04-24,Onion,-0.0,-0.0,0.0,-28.8462
2026-04-25,Onion,0.0,-0.0,0.0,-28.8462
2026-04-26,Onion,0.0,-0.0,0.0,-28.8462
2026-04-27,Onion,0.0,-0.0,0.0,-35.0877
2026-04-28,Onion,0.0,-0.0,0.0,-38.3333
2026-04-29,Onion,0.0,-0.0,0.0,-38.3333
2026-04-30,Onion,0.0,-0.0,0.0,-35.0877
2026-05-01,Onion,0.0,0.0,0.0,-35.0877
2026-05-02,Onion,0.0,0.0,0.0,-35.0877
2026-05-03,Onion,0.0,0.0,0.0,-35.0877
2026-05-04,Onion,0.0,0.0,0.0,-35.0877
2026-05-05,Onion,0.0,0.0,0.0,-35.0877
2026-05-06,Onion,0.0,0.0,0.0,-35.0877
2026-05-07,Onion,0.0,0.0,0.0,-35.0877
2026-05-08,Onion,0.0,0.0,0.0,-38.3333
2026-05-09,Onion,0.0,0.0,0.0,-35.0877
2026-05-10,Onion,0.0,0.0,0.0,-31.4815
2026-05-11,Onion,0.0,0.0,0.0,-31.4815
2026-05-12,Onion,0.0,0.0,0.0,-31.4815
2026-05-13,Onion,0.0,0.0,0.0,-31.4815
2026-05-14,Onion,8.1081,8.1081,8.1081,-25.9259
2026-05-15,Onion,12.5,21.6216,21.6216,-16.6667
2026-05-16,Onion,0.0,21.6216,21.6216,-16.6667
2026-05-17,Onion,0.0,21.6216,21.6216,-16.6667
2026-05-18,Onion,0.0,21.6216,21.6216,-16.6667
2026-05-19,Onion,0.0,21.6216,21.6216,-16.6667
2026-05-20,Onion,0.0,21.6216,21.6216,-18.1818
2026-05-21,Onion,0.0,12.5,21.6216,-18.1818
2026-05-22,Onion,0.0,0.0,21.6216,-18.1818
2026-05-23,Onion,0.0,0.0,21.6216,-18.1818
2026-05-24,Onion,0.0,0.0,21.6216,-18.1818
2026-05-25,Onion,0.0,0.0,21.6216,-18.1818
2026-05-26,Onion,0.0,0.0,21.6216,-18.1818
2026-05-27,Onion,0.0,0.0,21.6216,-18.1818
2026-05-28,Onion,0.0,0.0,21.6216,-18.1818
2026-05-29,Onion,0.0,0.0,21.6216,-18.1818
2026-05-30,Onion,0.0,0.0,21.6216,-18.1818
2026-05-31,Onion,0.0,0.0,21.6216,-18.1818
2026-06-01,Onion,0.0,0.0,21.6216,-18.1818
2026-06-02,Onion,0.0,0.0,21.6216,-18.1818
2026-06-03,Onion,0.0,0.0,21.6216,-18.1818
2026-06-04,Onion,-6.6667,-6.6667,13.5135,-23.6364
2026-06-05,Onion,0.0,-6.6667,13.5135,-23.6364
2026-06-06,Onion,0.0,-6.6667,13.5135,-23.6364
2026-06-07,Onion,0.0,-6.6667,13.5135,-23.6364
2026-06-08,Onion,0.0,-6.6667,13.5135,-23.6364
2026-06-09,Onion,0.0,-6.6667,13.5135,-23.6364
2026-06-10,Onion,0.0,-6.6667,13.5135,-23.6364
2026-06-11,Onion,-0.0,-0.0,13.5135,-23.6364
2026-06-12,Onion,0.0,-0.0,13.5135,-23.6364
2026-06-13,Onion,0.0,-0.0,5.0,-23.6364
2026-06-14,Onion,0.0,-0.0,-6.6667,-23.6364
2026-06-15,Onion,0.0,-0.0,-6.6667,-23.6364
2026-06-16,Onion,0.0,-0.0,-6.6667,-23.6364
2026-06-17,Onion,0.0,-0.0,-6.6667,-23.6364
2026-06-18,Onion,-4.7619,-4.7619,-11.1111,-27.2727
2026-06-19,Onion,0.0,-4.7619,-11.1111,-27.2727
2026-06-20,Onion,0.0,-4.7619,-11.1111,-27.2727
2026-06-21,Onion,0.0,-4.7619,-11.1111,-27.2727
2026-06-22,Onion,5.0,0.0,-6.6667,-23.6364
2026-06-23,Onion,0.0,0.0,-6.6667,-23.6364
2026-06-24,Onion,0.0,0.0,-6.6667,-23.6364
2026-06-25,Onion,0.0,5.0,-6.6667,-23.6364
2026-06-26,Onion,0.0,5.0,-6.6667,-23.6364
2026-06-27,Onion,0.0,5.0,-6.6667,-23.6364
2026-06-28,Onion,0.0,5.0,-6.6667,-23.6364
2026-06-29,Onion,-4.7619,-4.7619,-11.1111,-27.2727
2026-06-30,Onion,0.0,-4.7619,-11.1111,-27.2727
2026-07-01,Onion,0.0,-4.7619,-11.1111,-27.2727
2026-07-02,Onion,0.0,-4.7619,-11.1111,-29.8246
2026-07-03,Onion,0.0,-4.7619,-11.1111,-29.8246
2026-07-04,Onion,5.0,0.0,0.0,-26.3158
2026-07-05,Onion,-4.7619,-4.7619,-4.7619,-29.8246
2026-07-06,Onion,0.0,0.0,-4.7619,-29.8246
2026-07-07,Onion,0.0,0.0,-4.7619,-29.8246
2026-07-08,Onion,0.0,0.0,-4.7619,-29.8246
2026-07-09,Onion,5.0,5.0,0.0,-30.0
2026-07-10,Onion,0.0,5.0,0.0,-30.0
2026-07-11,Onion,0.0,0.0,0.0,-30.0
2026-07-12,Onion,-4.7619,0.0,-4.7619,-33.3333
2026-07-13,Onion,0.0,0.0,-4.7619,-33.3333
2026-07-14,Onion,0.0,0.0,-4.7619,-33.3333
2026-07-15,Onion,0.0,0.0,-4.7619,-33.3333
2026-07-16,Onion,0.0,-4.7619,-4.7619,-33.3333
2026-07-17,Onion,0.0,-4.7619,-4.7619,-33.3333
2026-07-18,Onion,5.0,0.0,5.0,-30.0
2026-07-19,Onion,0.0,5.0,5.0,-30.0
2026-07-20,Onion,19.0476,25.0,25.0,-16.6667
2026-07-21,Onion,0.0,25.0,25.0,-16.6667
2026-07-22,Onion,0.0,25.0,19.0476,-16.6667
2026-07-23,Onion,0.0,25.0,19.0476,-16.6667
2026-07-24,Onion,8.0,35.0,28.5714,-10.0
2026-07-25,Onion,0.0,28.5714,28.5714,-12.9032
2026-07-26,Onion,1.8519,30.9524,30.9524,-11.2903
2026-07-27,Onion,0.0,10.0,30.9524,-11.2903
2026-07-28,Onion,3.6364,14.0,35.7143,-8.0645
2026-07-29,Onion,0.0,14.0,42.5,-8.0645
2026-07-30,Onion,0.0,14.0,42.5,-8.0645
2026-07-31,Onion,0.0,5.5556,42.5,-8.0645
2021-05-17,Potato,,,,
2021-05-18,Potato,0.0,,,
2021-05-19,Potato,0.0,,,
2021-05-20,Potato,0.0,,,
2021-05-21,Potato,0.0,,,
2021-05-22,Potato,0.0,,,
2021-05-23,Potato,0.0,,,
2021-05-24,Potato,0.0,0.0,,
2021-05-25,Potato,0.0,0.0,,
2021-05-26,Potato,0.0,0.0,,
2021-05-27,Potato,5.2632,5.2632,,
2021-05-28,Potato,5.0,10.5263,,
2021-05-29,Potato,4.7619,15.7895,,
2021-05-30,Potato,0.0,15.7895,,
2021-05-31,Potato,0.0,15.7895,,
2021-06-01,Potato,0.0,15.7895,,
2021-06-02,Potato,0.0,15.7895,,
2021-06-03,Potato,0.0,10.0,,
2021-06-04,Potato,0.0,4.7619,,
2021-06-05,Potato,0.0,0.0,,
2021-06-06,Potato,-4.5455,-4.5455,,
2021-06-07,Potato,4.7619,0.0,,
2021-06-08,Potato,0.0,0.0,,
2021-06-09,Potato,0.0,0.0,,
2021-06-10,Potato,-0.0,-0.0,,
2021-06-11,Potato,0.0,-0.0,,
2021-06-12,Potato,0.0,-0.0,,
2021-06-13,Potato,0.0,4.7619,,
2021-06-14,Potato,0.0,0.0,,
2021-06-15,Potato,-0.0001,-0.0,,
2021-06-16,Potato,0.0,0.0,15.7895,
2021-06-17,Potato,0.0,0.0,15.7895,
2021-06-18,Potato,0.0,0.0,15.7895,
2021-06-19,Potato,0.0,0.0,15.7895,
2021-06-20,Potato,0.0,0.0,15.7895,
2021-06-21,Potato,0.0,-0.0,15.7895,
2021-06-22,Potato,0.0,0.0,15.7895,
2021-06-23,Potato,0.0,0.0,15.7895,
2021-06-24,Potato,0.0,0.0,15.7895,
2021-06-25,Potato,0.0,0.0,15.7895,
2021-06-26,Potato,0.0,0.0,10.0,
2021-06-27,Potato,4.5454,4.5454,9.5238,
2021-06-28,Potato,0.0,4.5455,4.5455,
2021-06-29,Potato,0.0,4.5455,4.5455,
2021-06-30,Potato,0.0,4.5455,4.5455,
2021-07-01,Potato,0.0,4.5455,4.5455,
2021-07-02,Potato,-0.0,4.5455,4.5455,
2021-07-03,Potato,0.0,4.5455,4.5455,
2021-07-04,Potato,0.0,0.0,4.5455,
2021-07-05,Potato,0.0,0.0,4.5455,
2021-07-06,Potato,-0.0,0.0,9.5238,
2021-07-07,Potato,0.0,-0.0,4.5455,
2021-07-08,Potato,0.0,-0.0,4.5455,
2021-07-09,Potato,0.0,0.0,4.5455,
2021-07-10,Potato,0.0,0.0,4.5455,
2021-07-11,Potato,0.0,0.0,4.5455,
2021-07-12,Potato,0.0,-0.0,4.5455,
2021-07-13,Potato,0.0,0.0,4.5455,
2021-07-14,Potato,0.0,0.0,4.5454,
2021-07-15,Potato,0.0,0.0,4.5455,
2021-07-16,Potato,0.0,0.0,4.5455,
2021-07-17,Potato,0.0,0.0,4.5455,
2021-07-18,Potato,0.0,0.0,4.5455,
2021-07-19,Potato,0.0,0.0,4.5455,
2021-07-20,Potato,0.0,0.0,4.5455,
2021-07-21,Potato,0.0,0.0,4.5455,
2021-07-22,Potato,0.0,0.0,4.5455,
2021-07-23,Potato,0.0,0.0,4.5455,
2021-07-24,Potato,0.0,0.0,4.5455,
2021-07-25,Potato,0.0,0.0,4.5455,
2021-07-26,Potato,0.0,0.0,4.5455,
2021-07-27,Potato,0.0,0.0,0.0,
2021-07-28,Potato,-4.3478,-4.3478,-4.3478,
2021-07-29,Potato,0.0,-4.3478,-4.3478,
2021-07-30,Potato,0.0,-4.3478,-4.3479,
2021-07-31,Potato,0.0,-4.3478,-4.3479,
2021-08-01,Potato,0.0,-4.3478,-4.3478,
2021-08-02,Potato,0.0,-4.3478,-4.3478,
2021-08-03,Potato,0.0,-4.3478,-4.3478,
2021-08-04,Potato,0.0,0.0,-4.3479,
2021-08-05,Potato,0.0,0.0,-4.3478,
2021-08-06,Potato,0.0,0.0,-4.3478,
2021-08-07,Potato,0.0,0.0,-4.3478,
2021-08-08,Potato,0.0,0.0,-4.3478,
2021-08-09,Potato,0.0,0.0,-4.3478,
2021-08-10,Potato,0.0,0.0,-4.3478,
2021-08-11,Potato,0.0,0.0,-4.3478,
2021-08-12,Potato,0.0,0.0,-4.3478,
2021-08-13,Potato,0.0,0.0,-4.3478,
2021-08-14,Potato,0.0,0.0,-4.3478,
2021-08-15,Potato,0.0,0.0,-4.3478,
2021-08-16,Potato,0.0,0.0,-4.3478,
2021-08-17,Potato,0.0,0.0,-4.3478,
2021-08-18,Potato,0.0,0.0,-4.3478,
2021-08-19,Potato,0.0,0.0,-4.3478,
2021-08-20,Potato,0.0,0.0,-4.3478,
2021-08-21,Potato,0.0,0.0,-4.3478,
2021-08-22,Potato,0.0,0.0,-4.3478,
2021-08-23,Potato,0.0,0.0,-4.3478,
2021-08-24,Potato,0.0,0.0,-4.3478,
2021-08-25,Potato,-4.5455,-4.5455,-8.6957,
2021-08-26,Potato,0.0,-4.5455,-8.6957,
2021-08-27,Potato,-4.7619,-9.0909,-9.0909,
2021-08-28,Potato,0.0,-9.0909,-9.0909,
2021-08-29,Potato,0.0,-9.0909,-9.0909,
2021-08-30,Potato,0.0,-9.0909,-9.0909,
2021-08-31,Potato,-0.0,-9.0909,-9.0909,
2021-09-01,Potato,0.0,-4.7619,-9.0909,
2021-09-02,Potato,0.0,-4.7619,-9.0909,
2021-09-03,Potato,0.0,-0.0,-9.0909,
2021-09-04,Potato,0.0,-0.0,-9.0909,
2021-09-05,Potato,0.0,-0.0,-9.0909,
2021-09-06,Potato,0.0,-0.0,-9.0909,
2021-09-07,Potato,0.0001,0.0001,-9.0909,
2021-09-08,Potato,0.0,0.0001,-9.0909,
2021-09-09,Potato,-5.0,-5.0,-13.6364,
2021-09-10,Potato,0.0,-5.0,-13.6364,
2021-09-11,Potato,5.2631,0.0,-9.0909,
2021-09-12,Potato,0.0,0.0,-9.0909,
2021-09-13,Potato,0.0,0.0,-9.0909,
2021-09-14,Potato,0.0,-0.0,-9.0909,
2021-09-15,Potato,0.0,-0.0,-9.0909,
2021-09-16,Potato,0.0,5.2632,-9.0909,
2021-09-17,Potato,0.0,5.2632,-9.0909,
2021-09-18,Potato,0.0,0.0,-9.0909,
2021-09-19,Potato,0.0,0.0,-9.0909,
2021-09-20,Potato,0.0,0.0,-9.0909,
2021-09-21,Potato,0.0,0.0,-9.0909,
2021-09-22,Potato,0.0,0.0,-9.0909,
2021-09-23,Potato,-5.0,-5.0,-13.6363,
2021-09-24,Potato,0.0,-5.0,-9.5237,
2021-09-25,Potato,0.0,-5.0,-9.5237,
2021-09-26,Potato,-0.0,-5.0,-5.0,
2021-09-27,Potato,0.0,-5.0,-5.0,
2021-09-28,Potato,0.0,-5.0,-5.0,
2021-09-29,Potato,0.0,-5.0,-5.0,
2021-09-30,Potato,0.0,-0.0,-5.0,
2021-10-01,Potato,0.0,-0.0,-5.0,
2021-10-02,Potato,0.0,-0.0,-5.0,
2021-10-03,Potato,-5.2632,-5.2632,-10.0,
2021-10-04,Potato,0.0,-5.2632,-10.0,
2021-10-05,Potato,0.0,-5.2632,-10.0,
2021-10-06,Potato,0.0,-5.2632,-10.0,
2021-10-07,Potato,0.0,-5.2632,-10.0,
2021-10-08,Potato,0.0,-5.2632,-10.0,
2021-10-09,Potato,0.0,-5.2632,-5.2632,
2021-10-10,Potato,0.0,0.0,-5.2632,
2021-10-11,Potato,0.0,0.0,-10.0,
2021-10-12,Potato,0.0,0.0,-10.0,
2021-10-13,Potato,0.0,0.0,-10.0,
2021-10-14,Potato,0.0,0.0,-10.0,
2021-10-15,Potato,0.0,0.0,-10.0,
2021-10-16,Potato,0.0,0.0,-10.0,
2021-10-17,Potato,0.0,0.0,-10.0,
2021-10-18,Potato,0.0,0.0,-10.0,
2021-10-19,Potato,0.0,0.0,-10.0,
2021-10-20,Potato,0.0,0.0,-10.0,
2021-10-21,Potato,0.0,0.0,-10.0,
2021-10-22,Potato,0.0,0.0,-10.0,
2021-10-23,Potato,0.0,0.0,-5.2632,
2021-10-24,Potato,0.0,0.0,-5.2632,
2021-10-25,Potato,11.1111,11.1111,5.2631,
2021-10-26,Potato,10.0,22.2222,15.7895,
2021-10-27,Potato,0.0,22.2222,15.7895,
2021-10-28,Potato,0.0,22.2223,15.7895,
2021-10-29,Potato,0.0,22.2223,15.7895,
2021-10-30,Potato,0.0,22.2223,15.7895,
2021-10-31,Potato,0.0,22.2223,15.7895,
2021-11-01,Potato,-0.0,10.0,15.7895,
2021-11-02,Potato,0.0,0.0,22.2222,
2021-11-03,Potato,0.0,0.0,22.2222,
2021-11-04,Potato,0.0,-0.0,22.2222,
2021-11-05,Potato,9.0909,9.0909,33.3333,
2021-11-06,Potato,8.3333,18.1818,44.4444,
2021-11-07,Potato,-15.3846,-0.0,22.2222,
2021-11-08,Potato,0.0,0.0,22.2222,
2021-11-09,Potato,13.6364,13.6364,38.8889,
2021-11-10,Potato,0.0,13.6364,38.8889,
2021-11-11,Potato,0.0,13.6364,38.8889,
2021-11-12,Potato,0.0,4.1667,38.8889,
2021-11-13,Potato,0.0,-3.8462,38.8889,
2021-11-14,Potato,0.0,13.6364,38.8889,
2021-11-15,Potato,4.0,18.1818,44.4444,
2021-11-16,Potato,-7.6923,-4.0,33.3333,
2021-11-17,Potato,-8.3333,-12.0,22.2222,
2021-11-18,Potato,0.0,-12.0,22.2222,
2021-11-19,Potato,9.0909,-4.0,33.3333,
2021-11-20,Potato,0.0,-4.0,33.3333,
2021-11-21,Potato,0.0,-4.0,33.3333,
2021-11-22,Potato,0.0,-7.6923,33.3333,
2021-11-23,Potato,-8.3333,-8.3333,22.2222,
2021-11-24,Potato,0.0,0.0,10.0,
2021-11-25,Potato,0.0,0.0,0.0,
2021-11-26,Potato,0.0,-8.3333,0.0,
2021-11-27,Potato,0.0,-8.3333,-0.0,
2021-11-28,Potato,0.0,-8.3333,-0.0,
2021-11-29,Potato,0.0,-8.3333,-0.0,
2021-11-30,Potato,0.0,0.0,-0.0,
2021-12-01,Potato,0.0,0.0,0.0,
2021-12-02,Potato,0.0,0.0,0.0,
2021-12-03,Potato,0.0,0.0,0.0,
2021-12-04,Potato,0.0,0.0,0.0,
2021-12-05,Potato,0.0,0.0,-8.3333,
2021-12-06,Potato,13.6364,13.6364,-3.8462,
2021-12-07,Potato,4.0,18.1818,18.1818,
2021-12-08,Potato,3.8462,22.7273,22.7273,
2021-12-09,Potato,0.0,22.7273,8.0,
2021-12-10,Potato,0.0,22.7273,8.0,
2021-12-11,Potato,7.4074,31.8182,16.0,
2021-12-12,Potato,10.3448,45.4545,28.0,
2021-12-13,Potato,0.0,28.0,28.0,
2021-12-14,Potato,-9.375,11.5385,16.0,
2021-12-15,Potato,-3.4483,3.7037,7.6923,
2021-12-16,Potato,-3.5714,0.0,12.5,
2021-12-17,Potato,0.0,0.0,22.7273,
2021-12-18,Potato,0.0,-6.8966,22.7273,
2021-12-19,Potato,0.0,-15.625,12.5,
2021-12-20,Potato,0.0,-15.625,12.5,
2021-12-21,Potato,-7.4074,-13.7931,4.1667,
2021-12-22,Potato,4.0,-7.1429,8.3333,
2021-12-23,Potato,0.0,-3.7037,18.1818,
2021-12-24,Potato,0.0,-3.7037,18.1818,
2021-12-25,Potato,-7.6923,-11.1111,9.0909,
2021-12-26,Potato,4.1667,-7.4074,13.6364,
2021-12-27,Potato,0.0,-7.4074,13.6364,
2021-12-28,Potato,-8.0,-8.0,4.5455,
2021-12-29,Potato,-4.3478,-15.3846,0.0,
2021-12-30,Potato,-9.0909,-23.0769,-9.0909,
2021-12-31,Potato,-5.0,-26.9231,-13.6364,
2022-01-01,Potato,0.0,-20.8333,-13.6364,
2022-01-02,Potato,0.0,-24.0,-13.6364,
2022-01-03,Potato,15.7895,-12.0,0.0,
2022-01-04,Potato,-9.0909,-13.0434,-9.0909,
2022-01-05,Potato,0.0,-9.0909,-20.0,
2022-01-06,Potato,-5.0,-5.0,-26.923,
2022-01-07,Potato,0.0,0.0,-29.6296,
2022-01-08,Potato,0.0,0.0,-29.6296,
2022-01-09,Potato,-0.0,0.0,-29.6296,
2022-01-10,Potato,0.0,-13.6364,-34.4828,
2022-01-11,Potato,0.0,-5.0,-40.625,
2022-01-12,Potato,0.0,-5.0,-40.625,
2022-01-13,Potato,0.0,-0.0,-34.4828,
2022-01-14,Potato,-5.2632,-5.2632,-35.7143,
2022-01-15,Potato,0.0,-5.2632,-33.3333,
2022-01-16,Potato,-5.5556,-10.5263,-37.037,
2022-01-17,Potato,0.0,-10.5263,-37.037,
2022-01-18,Potato,0.0,-10.5263,-37.037,
2022-01-19,Potato,0.0,-10.5263,-37.037,
2022-01-20,Potato,0.0,-10.5263,-32.0,
2022-01-21,Potato,0.0,-5.5556,-34.6154,
2022-01-22,Potato,-5.8824,-11.1111,-38.4615,
2022-01-23,Potato,0.0,-5.8824,-38.4615,
2022-01-24,Potato,0.0,-5.8824,-33.3333,
2022-01-25,Potato,0.0,-5.8824,-36.0,
2022-01-26,Potato,0.0,-5.8824,-36.0,
2022-01-27,Potato,0.0,-5.8824,-30.4348,
2022-01-28,Potato,0.0,-5.8824,-27.2727,
2022-01-29,Potato,-0.0,-0.0,-20.0,
2022-01-30,Potato,0.0,-0.0,-15.7895,
2022-01-31,Potato,0.0,-0.0,-15.7895,
2022-02-01,Potato,0.0,-0.0,-15.7895,
2022-02-02,Potato,0.0,-0.0,-27.2728,
2022-02-03,Potato,0.0,-0.0,-20.0001,
2022-02-04,Potato,0.0,-0.0,-20.0001,
2022-02-05,Potato,0.0,0.0,-15.7895,
2022-02-06,Potato,0.0,0.0,-15.7895,
2022-02-07,Potato,0.0,0.0,-15.7895,
2022-02-08,Potato,6.25,6.25,-10.5263,
2022-02-09,Potato,0.0,6.25,-10.5263,
2022-02-10,Potato,0.0,6.25,-10.5263,
2022-02-11,Potato,0.0,6.25,-10.5263,
2022-02-12,Potato,0.0,6.25,-10.5263,
2022-02-13,Potato,0.0,6.25,-5.5556,
2022-02-14,Potato,0.0,6.25,-5.5556,
2022-02-15,Potato,0.0,0.0,0.0,
2022-02-16,Potato,0.0,0.0,0.0,
2022-02-17,Potato,0.0,0.0,0.0,
2022-02-18,Potato,0.0,0.0,0.0,
2022-02-19,Potato,0.0,0.0,0.0,
2022-02-20,Potato,0.0,0.0,0.0,
2022-02-21,Potato,0.0,0.0,6.25,
2022-02-22,Potato,0.0,0.0,6.25,
2022-02-23,Potato,0.0,0.0,6.25,
2022-02-24,Potato,0.0,0.0,6.25,
2022-02-25,Potato,0.0,0.0,6.25,
2022-02-26,Potato,0.0,0.0,6.25,
2022-02-27,Potato,-0.0,-0.0,6.25,
2022-02-28,Potato,0.0,-0.0,6.25,
2022-03-01,Potato,0.0,0.0,6.25,
2022-03-02,Potato,0.0,0.0,6.25,
2022-03-03,Potato,0.0,0.0,6.25,
2022-03-04,Potato,5.8824,5.8824,12.5001,
2022-03-05,Potato,0.0,5.8824,12.5001,
2022-03-06,Potato,0.0,5.8824,12.5001,
2022-03-07,Potato,0.0,5.8824,12.5001,
2022-03-08,Potato,5.5556,11.7647,18.7501,
2022-03-09,Potato,0.0,11.7647,18.75,
2022-03-10,Potato,0.0,11.7647,11.7647,
2022-03-11,Potato,0.0,5.5556,11.7647,
2022-03-12,Potato,0.0,5.5556,11.7647,
2022-03-13,Potato,0.0,5.5556,11.7647,
2022-03-14,Potato,0.0,5.5556,11.7647,
2022-03-15,Potato,0.0,0.0,11.7647,
2022-03-16,Potato,-1.5037,-1.5037,10.0841,
2022-03-17,Potato,0.0,-1.5037,10.0841,
2022-03-18,Potato,0.0,-1.5037,10.0841,
2022-03-19,Potato,0.0,-1.5037,10.0841,
2022-03-20,Potato,0.0,-1.5037,10.0841,
2022-03-21,Potato,0.0,-1.5037,10.0841,
2022-03-22,Potato,0.0,-1.5037,10.0841,
2022-03-23,Potato,-0.0,-0.0,10.084,
2022-03-24,Potato,-0.3817,-0.3817,9.6639,
2022-03-25,Potato,-0.3831,-0.7634,9.2437,
2022-03-26,Potato,-0.3846,-1.1451,8.8235,
2022-03-27,Potato,-0.3861,-1.5268,8.4034,
2022-03-28,Potato,-0.3876,-1.9084,7.9832,
2022-03-29,Potato,-0.3891,-2.2901,7.5631,
2022-03-30,Potato,-0.3906,-2.6718,7.1429,
2022-03-31,Potato,-0.3922,-2.682,6.7227,
2022-04-01,Potato,-0.3937,-2.6923,6.3025,
2022-04-02,Potato,-0.3953,-2.7027,5.8824,
2022-04-03,Potato,0.0,-2.3256,0.0,
2022-04-04,Potato,0.0,-1.9455,0.0,
2022-04-05,Potato,0.0,-1.5625,0.0,
2022-04-06,Potato,0.0,-1.1765,0.0,
2022-04-07,Potato,0.0,-0.7874,-5.2632,
2022-04-08,Potato,0.0,-0.3953,-5.2632,
2022-04-09,Potato,0.0,0.0,-5.2632,
2022-04-10,Potato,0.0,0.0,-5.2632,
2022-04-11,Potato,0.0,0.0,-5.2632,
2022-04-12,Potato,0.0,0.0,-5.2632,
2022-04-13,Potato,0.0,0.0,-5.2632,
2022-04-14,Potato,0.0,0.0,-5.2632,
2022-04-15,Potato,0.0,0.0,-3.8168,
2022-04-16,Potato,0.0,0.0,-3.8168,
2022-04-17,Potato,0.0,0.0,-3.8168,
2022-04-18,Potato,0.0,0.0,-3.8168,
2022-04-19,Potato,0.0,0.0,-3.8168,
2022-04-20,Potato,0.0,0.0,-3.8168,
2022-04-21,Potato,0.0,0.0,-3.8168,
2022-04-22,Potato,0.0,0.0,-3.8168,
2022-04-23,Potato,0.0,0.0,-3.4483,
2022-04-24,Potato,0.0,0.0,-3.0769,
2022-04-25,Potato,0.0,0.0,-2.7027,
2022-04-26,Potato,0.0,0.0,-2.3256,
2022-04-27,Potato,0.0,0.0,-1.9455,
2022-04-28,Potato,0.0,0.0,-1.5625,
2022-04-29,Potato,0.0,0.0,-1.1765,
2022-04-30,Potato,0.0,0.0,-0.7874,
2022-05-01,Potato,0.0,0.0,-0.3953,
2022-05-02,Potato,0.0,0.0,0.0,
2022-05-03,Potato,0.0,0.0,0.0,
2022-05-04,Potato,0.0,0.0,0.0,
2022-05-05,Potato,0.0,0.0,0.0,
2022-05-06,Potato,0.0,0.0,0.0,
2022-05-07,Potato,1.1111,1.1111,1.1111,
2022-05-08,Potato,1.0989,2.2222,2.2222,
2022-05-09,Potato,1.087,3.3333,3.3333,
2022-05-10,Potato,1.0753,4.4444,4.4444,
2022-05-11,Potato,1.0638,5.5556,5.5556,
2022-05-12,Potato,1.0526,6.6667,6.6667,
2022-05-13,Potato,1.0417,7.7778,7.7778,
2022-05-14,Potato,1.0309,7.6923,8.8889,
2022-05-15,Potato,1.0204,7.6087,10.0,
2022-05-16,Potato,1.0101,7.5269,11.1111,
2022-05-17,Potato,5.0,11.7021,16.6667,10.5263
2022-05-18,Potato,0.0,10.5263,16.6667,10.5263
2022-05-19,Potato,0.0,9.375,16.6667,10.5263
2022-05-20,Potato,0.0,8.2474,16.6667,10.5263
2022-05-21,Potato,0.0,7.1429,16.6667,10.5263
2022-05-22,Potato,0.0,6.0606,16.6667,10.5263
2022-05-23,Potato,0.0,5.0,16.6667,10.5263
2022-05-24,Potato,0.0,0.0,16.6667,10.5263
2022-05-25,Potato,0.0,0.0,16.6667,10.5263
2022-05-26,Potato,0.0,0.0,16.6667,10.5263
2022-05-27,Potato,0.0,0.0,16.6667,5.0
2022-05-28,Potato,0.0,0.0,16.6667,0.0
2022-05-29,Potato,0.0,0.0,16.6667,-4.5454
2022-05-30,Potato,2.3809,2.381,19.4444,-2.2727
2022-05-31,Potato,1.1628,3.5714,20.8333,-1.1364
2022-06-01,Potato,1.1494,4.7619,22.2222,0.0
2022-06-02,Potato,0.0,4.7619,22.2222,0.0
2022-06-03,Potato,0.0,4.7619,22.2222,0.0
2022-06-04,Potato,-2.2727,2.381,19.4444,-2.2727
2022-06-05,Potato,-2.3256,-0.0,16.6667,-4.5455
2022-06-06,Potato,1.5873,-0.7752,17.2161,1.5873
2022-06-07,Potato,1.5625,-0.3831,17.7536,-1.5152
2022-06-08,Potato,1.5385,0.0,18.2796,0.0
2022-06-09,Potato,1.5152,1.5152,18.7943,1.5152
2022-06-10,Potato,1.4925,3.0303,19.2982,3.0303
2022-06-11,Potato,1.4706,6.9767,19.7917,4.5455
2022-06-12,Potato,0.0,9.5238,18.5567,4.5455
2022-06-13,Potato,0.0,7.8125,17.3469,4.5455
2022-06-14,Potato,0.0,6.1538,16.1616,4.5454
2022-06-15,Potato,0.0,4.5455,15.0,4.5455
2022-06-16,Potato,0.0,2.9851,9.5238,4.5455
2022-06-17,Potato,-0.8696,0.5882,8.5714,3.6364
2022-06-18,Potato,-0.8772,-1.7391,7.619,2.7273
2022-06-19,Potato,-0.885,-2.6087,6.6667,1.8182
2022-06-20,Potato,-0.8929,-3.4783,5.7143,0.9091
2022-06-21,Potato,-0.9009,-4.3478,4.7619,0.0
2022-06-22,Potato,-0.9091,-5.2174,3.8095,-0.9091
2022-06-23,Potato,-0.9174,-6.087,2.8571,-1.8182
2022-06-24,Potato,-0.9259,-6.1404,1.9048,-2.7273
2022-06-25,Potato,-0.9346,-6.1947,0.9524,-3.6364
2022-06-26,Potato,-0.9434,-6.25,0.0,-4.5455
2022-06-27,Potato,0.0,-5.4054,0.0,-8.6956
2022-06-28,Potato,0.0,-4.5455,-0.0,-8.6957
2022-06-29,Potato,0.0,-3.6697,-2.3256,-8.6957
2022-06-30,Potato,0.0,-2.7778,-3.4483,-8.6957
2022-07-01,Potato,0.0,-1.8692,-4.5455,-8.6957
2022-07-02,Potato,0.0,-0.9434,-4.5455,-8.6957
2022-07-03,Potato,1.5873,1.5873,-3.0303,-7.2464
2022-07-04,Potato,1.5625,3.1746,0.7752,-5.7971
2022-07-05,Potato,2.4615,5.7143,5.7143,-3.4783
2022-07-06,Potato,0.6006,6.3492,4.6875,-2.8986
2022-07-07,Potato,1.4925,7.9365,4.6154,-1.4493
2022-07-08,Potato,1.4706,9.5238,4.5455,0.0
2022-07-09,Potato,1.4493,11.1111,4.4776,1.4493
2022-07-10,Potato,1.4286,10.9375,4.4118,2.8986
2022-07-11,Potato,1.4085,10.7692,4.3478,4.3478
2022-07-12,Potato,1.3889,9.6096,5.7971,5.7971
2022-07-13,Potato,1.3699,10.4478,7.2464,7.2464
2022-07-14,Potato,1.3514,10.2941,8.6957,8.6957
2022-07-15,Potato,1.3333,10.1449,10.1449,10.1449
2022-07-16,Potato,1.3158,10.0,11.5942,11.5942
2022-07-17,Potato,1.2987,9.8592,14.0351,13.0435
2022-07-18,Potato,1.2821,9.7222,16.5192,14.4928
2022-07-19,Potato,1.2658,9.589,19.0476,15.942
2022-07-20,Potato,1.25,9.4595,21.6216,17.3913
2022-07-21,Potato,0.0,8.0,22.7273,17.3913
2022-07-22,Potato,0.0,6.5789,23.8532,17.3913
2022-07-23,Potato,0.0,5.1948,25.0,17.3913
2022-07-24,Potato,0.0,3.8462,26.1682,17.3913
2022-07-25,Potato,0.0,2.5316,27.3585,17.3913
2022-07-26,Potato,0.0,1.25,28.5714,17.3913
2022-07-27,Potato,0.0,0.0,28.5714,17.3913
2022-07-28,Potato,0.0,0.0,28.5715,22.7273
2022-07-29,Potato,1.4815,1.4815,30.4762,24.5455
2022-07-30,Potato,0.7299,2.2222,31.4286,25.4545
2022-07-31,Potato,0.7246,2.963,32.381,26.3636
2022-08-01,Potato,0.7194,3.7037,33.3333,27.2727
2022-08-02,Potato,0.0,3.7037,31.25,27.2727
2022-08-03,Potato,-3.5714,0.0,24.6154,22.7273
2022-08-04,Potato,0.0,-0.0,21.6217,22.7273
2022-08-05,Potato,0.0,-1.4599,20.8955,22.7273
2022-08-06,Potato,0.0,-2.1739,19.1176,22.7273
2022-08-07,Potato,0.0,-2.8777,17.3913,22.7273
2022-08-08,Potato,0.0,-3.5714,15.7143,22.7273
2022-08-09,Potato,0.0,-3.5714,14.0845,22.7273
2022-08-10,Potato,0.2849,0.2849,12.8205,23.0769
2022-08-11,Potato,0.2841,0.5698,11.5911,23.4266
2022-08-12,Potato,0.2833,0.8547,10.395,23.7762
2022-08-13,Potato,0.2825,1.1396,9.2308,24.1259
2022-08-14,Potato,0.2817,1.4245,8.0972,24.4755
2022-08-15,Potato,0.2809,1.7094,6.993,24.8252
2022-08-16,Potato,0.2801,1.9943,5.9172,25.1748
2022-08-17,Potato,0.5586,2.2727,5.1606,25.8741
2022-08-18,Potato,0.0,1.983,3.8462,25.8741
2022-08-19,Potato,0.2778,1.9774,2.849,26.2238
2022-08-20,Potato,0.277,1.9718,3.1339,26.5734
2022-08-21,Potato,0.2762,1.9663,3.4188,26.9231
2022-08-22,Potato,0.2755,1.9608,3.7037,27.2727
2022-08-23,Potato,0.0,1.676,3.7037,27.2727
2022-08-24,Potato,0.0,1.1111,3.7037,27.2727
2022-08-25,Potato,0.0,1.1111,3.7037,33.3334
2022-08-26,Potato,0.0,0.831,3.7037,33.3334
2022-08-27,Potato,0.0,0.5525,3.7037,40.0
2022-08-28,Potato,0.0,0.2755,2.1898,40.0
2022-08-29,Potato,0.0,0.0,1.4493,40.0
2022-08-30,Potato,0.0,0.0,0.7194,40.0
2022-08-31,Potato,0.0,0.0,0.0,40.0001
2022-09-01,Potato,0.0,0.0,0.0,40.0001
2022-09-02,Potato,0.0,0.0,3.7037,40.0001
2022-09-03,Potato,0.0,0.0,3.7037,40.0001
2022-09-04,Potato,0.0,0.0,3.7037,40.0001
2022-09-05,Potato,0.0,0.0,3.7037,40.0001
2022-09-06,Potato,0.0,0.0,3.7037,40.0001
2022-09-07,Potato,0.0,0.0,3.7037,39.9999
2022-09-08,Potato,0.0,0.0,3.7037,39.9999
2022-09-09,Potato,0.0,0.0,3.4091,47.3684
2022-09-10,Potato,0.0,0.0,3.1161,47.3684
2022-09-11,Potato,0.0,0.0,2.8249,40.0001
2022-09-12,Potato,0.0,0.0,2.5352,40.0
2022-09-13,Potato,0.0,0.0,2.2472,40.0
2022-09-14,Potato,0.0,0.0,1.9608,40.0
2022-09-15,Potato,0.0,0.0,1.676,40.0
2022-09-16,Potato,0.0,0.0,1.1111,40.0
2022-09-17,Potato,0.0,0.0,1.1111,40.0
2022-09-18,Potato,0.0,0.0,0.831,40.0
2022-09-19,Potato,0.0,0.0,0.5525,40.0
2022-09-20,Potato,0.0,0.0,0.2755,40.0
2022-09-21,Potato,0.0,0.0,0.0,40.0
2022-09-22,Potato,0.0,0.0,0.0,40.0
2022-09-23,Potato,0.0,0.0,0.0,47.3684
2022-09-24,Potato,0.0,0.0,0.0,47.3684
2022-09-25,Potato,0.0,0.0,0.0,47.3684
2022-09-26,Potato,0.0,0.0,0.0,47.3684
2022-09-27,Potato,0.0,0.0,0.0,47.3684
2022-09-28,Potato,0.0,0.0,0.0,47.3684
2022-09-29,Potato,0.0,0.0,0.0,47.3684
2022-09-30,Potato,0.0,0.0,0.0,47.3684
2022-10-01,Potato,0.0,0.0,0.0,47.3684
2022-10-02,Potato,0.0,0.0,0.0,47.3684
2022-10-03,Potato,0.0,0.0,0.0,55.5556
2022-10-04,Potato,0.0,0.0,0.0,55.5556
2022-10-05,Potato,-0.0,-0.0,-0.0,55.5555
2022-10-06,Potato,0.0,-0.0,-0.0,55.5555
2022-10-07,Potato,0.0,-0.0,-0.0,55.5555
2022-10-08,Potato,0.0,-0.0,-0.0,55.5555
2022-10-09,Potato,0.0,-0.0,-0.0,55.5555
2022-10-10,Potato,0.0,-0.0,-0.0,55.5555
2022-10-11,Potato,0.0,-0.0,-0.0,55.5555
2022-10-12,Potato,0.0,0.0,-0.0,55.5555
2022-10-13,Potato,0.0,0.0,-0.0,55.5555
2022-10-14,Potato,0.0,0.0,-0.0,55.5555
2022-10-15,Potato,0.0,0.0,-0.0,55.5555
2022-10-16,Potato,0.0,0.0,-0.0,55.5555
2022-10-17,Potato,0.0,0.0,0.0,55.5556
2022-10-18,Potato,0.0,0.0,0.0,55.5556
2022-10-19,Potato,0.0,0.0,0.0,55.5556
2022-10-20,Potato,0.0,0.0,0.0,55.5556
2022-10-21,Potato,0.0,0.0,0.0,55.5556
2022-10-22,Potato,0.0,0.0,0.0,55.5556
2022-10-23,Potato,0.0,0.0,0.0,55.5556
2022-10-24,Potato,0.0,0.0,0.0,55.5556
2022-10-25,Potato,0.0,0.0,0.0,40.0
2022-10-26,Potato,0.0,0.0,0.0,27.2727
2022-10-27,Potato,0.0,0.0,0.0,27.2727
2022-10-28,Potato,0.0,0.0,0.0,27.2727
2022-10-29,Potato,0.0,0.0,0.0,27.2727
2022-10-30,Potato,0.0,0.0,0.0,27.2727
2022-10-31,Potato,0.0,0.0,0.0,27.2727
2022-11-01,Potato,0.0,0.0,0.0,27.2727
2022-11-02,Potato,0.0,0.0,0.0,27.2727
2022-11-03,Potato,0.0,0.0,0.0,27.2727
2022-11-04,Potato,0.0,0.0,0.0,27.2727
2022-11-05,Potato,0.0,0.0,0.0,16.6667
2022-11-06,Potato,0.0,0.0,0.0,7.6923
2022-11-07,Potato,0.0,0.0,0.0,27.2727
2022-11-08,Potato,0.0,0.0,0.0,27.2727
2022-11-09,Potato,0.0,0.0,0.0,12.0
2022-11-10,Potato,0.0,0.0,0.0,12.0
2022-11-11,Potato,0.0,0.0,0.0,12.0
2022-11-12,Potato,0.0,0.0,0.0,12.0
2022-11-13,Potato,0.0,0.0,0.0,12.0
2022-11-14,Potato,0.0,0.0,0.0,12.0
2022-11-15,Potato,0.0,0.0,0.0,7.6923
2022-11-16,Potato,0.0,0.0,0.0,16.6667
2022-11-17,Potato,0.0,0.0,0.0,27.2727
2022-11-18,Potato,0.0,0.0,0.0,27.2727
2022-11-19,Potato,0.0,0.0,0.0,16.6667
2022-11-20,Potato,0.0,0.0,0.0,16.6667
2022-11-21,Potato,0.0,0.0,0.0,16.6667
2022-11-22,Potato,0.0,0.0,0.0,16.6667
2022-11-23,Potato,0.0,0.0,0.0,27.2727
2022-11-24,Potato,0.0,0.0,0.0,27.2727
2022-11-25,Potato,-7.1429,-7.1429,-7.1429,18.1818
2022-11-26,Potato,0.0,-7.1429,-7.1429,18.1818
2022-11-27,Potato,0.0,-7.1429,-7.1429,18.1818
2022-11-28,Potato,0.0,-7.1429,-7.1429,18.1818
2022-11-29,Potato,0.0,-7.1429,-7.1429,18.1818
2022-11-30,Potato,0.0,-7.1429,-7.1429,18.1818
2022-12-01,Potato,0.0,-7.1429,-7.1429,18.1818
2022-12-02,Potato,0.0,0.0,-7.1429,18.1818
2022-12-03,Potato,0.0,0.0,-7.1429,18.1818
2022-12-04,Potato,0.0,0.0,-7.1429,18.1818
2022-12-05,Potato,0.0,0.0,-7.1429,18.1818
2022-12-06,Potato,0.0,0.0,-7.1429,4.0
2022-12-07,Potato,0.0,0.0,-7.1429,0.0
2022-12-08,Potato,0.0,0.0,-7.1429,-3.7037
2022-12-09,Potato,0.0,0.0,-7.1429,-3.7037
2022-12-10,Potato,0.0,0.0,-7.1429,-3.7037
2022-12-11,Potato,0.0,0.0,-7.1429,-10.3448
2022-12-12,Potato,0.0,0.0,-7.1429,-18.75
2022-12-13,Potato,0.0,0.0,-7.1429,-18.75
2022-12-14,Potato,0.0,0.0,-7.1429,-10.3448
2022-12-15,Potato,0.0,0.0,-7.1429,-7.1429
2022-12-16,Potato,0.0,0.0,-7.1429,-3.7037
2022-12-17,Potato,0.0,0.0,-7.1429,-3.7037
2022-12-18,Potato,-1.7949,-1.7949,-8.8095,-5.4321
2022-12-19,Potato,-1.8277,-3.5897,-10.4762,-7.1605
2022-12-20,Potato,-1.8617,-5.3846,-12.1429,-8.8889
2022-12-21,Potato,-1.897,-7.1795,-13.8095,-3.4667
2022-12-22,Potato,-0.5525,-7.6923,-14.2857,-7.6923
2022-12-23,Potato,-3.3333,-10.7692,-17.1429,-10.7692
2022-12-24,Potato,-2.0115,-12.5641,-18.8095,-12.5641
2022-12-25,Potato,-2.0528,-12.7937,-14.359,-7.2222
2022-12-26,Potato,-2.0958,-13.0319,-16.1538,-12.8
2022-12-27,Potato,-2.1407,-13.2791,-17.9487,-14.6667
2022-12-28,Potato,-2.1875,-13.5359,-19.7436,-9.2754
2022-12-29,Potato,-2.2364,-15.0,-21.5385,-7.2727
2022-12-30,Potato,-2.2876,-14.0805,-23.3333,-0.3333
2022-12-31,Potato,-2.3411,-14.3695,-25.1282,2.4561
2023-01-01,Potato,-2.3973,-14.6707,-26.9231,0.0
2023-01-02,Potato,0.0,-12.844,-26.9231,0.0
2023-01-03,Potato,0.0,-10.9375,-26.9231,-13.6364
2023-01-04,Potato,10.5263,0.639,-19.2308,5.0
2023-01-05,Potato,4.7619,7.8431,-15.3846,10.0
2023-01-06,Potato,9.0909,20.4013,-7.6923,26.3157
2023-01-07,Potato,-4.1667,18.1507,-11.5385,21.0526
2023-01-08,Potato,-4.3478,15.7895,-15.3846,15.7894
2023-01-09,Potato,-4.5455,10.5263,-19.2308,10.5263
2023-01-10,Potato,9.5238,21.0526,-11.5385,21.0526
2023-01-11,Potato,0.0,9.5238,-11.5385,21.0526
2023-01-12,Potato,0.0,4.5455,-11.5385,21.0526
2023-01-13,Potato,0.0,-4.1667,-11.5385,21.0526
2023-01-14,Potato,0.0,0.0,-11.5385,27.7778
2023-01-15,Potato,0.0,4.5455,-11.5385,27.7778
2023-01-16,Potato,-4.3478,4.7619,-15.3846,29.4118
2023-01-17,Potato,0.0,-4.3478,-13.8381,29.4118
2023-01-18,Potato,0.0,-4.3478,-12.234,29.4118
2023-01-19,Potato,0.0,-4.3478,-10.5691,29.4118
2023-01-20,Potato,0.0,-4.3478,-8.8398,29.4118
2023-01-21,Potato,0.0,-4.3478,-8.3333,29.4118
2023-01-22,Potato,22.7273,17.3913,16.3793,68.75
2023-01-23,Potato,0.0,22.7273,18.7683,68.75
2023-01-24,Potato,0.0,22.7273,21.2575,68.75
2023-01-25,Potato,0.0,22.7273,23.8532,68.75
2023-01-26,Potato,0.0,22.7273,26.5625,68.75
2023-01-27,Potato,0.0,22.7273,29.393,68.75
2023-01-28,Potato,0.0,22.7273,32.3529,68.75
2023-01-29,Potato,0.0,0.0,35.4515,68.7501
2023-01-30,Potato,0.0,0.0,38.6986,68.7501
2023-01-31,Potato,0.0,0.0,42.1053,68.7501
2023-02-01,Potato,-3.7037,-3.7037,36.8421,62.5001
2023-02-02,Potato,3.8462,0.0,42.1053,68.7501
2023-02-03,Potato,0.0,0.0,28.5714,68.7501
2023-02-04,Potato,0.0,0.0,22.7273,68.7501
2023-02-05,Potato,0.0,0.0,12.5,68.7501
2023-02-06,Potato,-3.7037,-3.7037,13.0435,62.5001
2023-02-07,Potato,-3.8462,-7.4074,13.6364,56.25
2023-02-08,Potato,0.0,-3.8462,19.0476,47.0588
2023-02-09,Potato,-8.0,-14.8148,0.0,35.2941
2023-02-10,Potato,0.0,-14.8148,0.0,35.2941
2023-02-11,Potato,0.0,-14.8148,0.0,35.2941
2023-02-12,Potato,0.0,-14.8148,0.0,35.2941
2023-02-13,Potato,0.0,-11.5385,0.0,35.2941
2023-02-14,Potato,-4.3478,-12.0,-4.3478,29.4118
2023-02-15,Potato,0.0,-12.0,0.0,29.4118
2023-02-16,Potato,-7.5758,-11.5942,-7.5758,19.6078
2023-02-17,Potato,-8.1967,-18.8406,-15.1515,9.8039
2023-02-18,Potato,-8.9286,-26.087,-22.7273,0.0
2023-02-19,Potato,0.0,-26.087,-22.7273,0.0
2023-02-20,Potato,0.0,-26.087,-22.7273,0.0
2023-02-21,Potato,0.0,-22.7273,-37.037,0.0
2023-02-22,Potato,0.0,-22.7273,-37.037,0.0
2023-02-23,Potato,0.0,-16.3934,-37.037,0.0
2023-02-24,Potato,0.0,-8.9286,-37.037,0.0
2023-02-25,Potato,0.0,0.0,-37.037,0.0
2023-02-26,Potato,-5.8824,-5.8824,-40.7407,-5.8824
2023-02-27,Potato,0.0,-5.8824,-40.7407,-5.8823
2023-02-28,Potato,15.625,8.8235,-31.4815,8.8236
2023-03-01,Potato,13.5135,23.5294,-22.2222,23.5294
2023-03-02,Potato,-4.7619,17.6471,-25.9259,17.6471
2023-03-03,Potato,0.0,17.6471,-23.0769,17.6471
2023-03-04,Potato,0.0,17.6471,-25.9259,11.1111
2023-03-05,Potato,-5.0,18.75,-29.6296,5.5556
2023-03-06,Potato,0.0,18.75,-29.6296,5.5556
2023-03-07,Potato,0.0,2.7027,-29.6296,5.5556
2023-03-08,Potato,5.2632,-4.7619,-23.0769,5.2632
2023-03-09,Potato,5.0,5.0,-16.0,10.5263
2023-03-10,Potato,-4.7619,0.0,-20.0,5.2632
2023-03-11,Potato,0.0,0.0,-13.0435,5.2632
2023-03-12,Potato,0.0,5.2632,-13.0435,5.2632
2023-03-13,Potato,0.0,5.2632,-13.0435,5.2632
2023-03-14,Potato,0.0,5.2632,-13.0435,5.2632
2023-03-15,Potato,-10.0,-10.0,-21.7391,-5.2632
2023-03-16,Potato,0.0,-14.2857,-18.1818,-3.8168
2023-03-17,Potato,0.0,-10.0,-18.1818,-3.8168
2023-03-18,Potato,0.0,-10.0,-11.4754,-3.8168
2023-03-19,Potato,0.0,-10.0,-3.5714,-3.8168
2023-03-20,Potato,0.0,-10.0,5.8824,-3.8168
2023-03-21,Potato,0.0,-10.0,5.8824,-3.8168
2023-03-22,Potato,0.0,0.0,5.8824,-3.8168
2023-03-23,Potato,11.1111,11.1111,17.647,6.8702
2023-03-24,Potato,5.0,16.6666,23.5294,12.6436
2023-03-25,Potato,4.7619,22.2222,29.4118,18.4615
2023-03-26,Potato,0.0,22.2222,29.4118,18.9189
2023-03-27,Potato,0.0,22.2222,29.4118,19.3798
2023-03-28,Potato,0.0,22.2222,37.5,19.8444
2023-03-29,Potato,4.5455,27.7778,43.75,25.7812
2023-03-30,Potato,0.0,15.0,24.3243,26.2745
2023-03-31,Potato,0.0,9.5238,9.5238,26.7717
2023-04-01,Potato,0.0,4.5455,15.0,27.2727
2023-04-02,Potato,0.0,4.5455,15.0,27.7778
2023-04-03,Potato,0.0,4.5455,15.0,27.7778
2023-04-04,Potato,0.0,4.5455,21.0526,27.7778
2023-04-05,Potato,0.0,0.0,21.0526,27.7778
2023-04-06,Potato,0.0,0.0,21.0526,27.7778
2023-04-07,Potato,0.0,0.0,15.0,27.7778
2023-04-08,Potato,0.0,0.0,9.5238,27.7778
2023-04-09,Potato,17.3913,17.3913,35.0,50.0
2023-04-10,Potato,0.0,17.3913,35.0,50.0
2023-04-11,Potato,0.0,17.3913,35.0,50.0
2023-04-12,Potato,0.0,17.3913,35.0,50.0
2023-04-13,Potato,0.0,17.3913,35.0,50.0
2023-04-14,Potato,0.0,17.3913,50.0,50.0
2023-04-15,Potato,0.0,17.3913,50.0,50.0
2023-04-16,Potato,0.0,0.0,50.0,50.0
2023-04-17,Potato,1.2346,1.2346,51.8519,51.8519
2023-04-18,Potato,6.0975,7.4074,61.1111,61.1111
2023-04-19,Potato,-1.1494,6.1728,59.2593,59.2593
2023-04-20,Potato,-1.1628,4.9383,57.4074,57.4074
2023-04-21,Potato,-1.1765,3.7037,55.5556,55.5556
2023-04-22,Potato,-1.1905,2.4691,38.3334,53.7037
2023-04-23,Potato,-1.2048,1.2345,30.1588,51.8519
2023-04-24,Potato,-1.2195,-1.2195,22.7273,50.0
2023-04-25,Potato,3.7037,-3.4483,27.2727,55.5556
2023-04-26,Potato,3.5714,1.1628,31.8182,61.1111
2023-04-27,Potato,13.7931,16.4706,50.0,83.3333
2023-04-28,Potato,0.0,17.8571,43.4783,83.3333
2023-04-29,Potato,0.0,19.2771,43.4783,83.3333
2023-04-30,Potato,-3.0303,17.0732,39.1304,77.7778
2023-05-01,Potato,0.0,18.5185,39.1304,77.7778
2023-05-02,Potato,3.125,17.8571,43.4782,83.3333
2023-05-03,Potato,0.0,13.7931,43.4782,83.3333
2023-05-04,Potato,0.0,0.0,43.4783,83.3333
2023-05-05,Potato,3.0303,3.0303,47.8261,88.8889
2023-05-06,Potato,0.0,3.0303,47.8261,88.8889
2023-05-07,Potato,5.8824,12.5,56.5217,97.8022
2023-05-08,Potato,2.7778,15.625,60.8696,101.087
2023-05-09,Potato,0.0,12.1212,37.037,98.9247
2023-05-10,Potato,0.0,12.1212,37.037,96.8085
2023-05-11,Potato,0.0,12.1212,37.037,94.7368
2023-05-12,Potato,0.0,8.8235,37.037,92.7083
2023-05-13,Potato,0.0,8.8235,37.037,90.7216
2023-05-14,Potato,0.0,2.7778,37.037,88.7755
2023-05-15,Potato,0.0,0.0,37.037,86.8687
2023-05-16,Potato,0.0,0.0,37.037,85.0
2023-05-17,Potato,0.0,0.0,35.3658,76.1905
2023-05-18,Potato,0.0,0.0,27.5862,76.1905
2023-05-19,Potato,0.0,0.0,29.0698,76.1905
2023-05-20,Potato,0.0,0.0,30.5882,76.1905
2023-05-21,Potato,0.0,0.0,32.1429,76.1905
2023-05-22,Potato,0.0,0.0,33.7349,76.1905
2023-05-23,Potato,0.0,0.0,35.3659,76.1905
2023-05-24,Potato,2.7027,2.7027,40.7408,80.9524
2023-05-25,Potato,-0.0,2.7027,35.7143,80.9524
2023-05-26,Potato,0.0,2.7027,31.0345,80.9524
2023-05-27,Potato,-0.0,2.7027,15.1515,80.9523
2023-05-28,Potato,0.0,2.7027,15.1515,80.9524
2023-05-29,Potato,0.0,2.7027,15.1515,80.9524
2023-05-30,Potato,0.0,2.7027,18.75,76.7442
2023-05-31,Potato,-0.0,-0.0,18.75,74.7126
2023-06-01,Potato,0.0,0.0,15.1515,72.7273
2023-06-02,Potato,0.0,-0.0,15.1515,72.7273
2023-06-03,Potato,0.0,0.0,15.1515,72.7273
2023-06-04,Potato,0.0,-0.0,11.7647,76.7442
2023-06-05,Potato,0.0,-0.0,11.7647,80.9524
2023-06-06,Potato,0.0,-0.0,5.5556,78.125
2023-06-07,Potato,0.0,0.0,2.7027,75.3846
2023-06-08,Potato,0.0,0.0,2.7027,72.7273
2023-06-09,Potato,0.0,0.0,2.7027,70.1493
2023-06-10,Potato,0.0,0.0,2.7027,67.6471
2023-06-11,Potato,0.0,0.0,2.7027,65.2174
2023-06-12,Potato,-2.6316,-2.6316,0.0,60.8696
2023-06-13,Potato,-0.0,-2.6316,-0.0,60.8695
2023-06-14,Potato,0.0,-2.6316,-0.0,60.8695
2023-06-15,Potato,0.0,-2.6316,-0.0,60.8695
2023-06-16,Potato,0.0,-2.6316,-0.0,60.8695
2023-06-17,Potato,0.0,-2.6316,-0.0,62.2807
2023-06-18,Potato,0.0,-2.6316,-0.0,63.7168
2023-06-19,Potato,0.0,-0.0,-0.0,65.1785
2023-06-20,Potato,0.0,0.0,-0.0,66.6666
2023-06-21,Potato,0.0,0.0,-0.0,68.1818
2023-06-22,Potato,0.0,0.0,-0.0,69.7247
2023-06-23,Potato,0.0,0.0,-2.6316,71.2963
2023-06-24,Potato,0.0,0.0,-2.6316,72.8972
2023-06-25,Potato,0.0,0.0,-2.6316,74.5283
2023-06-26,Potato,0.0,0.0,-2.6316,76.1905
2023-06-27,Potato,0.0,0.0,-2.6316,76.1905
2023-06-28,Potato,0.0,0.0,-2.6316,76.1905
2023-06-29,Potato,0.0,0.0,-2.6316,76.1905
2023-06-30,Potato,0.0,0.0,-2.6316,76.1905
2023-07-01,Potato,0.0,0.0,-2.6316,76.1905
2023-07-02,Potato,0.0,0.0,-2.6316,76.1905
2023-07-03,Potato,2.7027,2.7027,0.0,78.125
2023-07-04,Potato,2.6316,5.4054,2.6316,80.0
2023-07-05,Potato,0.0,5.4054,2.6316,75.6757
2023-07-06,Potato,0.0,5.4054,2.6316,74.6269
2023-07-07,Potato,0.0,5.4054,2.6316,72.0588
2023-07-08,Potato,0.0,5.4054,2.6316,69.5652
2023-07-09,Potato,0.0,5.4054,2.6316,67.1429
2023-07-10,Potato,0.0,2.6316,2.6316,64.7888
2023-07-11,Potato,0.0,0.0,2.6316,62.5
2023-07-12,Potato,0.0,0.0,5.4054,60.274
2023-07-13,Potato,0.0,0.0,5.4054,58.1081
2023-07-14,Potato,0.0,0.0,5.4054,56.0
2023-07-15,Potato,0.0,0.0,5.4054,53.9474
2023-07-16,Potato,0.0,0.0,5.4054,51.9481
2023-07-17,Potato,0.0,0.0,5.4054,50.0
2023-07-18,Potato,0.0,0.0,5.4054,48.1013
2023-07-19,Potato,0.0,0.0,5.4054,46.25
2023-07-20,Potato,0.0,0.0,5.4054,44.4445
2023-07-21,Potato,0.0,0.0,5.4054,44.4445
2023-07-22,Potato,-0.0,-0.0,5.4054,44.4444
2023-07-23,Potato,-2.5641,-2.5641,2.7027,40.7407
2023-07-24,Potato,0.0,-2.5641,2.7027,40.7407
2023-07-25,Potato,0.0,-2.5641,2.7027,40.7407
2023-07-26,Potato,0.0,-2.5641,2.7027,40.7407
2023-07-27,Potato,0.0,-2.5641,2.7027,40.7407
2023-07-28,Potato,0.0,-2.5641,2.7027,40.7407
2023-07-29,Potato,0.0,-2.5641,2.7027,38.6861
2023-07-30,Potato,0.0,0.0,2.7027,37.6812
2023-07-31,Potato,0.0,0.0,2.7027,36.6906
2023-08-01,Potato,0.0,0.0,2.7027,35.7143
2023-08-02,Potato,0.0,0.0,0.0,35.7143
2023-08-03,Potato,0.0,0.0,-2.5641,40.7407
2023-08-04,Potato,0.0,0.0,-2.5641,40.7407
2023-08-05,Potato,0.0,0.0,-2.5641,40.7407
2023-08-06,Potato,0.0,0.0,-2.5641,40.7407
2023-08-07,Potato,0.0,0.0,-2.5641,40.7407
2023-08-08,Potato,0.0,0.0,-2.5641,40.7407
2023-08-09,Potato,0.0,0.0,-2.5641,40.7407
2023-08-10,Potato,0.0,0.0,-2.5641,40.3409
2023-08-11,Potato,0.0,0.0,-2.5641,39.9433
2023-08-12,Potato,0.0,0.0,-2.5641,39.548
2023-08-13,Potato,0.0,0.0,-2.5641,39.1549
2023-08-14,Potato,0.0,0.0,-2.5641,38.764
2023-08-15,Potato,0.0,0.0,-2.5641,38.3754
2023-08-16,Potato,0.0,0.0,-2.5641,37.9888
2023-08-17,Potato,0.0,0.0,-2.5641,37.2223
2023-08-18,Potato,0.0,0.0,-2.5641,37.2222
2023-08-19,Potato,0.0,0.0,-2.5641,36.8421
2023-08-20,Potato,0.0,0.0,-2.5641,36.4641
2023-08-21,Potato,0.8772,0.8772,-1.7094,37.2819
2023-08-22,Potato,0.8696,1.7544,1.7544,38.0952
2023-08-23,Potato,0.8621,2.6316,2.6316,39.2857
2023-08-24,Potato,0.8547,3.5088,3.5088,40.4762
2023-08-25,Potato,0.8475,4.386,4.386,41.6667
2023-08-26,Potato,0.8403,5.2632,5.2632,42.8571
2023-08-27,Potato,1.5,6.8421,6.8421,45.0
2023-08-28,Potato,1.4778,7.4783,8.4211,47.1429
2023-08-29,Potato,1.4563,8.1034,10.0,49.2857
2023-08-30,Potato,1.4354,8.7179,11.5789,51.4286
2023-08-31,Potato,1.4151,9.322,13.1579,53.5714
2023-09-01,Potato,0.0,8.4034,13.1579,53.5714
2023-09-02,Potato,0.0,7.5,13.1579,53.5714
2023-09-03,Potato,0.0,5.9113,13.1579,53.5714
2023-09-04,Potato,0.0,4.3689,13.1579,53.5714
2023-09-05,Potato,0.0,2.8708,13.1579,53.5714
2023-09-06,Potato,0.0,1.4151,13.1579,53.5714
2023-09-07,Potato,0.0,0.0,13.1579,53.5714
2023-09-08,Potato,0.0,0.0,13.1579,53.5714
2023-09-09,Potato,0.0,0.0,13.1579,53.5714
2023-09-10,Potato,0.0,0.0,13.1579,53.5714
2023-09-11,Potato,0.0,0.0,13.1579,53.5714
2023-09-12,Potato,1.3289,1.3289,14.6617,55.6122
2023-09-13,Potato,1.3115,2.6578,16.1654,57.6531
2023-09-14,Potato,1.2945,3.9867,17.6692,59.6939
2023-09-15,Potato,1.278,5.3156,19.1729,61.7347
2023-09-16,Potato,1.2618,6.6445,20.6767,63.7755
2023-09-17,Potato,1.2461,7.9734,22.1805,65.8163
2023-09-18,Potato,1.2308,9.3023,23.6842,67.8571
2023-09-19,Potato,0.0,7.8689,23.6842,67.8571
2023-09-20,Potato,-4.2553,1.9417,17.3913,60.7143
2023-09-21,Potato,-4.4444,-3.8339,11.2069,53.5714
2023-09-22,Potato,0.0,-5.0473,10.2564,53.5714
2023-09-23,Potato,0.0,-6.2305,9.322,53.5714
2023-09-24,Potato,0.0,-7.3846,8.4034,53.5714
2023-09-25,Potato,0.0,-8.5106,7.5,53.5714
2023-09-26,Potato,0.0,-8.5106,5.9113,53.5714
2023-09-27,Potato,0.9967,-3.4921,5.4092,55.102
2023-09-28,Potato,0.9868,1.9934,4.9214,56.6327
2023-09-29,Potato,0.9772,2.99,4.4474,58.1633
2023-09-30,Potato,0.9677,3.9867,3.9867,59.6939
2023-10-01,Potato,0.9585,4.9834,4.9834,61.2245
2023-10-02,Potato,0.9494,5.9801,5.9801,62.7551
2023-10-03,Potato,0.9404,6.9767,6.9767,64.2857
2023-10-04,Potato,0.0,5.9211,6.9767,64.2857
2023-10-05,Potato,0.0,4.886,6.9767,64.2858
2023-10-06,Potato,-2.8986,0.8602,3.876,59.5239
2023-10-07,Potato,-2.9851,-3.0884,0.7752,54.7619
2023-10-08,Potato,-3.0769,-6.962,-2.3256,50.0
2023-10-09,Potato,0.0,-7.837,-2.3256,50.0
2023-10-10,Potato,0.0,-8.6957,-2.3256,50.0
2023-10-11,Potato,0.0,-8.6957,-2.3256,50.0
2023-10-12,Potato,0.0,-8.6957,-3.6066,50.0
2023-10-13,Potato,0.0,-5.9701,-4.8544,50.0
2023-10-14,Potato,0.7937,-2.3077,-5.3248,51.1905
2023-10-15,Potato,0.7874,1.5873,-5.7834,52.381
2023-10-16,Potato,0.7812,2.381,-6.2305,53.5715
2023-10-17,Potato,0.0,2.381,-7.3846,53.5714
2023-10-18,Potato,2.3256,4.7619,-6.383,57.1429
2023-10-19,Potato,3.4091,8.3333,-3.1915,62.5
2023-10-20,Potato,3.2967,11.9048,4.4444,67.8571
2023-10-21,Potato,4.2553,15.748,13.9535,75.0
2023-10-22,Potato,0.0,14.8438,13.9535,75.0
2023-10-23,Potato,0.0,13.9535,13.9535,75.0
2023-10-24,Potato,3.0612,17.4419,17.4419,80.3571
2023-10-25,Potato,2.9703,18.1818,20.9302,85.7143
2023-10-26,Potato,1.9231,16.4835,23.2558,89.2857
2023-10-27,Potato,0.0,12.766,22.0395,89.2857
2023-10-28,Potato,0.0,8.1633,20.8469,89.2857
2023-10-29,Potato,3.7736,12.2449,24.1935,96.4286
2023-10-30,Potato,3.6364,16.3265,27.476,103.5714
2023-10-31,Potato,0.0,12.8713,26.2658,103.5714
2023-11-01,Potato,0.0,9.6154,25.0784,103.5714
2023-11-02,Potato,0.0,7.5472,23.913,103.5714
2023-11-03,Potato,0.0,7.5472,23.913,103.5714
2023-11-04,Potato,-4.386,2.8302,18.4783,94.6429
2023-11-05,Potato,-4.5872,-5.4545,16.4179,85.7143
2023-11-06,Potato,-4.8077,-13.1579,14.2308,76.7857
2023-11-07,Potato,-5.0505,-17.5439,11.9048,67.8571
2023-11-08,Potato,0.0,-17.5439,11.9048,67.8571
2023-11-09,Potato,0.0,-17.5439,11.9048,67.8571
2023-11-10,Potato,0.0,-17.5439,11.9048,67.8571
2023-11-11,Potato,0.0,-13.7615,11.9048,67.8571
2023-11-12,Potato,0.0,-9.6154,11.9048,67.8571
2023-11-13,Potato,8.5106,3.0303,20.4724,82.1429
2023-11-14,Potato,0.0,8.5106,19.5312,82.1429
2023-11-15,Potato,0.0,8.5106,18.6047,82.1429
2023-11-16,Potato,-7.8431,0.0,9.3023,67.8571
2023-11-17,Potato,0.0,0.0,6.8182,67.8571
2023-11-18,Potato,0.0,0.0,3.2967,67.8571
2023-11-19,Potato,0.0,0.0,0.0,67.8571
2023-11-20,Potato,0.0,-7.8431,-4.0816,67.8571
2023-11-21,Potato,0.0,-7.8431,-4.0816,67.8571
2023-11-22,Potato,0.0,-7.8431,-4.0816,67.8571
2023-11-23,Potato,0.0,0.0,-6.9307,67.8571
2023-11-24,Potato,0.0,0.0,-9.6154,67.8571
2023-11-25,Potato,0.0,0.0,-11.3208,80.7692
2023-11-26,Potato,0.0,0.0,-11.3208,80.7692
2023-11-27,Potato,-0.0,-0.0,-11.3208,80.7692
2023-11-28,Potato,0.0,-0.0,-14.5455,80.7692
2023-11-29,Potato,0.0,-0.0,-17.5439,80.7692
2023-11-30,Potato,0.0,-0.0,-17.5439,80.7692
2023-12-01,Potato,0.0,-0.0,-17.5439,80.7692
2023-12-02,Potato,0.0,-0.0,-17.5439,80.7692
2023-12-03,Potato,0.0,-0.0,-17.5439,80.7692
2023-12-04,Potato,6.383,6.383,-8.2569,92.3077
2023-12-05,Potato,-0.0,6.383,-3.8462,92.3077
2023-12-06,Potato,0.0,6.383,1.0101,92.3077
2023-12-07,Potato,0.0,6.383,6.383,92.3077
2023-12-08,Potato,0.0,6.383,6.383,92.3077
2023-12-09,Potato,0.0,6.383,6.383,92.3077
2023-12-10,Potato,0.0,6.383,6.383,92.3077
2023-12-11,Potato,4.0,4.0,10.6383,100.0
2023-12-12,Potato,-3.8462,0.0,6.383,92.3077
2023-12-13,Potato,0.0,0.0,-1.9608,92.3077
2023-12-14,Potato,0.0,0.0,-1.9608,92.3077
2023-12-15,Potato,0.0,0.0,-1.9608,92.3077
2023-12-16,Potato,7.0,7.0,13.8298,105.7692
2023-12-17,Potato,6.5421,14.0,21.2766,119.2308
2023-12-18,Potato,0.0,9.6154,21.2766,123.2376
2023-12-19,Potato,0.0,14.0,21.2766,127.3936
2023-12-20,Potato,0.0,14.0,21.2766,131.7073
2023-12-21,Potato,-0.0,14.0,21.2766,136.1878
2023-12-22,Potato,5.2631,20.0,27.6596,150.0
2023-12-23,Potato,0.0,12.1495,27.6596,158.6207
2023-12-24,Potato,0.0,5.2632,27.6596,163.9297
2023-12-25,Potato,0.0,5.2632,27.6596,169.4611
2023-12-26,Potato,0.0,5.2632,27.6596,175.2294
2023-12-27,Potato,0.0,5.2632,27.6596,181.25
2023-12-28,Potato,0.0,5.2632,27.6596,187.54
2023-12-29,Potato,-0.0,0.0,27.6596,194.1176
2023-12-30,Potato,0.0,0.0,27.6596,201.0033
2023-12-31,Potato,0.0,-0.0,27.6596,208.2192
2024-01-01,Potato,0.0,-0.0,27.6596,215.7895
2024-01-02,Potato,0.0,-0.0,27.6596,215.7895
2024-01-03,Potato,0.0,-0.0,20.0,215.7895
2024-01-04,Potato,0.0,-0.0,20.0,185.7143
2024-01-05,Potato,0.0,0.0,20.0,172.7273
2024-01-06,Potato,0.0,0.0,20.0,150.0
2024-01-07,Potato,0.0,0.0,20.0,160.8696
2024-01-08,Potato,0.0,0.0,20.0,172.7273
2024-01-09,Potato,0.0,0.0,20.0,185.7143
2024-01-10,Potato,-5.0,-5.0,9.6154,147.8261
2024-01-11,Potato,-3.5088,-8.3333,10.0,139.1304
2024-01-12,Potato,0.0,-8.3333,10.0,139.1304
2024-01-13,Potato,0.0,-8.3333,10.0,139.1304
2024-01-14,Potato,0.0,-8.3333,10.0,139.1304
2024-01-15,Potato,0.0,-8.3333,2.8037,139.1304
2024-01-16,Potato,0.0,-8.3333,-3.5088,150.0
2024-01-17,Potato,0.0,-3.5088,-3.5088,150.0
2024-01-18,Potato,-14.5455,-14.5455,-17.5439,113.6363
2024-01-19,Potato,-4.2553,-18.1818,-21.0526,104.5455
2024-01-20,Potato,0.0,-18.1818,-21.0526,104.5455
2024-01-21,Potato,0.0,-18.1818,-25.0,104.5455
2024-01-22,Potato,-0.0,-18.1818,-25.0,66.6666
2024-01-23,Potato,0.0,-18.1818,-25.0,66.6666
2024-01-24,Potato,0.0,-18.1818,-25.0,66.6666
2024-01-25,Potato,0.0,-4.2553,-25.0,66.6667
2024-01-26,Potato,-0.0,0.0,-25.0,66.6667
2024-01-27,Potato,0.0,0.0,-25.0,66.6667
2024-01-28,Potato,0.0,0.0,-25.0,66.6667
2024-01-29,Potato,-6.6667,-6.6666,-30.0,55.5556
2024-01-30,Potato,0.0,-6.6666,-30.0,55.5556
2024-01-31,Potato,0.0,-6.6666,-30.0,55.5556
2024-02-01,Potato,-0.0,-6.6667,-30.0,61.5385
2024-02-02,Potato,-2.381,-8.8889,-31.6667,51.8519
2024-02-03,Potato,0.0,-8.8889,-31.6667,51.8519
2024-02-04,Potato,-2.439,-11.1111,-33.3333,48.1481
2024-02-05,Potato,-7.5,-11.9048,-38.3333,37.037
2024-02-06,Potato,-5.4054,-16.6667,-41.6667,34.6154
2024-02-07,Potato,0.0,-16.6667,-41.6667,40.0
2024-02-08,Potato,0.0,-16.6667,-41.6667,40.0
2024-02-09,Potato,0.0,-14.6341,-38.5965,52.1739
2024-02-10,Potato,-1.4286,-15.8537,-37.2727,50.0
2024-02-11,Potato,-1.4493,-15.0,-38.1818,47.8261
2024-02-12,Potato,-8.8235,-16.2162,-43.6364,34.7826
2024-02-13,Potato,0.0,-11.4286,-43.6364,34.7826
2024-02-14,Potato,0.0,-11.4286,-43.6364,40.9091
2024-02-15,Potato,-0.0,-11.4286,-43.6364,40.9091
2024-02-16,Potato,-1.6129,-12.8572,-44.5455,50.0
2024-02-17,Potato,-8.1967,-18.8406,-40.4255,50.0
2024-02-18,Potato,0.0,-17.6471,-37.7778,64.7059
2024-02-19,Potato,0.0,-9.6774,-37.7778,64.7059
2024-02-20,Potato,0.0,-9.6774,-37.7778,64.7059
2024-02-21,Potato,-1.7857,-11.2903,-38.8889,61.7647
2024-02-22,Potato,-1.8182,-12.9032,-40.0,58.8235
2024-02-23,Potato,7.4074,-4.918,-35.5555,70.5882
2024-02-24,Potato,0.0,3.5714,-35.5556,70.5882
2024-02-25,Potato,-6.8966,-3.5714,-40.0,58.8235
2024-02-26,Potato,0.0,-3.5714,-40.0,68.75
2024-02-27,Potato,0.0,-3.5714,-40.0,68.75
2024-02-28,Potato,14.8148,12.7273,-26.1905,67.5676
2024-02-29,Potato,-1.6129,12.963,-27.381,45.2381
2024-03-01,Potato,-1.6393,3.4483,-28.5714,50.0
2024-03-02,Potato,-10.0,-6.8966,-35.7143,35.0
2024-03-03,Potato,0.0,0.0,-34.1463,35.0
2024-03-04,Potato,0.0,0.0,-34.1463,42.1053
2024-03-05,Potato,6.1728,6.1728,-28.3333,50.8772
2024-03-06,Potato,5.814,-2.1505,-18.018,59.6491
2024-03-07,Potato,5.4945,4.918,-8.5714,60.0
2024-03-08,Potato,0.0,6.6667,-8.5714,52.381
2024-03-09,Potato,0.0,18.5185,-8.5714,60.0
2024-03-10,Potato,0.0,18.5185,-8.5714,60.0
2024-03-11,Potato,-0.0,18.5185,-7.2464,60.0
2024-03-12,Potato,0.1815,11.8305,-5.7116,60.2903
2024-03-13,Potato,15.4156,21.978,19.3548,85.0
2024-03-14,Potato,0.0,15.625,19.3548,105.5556
2024-03-15,Potato,0.0,15.625,19.3548,105.5556
2024-03-16,Potato,0.0,15.625,19.3549,105.5556
2024-03-17,Potato,0.0,15.625,21.3115,105.5556
2024-03-18,Potato,0.0,15.625,32.1429,105.5556
2024-03-19,Potato,0.0,15.4156,32.1429,105.5556
2024-03-20,Potato,5.4054,5.4054,39.2857,116.6667
2024-03-21,Potato,0.0,5.4054,39.2857,116.6667
2024-03-22,Potato,-0.0,5.4054,41.8182,95.0001
2024-03-23,Potato,0.0,5.4054,44.4444,85.7144
2024-03-24,Potato,0.0,5.4054,34.4828,77.2727
2024-03-25,Potato,0.0,5.4054,34.4828,77.2727
2024-03-26,Potato,7.6923,13.5135,55.5555,90.9091
2024-03-27,Potato,0.0,7.6923,55.5555,90.9091
2024-03-28,Potato,0.0,7.6923,55.5556,82.6087
2024-03-29,Potato,0.0,7.6923,35.4839,82.6087
2024-03-30,Potato,0.0,7.6923,37.7049,82.6087
2024-03-31,Potato,0.0,7.6923,40.0,82.6087
2024-04-01,Potato,0.0,7.6923,55.5556,82.6087
2024-04-02,Potato,0.0,0.0,55.5556,82.6087
2024-04-03,Potato,0.0,0.0,55.5556,82.6087
2024-04-04,Potato,0.0,0.0,46.5116,82.6087
2024-04-05,Potato,0.0,0.0,38.4615,82.6087
2024-04-06,Potato,0.0,0.0,31.25,82.6087
2024-04-07,Potato,5.9524,5.9524,39.0625,93.4783
2024-04-08,Potato,5.618,11.9048,46.875,74.0741
2024-04-09,Potato,0.0,11.9048,46.875,74.0741
2024-04-10,Potato,0.0,11.9048,46.875,74.0741
2024-04-11,Potato,0.0,11.9048,46.609,74.0741
2024-04-12,Potato,0.0,11.9048,27.027,74.0741
2024-04-13,Potato,0.0,11.9048,27.027,74.0741
2024-04-14,Potato,0.0,5.618,27.027,74.0741
2024-04-15,Potato,0.0,0.0,27.027,74.074
2024-04-16,Potato,0.0,0.0,27.027,71.9512
2024-04-17,Potato,0.0,0.0,27.027,62.069
2024-04-18,Potato,0.0,0.0,27.027,63.9535
2024-04-19,Potato,2.1277,2.1277,23.0769,69.4118
2024-04-20,Potato,8.3333,10.6383,33.3333,85.7143
2024-04-21,Potato,0.0,10.6383,33.3333,87.9518
2024-04-22,Potato,0.0,10.6383,33.3333,90.2439
2024-04-23,Potato,0.0,10.6383,33.3333,92.5926
2024-04-24,Potato,0.0,10.6383,33.3333,85.7143
2024-04-25,Potato,-7.6923,2.1277,14.2857,65.5172
2024-04-26,Potato,0.0,-0.0,14.2857,45.4545
2024-04-27,Potato,0.0,-7.6923,14.2857,45.4545
2024-04-28,Potato,4.1667,-3.8462,19.0476,51.5152
2024-04-29,Potato,0.0,-3.8462,19.0476,56.25
2024-04-30,Potato,4.0,0.0,23.8095,62.5
2024-05-01,Potato,0.0,0.0,23.8095,57.5758
2024-05-02,Potato,0.0,8.3333,23.8095,57.5758
2024-05-03,Potato,0.0,8.3333,23.8095,57.5758
2024-05-04,Potato,0.0,8.3333,23.8095,52.9412
2024-05-05,Potato,-3.8462,0.0,19.0476,47.0588
2024-05-06,Potato,0.0,0.0,19.0476,38.8889
2024-05-07,Potato,0.0,-3.8462,12.3596,35.1351
2024-05-08,Potato,0.0,-3.8462,6.383,35.1351
2024-05-09,Potato,0.0,-3.8462,6.383,35.1351
2024-05-10,Potato,4.0,0.0,10.6383,40.5405
2024-05-11,Potato,0.0,0.0,10.6383,40.5405
2024-05-12,Potato,0.0,4.0,10.6383,40.5405
2024-05-13,Potato,-1.9231,2.0,8.5106,37.8378
2024-05-14,Potato,0.0,2.0,8.5106,37.8378
2024-05-15,Potato,0.0,2.0,8.5106,37.8378
2024-05-16,Potato,0.0,2.0,8.5106,37.8378
2024-05-17,Potato,0.0,-1.9231,8.5106,37.8378
2024-05-18,Potato,0.0,-1.9231,8.5106,37.8378
2024-05-19,Potato,0.0,-1.9231,6.25,37.8378
2024-05-20,Potato,0.0,0.0,-1.9231,37.8378
2024-05-21,Potato,0.0,0.0,-1.9231,37.8378
2024-05-22,Potato,0.0,0.0,-1.9231,37.8378
2024-05-23,Potato,1.9608,1.9608,-0.0,36.8421
2024-05-24,Potato,0.0,1.9608,-0.0,36.8421
2024-05-25,Potato,0.0,1.9608,8.3333,36.8421
2024-05-26,Potato,0.0,1.9608,8.3333,36.8421
2024-05-27,Potato,0.0,1.9608,8.3333,36.8421
2024-05-28,Potato,0.0,1.9608,4.0,36.8421
2024-05-29,Potato,-0.0,1.9608,4.0,36.8421
2024-05-30,Potato,5.7692,5.7692,5.7692,44.7368
2024-05-31,Potato,0.0,5.7692,5.7692,44.7368
2024-06-01,Potato,0.0,5.7692,5.7692,44.7368
2024-06-02,Potato,0.0,5.7692,5.7692,44.7368
2024-06-03,Potato,3.6364,9.6154,9.6154,50.0
2024-06-04,Potato,0.0,9.6154,14.0,50.0
2024-06-05,Potato,0.0,9.6154,14.0,50.0
2024-06-06,Potato,0.0,3.6364,14.0,50.0
2024-06-07,Potato,0.0,3.6364,14.0,50.0
2024-06-08,Potato,0.0,3.6364,14.0,50.0
2024-06-09,Potato,0.0,3.6364,9.6154,50.0
2024-06-10,Potato,0.0,0.0,9.6154,50.0
2024-06-11,Potato,0.0,0.0,9.6154,54.0541
2024-06-12,Potato,0.0,0.0,11.7647,54.0541
2024-06-13,Potato,0.0,0.0,11.7647,54.0541
2024-06-14,Potato,0.0,0.0,11.7647,54.0541
2024-06-15,Potato,0.0,0.0,11.7647,54.0541
2024-06-16,Potato,0.0,0.0,11.7647,54.0541
2024-06-17,Potato,0.0,0.0,11.7647,54.0541
2024-06-18,Potato,0.0,0.0,11.7647,54.0541
2024-06-19,Potato,0.0,0.0,11.7647,54.0541
2024-06-20,Potato,0.0,0.0,11.7647,54.0541
2024-06-21,Potato,0.0,0.0,11.7647,54.0541
2024-06-22,Potato,0.0,0.0,9.6154,54.0541
2024-06-23,Potato,0.0,0.0,9.6154,54.0541
2024-06-24,Potato,0.0,0.0,9.6154,54.0541
2024-06-25,Potato,0.0,0.0,9.6154,54.0541
2024-06-26,Potato,0.0,0.0,9.6154,54.0541
2024-06-27,Potato,0.0,0.0,9.6154,54.0541
2024-06-28,Potato,3.5088,3.5088,13.4616,59.4595
2024-06-29,Potato,0.0,3.5088,7.2727,59.4595
2024-06-30,Potato,0.0,3.5088,7.2727,59.4595
2024-07-01,Potato,1.6949,5.2632,9.0909,62.1622
2024-07-02,Potato,0.0,5.2632,9.0909,57.8947
2024-07-03,Potato,0.0,5.2632,5.2632,53.8462
2024-07-04,Potato,0.0,5.2632,5.2632,53.8462
2024-07-05,Potato,0.0,1.6949,5.2632,53.8462
2024-07-06,Potato,0.0,1.6949,5.2632,53.8462
2024-07-07,Potato,0.0,1.6949,5.2632,53.8462
2024-07-08,Potato,0.0,0.0,5.2632,53.8461
2024-07-09,Potato,-0.0,0.0,5.2632,53.8461
2024-07-10,Potato,0.0,0.0,5.2632,53.8461
2024-07-11,Potato,0.0,0.0,5.2632,53.8461
2024-07-12,Potato,0.0,0.0,5.2632,53.8461
2024-07-13,Potato,0.0,0.0,5.2632,53.8461
2024-07-14,Potato,0.0,-0.0,5.2632,53.8461
2024-07-15,Potato,0.0,-0.0,5.2632,53.8461
2024-07-16,Potato,0.0,0.0,5.2632,53.8461
2024-07-17,Potato,-0.0,-0.0,5.2631,53.8461
2024-07-18,Potato,0.0,-0.0,5.2631,53.8461
2024-07-19,Potato,0.0,-0.0,5.2631,53.8461
2024-07-20,Potato,-0.8333,-0.8333,4.386,52.5641
2024-07-21,Potato,-1.4005,-2.2222,2.924,50.4274
2024-07-22,Potato,-0.2841,-2.5,2.6316,53.9474
2024-07-23,Potato,-0.8547,-3.3333,1.7544,52.6316
2024-07-24,Potato,0.0,-3.3333,1.7544,52.6316
2024-07-25,Potato,-0.0,-3.3333,1.7544,52.6316
2024-07-26,Potato,0.0,-3.3333,1.7544,52.6316
2024-07-27,Potato,-0.2873,-2.8011,1.462,52.193
2024-07-28,Potato,-1.4409,-2.8409,-3.3898,50.0
2024-07-29,Potato,-0.0,-2.5641,-3.3898,50.0
2024-07-30,Potato,0.0,-1.7242,-3.3898,50.0
2024-07-31,Potato,0.0,-1.7242,-5.0,50.0
2024-08-01,Potato,0.0,-1.7241,-5.0,50.0
2024-08-02,Potato,0.0,-1.7241,-5.0,50.0
2024-08-03,Potato,0.0,-1.4409,-5.0,50.0
2024-08-04,Potato,0.0,-0.0,-5.0,50.0
2024-08-05,Potato,0.0,0.0,-5.0,50.0
2024-08-06,Potato,0.0,0.0,-5.0,50.0
2024-08-07,Potato,0.0,0.0,-5.0,50.0
2024-08-08,Potato,0.0,0.0,-5.0,50.0
2024-08-09,Potato,0.0,0.0,-5.0,50.0
2024-08-10,Potato,0.0,0.0,-5.0,50.0
2024-08-11,Potato,0.0,0.0,-5.0,50.0
2024-08-12,Potato,-0.0,-0.0,-5.0,50.0
2024-08-13,Potato,-1.7544,-1.7544,-6.6667,47.3684
2024-08-14,Potato,-0.0,-1.7544,-6.6667,47.3684
2024-08-15,Potato,0.0,-1.7544,-6.6667,47.3684
2024-08-16,Potato,0.0,-1.7544,-6.6667,47.3684
2024-08-17,Potato,0.0,-1.7544,-6.6667,47.3684
2024-08-18,Potato,0.0,-1.7544,-6.6667,47.3684
2024-08-19,Potato,0.0,-1.7544,-5.8824,47.3684
2024-08-20,Potato,0.0,-0.0,-4.5455,46.0869
2024-08-21,Potato,0.0,0.0,-4.2735,44.8276
2024-08-22,Potato,0.0,0.0,-3.4483,43.5897
2024-08-23,Potato,-6.6186,-6.6186,-9.8387,32.9497
2024-08-24,Potato,0.0,-6.6186,-9.8387,31.8325
2024-08-25,Potato,9.0001,1.7857,-1.7241,42.5
2024-08-26,Potato,-1.7544,0.0,-3.17,37.931
2024-08-27,Potato,-1.7857,-1.7857,-3.5088,33.4951
2024-08-28,Potato,1.8182,0.0,-1.7544,33.9713
2024-08-29,Potato,0.0,0.0,-1.7544,32.0755
2024-08-30,Potato,0.0,7.0878,-1.7544,30.2326
2024-08-31,Potato,0.0,7.0878,-1.7544,30.2326
2024-09-01,Potato,0.0,-1.7544,-1.7544,30.2326
2024-09-02,Potato,0.0,0.0,-1.7544,30.2326
2024-09-03,Potato,0.0,1.8182,-1.7544,30.2326
2024-09-04,Potato,0.0,0.0,-1.7544,30.2326
2024-09-05,Potato,0.0,0.0,-1.7544,30.2326
2024-09-06,Potato,0.0,0.0,-1.7544,30.2326
2024-09-07,Potato,0.0,0.0,-1.7544,30.2326
2024-09-08,Potato,-0.0,0.0,-1.7544,30.2326
2024-09-09,Potato,0.0,0.0,-1.7544,30.2326
2024-09-10,Potato,0.0,0.0,-1.7544,30.2326
2024-09-11,Potato,0.0,0.0,-1.7544,28.5246
2024-09-12,Potato,0.0,0.0,0.0,26.8608
2024-09-13,Potato,-0.0,-0.0,0.0,25.2396
2024-09-14,Potato,0.0,-0.0,0.0,23.6593
2024-09-15,Potato,0.0,0.0,0.0,22.1184
2024-09-16,Potato,-3.5714,-3.5714,-3.5714,16.3077
2024-09-17,Potato,-3.7037,-7.1429,-7.1428,10.6383
2024-09-18,Potato,0.0,-7.1429,-7.1428,10.6383
2024-09-19,Potato,0.0,-7.1429,-7.1428,15.5556
2024-09-20,Potato,0.0,-7.1428,-7.1428,20.9302
2024-09-21,Potato,0.0,-7.1429,-7.1428,20.9302
2024-09-22,Potato,0.0,-7.1429,-0.5614,20.9302
2024-09-23,Potato,0.0,-3.7037,-0.5614,20.9302
2024-09-24,Potato,0.0,0.0,-8.7719,20.9302
2024-09-25,Potato,0.0,0.0,-7.1429,20.9302
2024-09-26,Potato,0.0,0.0,-5.4545,19.7368
2024-09-27,Potato,0.0,0.0,-7.1428,18.5668
2024-09-28,Potato,0.0,0.0,-7.1429,17.4194
2024-09-29,Potato,9.6154,9.6154,1.7857,27.476
2024-09-30,Potato,0.0,9.6154,1.7857,26.2658
2024-10-01,Potato,-3.5088,5.7692,-1.7857,20.6897
2024-10-02,Potato,0.0,5.7692,-1.7857,19.5652
2024-10-03,Potato,0.0,5.7692,-1.7857,19.5652
2024-10-04,Potato,0.0,5.7692,-1.7857,19.5652
2024-10-05,Potato,0.0,5.7692,-1.7857,23.1343
2024-10-06,Potato,0.0,-3.5088,-1.7857,26.9231
2024-10-07,Potato,0.0,-3.5088,-1.7857,30.9524
2024-10-08,Potato,0.0,0.0,-1.7857,30.9524
2024-10-09,Potato,0.0,0.0,-1.7857,30.9524
2024-10-10,Potato,0.0,0.0,-1.7857,30.9524
2024-10-11,Potato,1.8182,1.8182,-0.0,33.3333
2024-10-12,Potato,1.7857,3.6364,1.7857,35.7143
2024-10-13,Potato,0.0,3.6364,1.7857,34.6457
2024-10-14,Potato,0.0,3.6364,1.7857,33.5938
2024-10-15,Potato,0.0,3.6364,1.7857,32.5581
2024-10-16,Potato,0.0,3.6364,5.5556,32.5581
2024-10-17,Potato,0.0,3.6364,9.6154,29.5455
2024-10-18,Potato,0.0,1.7857,9.6154,25.2747
2024-10-19,Potato,0.0,0.0,9.6154,21.2766
2024-10-20,Potato,0.0,0.0,9.6154,16.3265
2024-10-21,Potato,0.0,0.0,9.6154,16.3265
2024-10-22,Potato,0.0,0.0,9.6154,16.3265
2024-10-23,Potato,0.0,0.0,9.6154,12.8713
2024-10-24,Potato,0.0,0.0,9.6154,9.6154
2024-10-25,Potato,0.0,0.0,9.6154,7.5472
2024-10-26,Potato,0.0,0.0,9.6154,7.5472
2024-10-27,Potato,0.0,0.0,9.6154,7.5472
2024-10-28,Potato,0.0,0.0,9.6154,3.6364
2024-10-29,Potato,0.0,0.0,0.0,0.0
2024-10-30,Potato,5.2632,5.2632,5.2632,5.2632
2024-10-31,Potato,0.0,5.2632,9.0909,5.2632
2024-11-01,Potato,0.0,5.2632,9.0909,5.2632
2024-11-02,Potato,0.0,5.2632,9.0909,5.2632
2024-11-03,Potato,3.3333,8.7719,12.7273,13.7615
2024-11-04,Potato,0.0,8.7719,12.7273,19.2308
2024-11-05,Potato,8.0645,17.5439,21.8182,35.3535
2024-11-06,Potato,0.0,11.6667,21.8182,42.5532
2024-11-07,Potato,0.0,11.6667,21.8182,42.5532
2024-11-08,Potato,0.0,11.6667,21.8182,42.5532
2024-11-09,Potato,0.0,11.6667,21.8182,42.5532
2024-11-10,Potato,4.4776,12.9032,25.0,48.9362
2024-11-11,Potato,0.0,12.9032,22.807,48.9362
2024-11-12,Potato,0.0,4.4776,22.807,37.2549
2024-11-13,Potato,0.0,4.4776,22.807,37.2549
2024-11-14,Potato,0.0,4.4776,22.807,37.2549
2024-11-15,Potato,0.0,4.4776,22.807,48.9362
2024-11-16,Potato,0.0,4.4776,22.807,48.9362
2024-11-17,Potato,0.0,0.0,22.807,48.9362
2024-11-18,Potato,0.0,0.0,22.807,48.9362
2024-11-19,Potato,0.0,0.0,22.807,48.9362
2024-11-20,Potato,0.0,0.0,22.807,48.9362
2024-11-21,Potato,2.8571,2.8571,26.3158,53.1915
2024-11-22,Potato,4.1667,7.1429,31.5789,59.5745
2024-11-23,Potato,0.0,7.1429,31.579,59.5745
2024-11-24,Potato,0.0,7.1429,31.579,59.5745
2024-11-25,Potato,0.0,7.1429,31.579,59.5745
2024-11-26,Potato,0.0,7.1429,31.579,59.5745
2024-11-27,Potato,0.0,7.1429,31.579,59.5745
2024-11-28,Potato,0.0,4.1667,31.579,59.5745
2024-11-29,Potato,-0.0,0.0,25.0,59.5745
2024-11-30,Potato,0.0,-0.0,25.0,59.5745
2024-12-01,Potato,0.0,-0.0,25.0,59.5745
2024-12-02,Potato,0.0,-0.0,25.0,59.5745
2024-12-03,Potato,0.0,-0.0,20.9677,50.0
2024-12-04,Potato,0.0,-0.0,20.9677,50.0
2024-12-05,Potato,0.0,-0.0,11.9403,50.0
2024-12-06,Potato,0.0,0.0,11.9403,50.0
2024-12-07,Potato,0.0,0.0,11.9403,50.0
2024-12-08,Potato,0.0,0.0,11.9403,50.0
2024-12-09,Potato,0.0,0.0,11.9403,50.0
2024-12-10,Potato,-4.0,-4.0,2.8571,38.4615
2024-12-11,Potato,0.0,-4.0,2.8571,44.0
2024-12-12,Potato,0.0,-4.0,2.8571,44.0
2024-12-13,Potato,0.0,-4.0,2.8571,44.0
2024-12-14,Potato,0.0,-4.0,2.8571,44.0
2024-12-15,Potato,0.0,-4.0,2.8571,34.5794
2024-12-16,Potato,0.0,-4.0,2.8571,26.3158
2024-12-17,Potato,0.0,0.0,2.8571,26.3158
2024-12-18,Potato,0.0,0.0,2.8571,26.3158
2024-12-19,Potato,-2.7778,-2.7778,0.0,22.807
2024-12-20,Potato,0.0,-2.7778,0.0,22.807
2024-12-21,Potato,0.0,-2.7778,-2.7778,16.6667
2024-12-22,Potato,0.0,-2.7778,-6.6667,16.6667
2024-12-23,Potato,-11.4286,-13.8889,-17.3333,3.3333
2024-12-24,Potato,0.0,-13.8889,-17.3333,3.3333
2024-12-25,Potato,-1.6129,-15.2778,-18.6667,1.6667
2024-12-26,Potato,-1.6393,-14.2857,-20.0,-0.0
2024-12-27,Potato,0.0,-14.2857,-20.0,-0.0
2024-12-28,Potato,0.0,-14.2857,-20.0,0.0
2024-12-29,Potato,0.0,-14.2857,-20.0,0.0
2024-12-30,Potato,-5.0,-8.0645,-24.0,-5.0
2024-12-31,Potato,-3.5088,-11.2903,-26.6667,-8.3333
2025-01-01,Potato,0.0,-9.8361,-26.6667,-8.3333
2025-01-02,Potato,-0.9091,-9.1667,-27.3333,-9.1667
2025-01-03,Potato,-4.5871,-13.3333,-30.6667,-13.3333
2025-01-04,Potato,-0.0,-13.3333,-30.6667,-13.3333
2025-01-05,Potato,0.0,-13.3333,-30.6667,-13.3333
2025-01-06,Potato,0.0,-8.7719,-30.6667,-13.3333
2025-01-07,Potato,-9.6154,-14.5454,-37.3333,-21.6667
2025-01-08,Potato,0.0,-14.5454,-37.3333,-21.6667
2025-01-09,Potato,0.0,-13.7615,-34.7222,-17.5439
2025-01-10,Potato,-4.2553,-13.4616,-37.5,-18.1818
2025-01-11,Potato,-6.6667,-19.2308,-41.6667,-23.6364
2025-01-12,Potato,-4.7619,-23.0769,-44.4444,-27.2727
2025-01-13,Potato,0.0,-23.0769,-44.4444,-27.2727
2025-01-14,Potato,0.0,-14.8936,-44.4444,-27.2727
2025-01-15,Potato,0.0,-14.8936,-44.4444,-27.2727
2025-01-16,Potato,0.0,-14.8936,-44.4444,-27.2727
2025-01-17,Potato,-0.0,-11.1111,-44.4445,-14.8936
2025-01-18,Potato,0.0,-4.7619,-42.8571,-11.1111
2025-01-19,Potato,0.0,0.0,-42.8571,-11.1111
2025-01-20,Potato,-12.5,-12.5,-50.0,-22.2222
2025-01-21,Potato,-8.5714,-20.0,-54.2857,-28.8889
2025-01-22,Potato,0.0,-20.0,-48.3871,-28.8889
2025-01-23,Potato,-0.0,-20.0,-48.3871,-28.8889
2025-01-24,Potato,-6.25,-25.0,-50.8197,-33.3333
2025-01-25,Potato,-0.0,-25.0,-50.0,-33.3333
2025-01-26,Potato,-16.6666,-37.5,-58.3333,-44.4444
2025-01-27,Potato,-0.0,-28.5714,-58.3333,-44.4444
2025-01-28,Potato,0.0,-21.875,-58.3333,-40.4762
2025-01-29,Potato,0.0,-21.875,-56.1404,-40.4762
2025-01-30,Potato,-16.0,-34.375,-61.8182,-50.0
2025-01-31,Potato,0.0,-30.0,-61.8182,-50.0
2025-02-01,Potato,0.0,-30.0,-61.4679,-48.7805
2025-02-02,Potato,0.0,-16.0,-59.6154,-48.7805
2025-02-03,Potato,0.0,-16.0,-59.6154,-47.5
2025-02-04,Potato,0.0,-16.0,-59.6154,-43.2432
2025-02-05,Potato,0.0,-16.0,-59.6154,-40.0
2025-02-06,Potato,0.0,0.0,-55.3191,-40.0
2025-02-07,Potato,0.0,0.0,-55.3191,-40.0
2025-02-08,Potato,0.0,0.0,-55.3191,-40.0
2025-02-09,Potato,0.0,0.0,-53.3333,-39.1304
2025-02-10,Potato,0.0,0.0,-50.0,-38.2353
2025-02-11,Potato,0.0,0.0,-47.5,-32.2581
2025-02-12,Potato,0.0,0.0,-47.5,-32.2581
2025-02-13,Potato,0.0,0.0,-47.5,-32.2581
2025-02-14,Potato,0.0,0.0,-47.5,-32.258
2025-02-15,Potato,0.0,0.0,-47.5,-31.1475
2025-02-16,Potato,0.0,0.0,-47.5,-25.0
2025-02-17,Potato,0.0,0.0,-47.5,-25.0
2025-02-18,Potato,0.0,0.0,-47.5,-25.0
2025-02-19,Potato,0.0,0.0,-40.0,-25.0
2025-02-20,Potato,0.0,0.0,-34.375,-23.6363
2025-02-21,Potato,-0.0,0.0,-34.375,-22.2222
2025-02-22,Potato,0.0,0.0,-34.375,-27.5862
2025-02-23,Potato,0.0,0.0,-30.0,-27.5862
2025-02-24,Potato,0.0,0.0,-30.0,-22.2222
2025-02-25,Potato,0.0,0.0,-16.0,-22.2222
2025-02-26,Potato,0.0,0.0,-16.0,-22.2222
2025-02-27,Potato,0.0,-0.0,-16.0,-32.2581
2025-02-28,Potato,0.0,0.0,-16.0,-31.1475
2025-03-01,Potato,0.0,0.0,0.0,-30.0
2025-03-02,Potato,0.0,0.0,0.0,-22.2222
2025-03-03,Potato,0.0,0.0,0.0,-22.2222
2025-03-04,Potato,0.0,0.0,0.0,-22.2222
2025-03-05,Potato,0.0,0.0,0.0,-26.7442
2025-03-06,Potato,0.0,0.0,0.0,-30.7692
2025-03-07,Potato,0.0,0.0,0.0,-34.375
2025-03-08,Potato,0.0,0.0,0.0,-34.375
2025-03-09,Potato,0.0,0.0,0.0,-34.375
2025-03-10,Potato,4.7619,4.7619,4.7619,-31.25
2025-03-11,Potato,0.0,4.7619,4.7619,-31.25
2025-03-12,Potato,0.0,4.7619,4.7619,-31.3745
2025-03-13,Potato,0.0,4.7619,4.7619,-40.5405
2025-03-14,Potato,0.0,4.7619,4.7619,-40.5405
2025-03-15,Potato,0.0,4.7619,4.7619,-40.5405
2025-03-16,Potato,0.0,4.7619,4.7619,-40.5405
2025-03-17,Potato,0.0,0.0,4.7619,-40.5405
2025-03-18,Potato,0.0,0.0,4.7619,-40.5405
2025-03-19,Potato,0.0,0.0,4.7619,-40.5405
2025-03-20,Potato,0.0,0.0,4.7619,-43.5897
2025-03-21,Potato,0.0,0.0,4.7619,-43.5897
2025-03-22,Potato,-0.0,-0.0,4.7619,-43.5897
2025-03-23,Potato,0.0,0.0,4.7619,-43.5897
2025-03-24,Potato,0.0,0.0,4.7619,-43.5897
2025-03-25,Potato,-0.0,-0.0,4.7619,-43.5897
2025-03-26,Potato,0.0,-0.0,4.7619,-47.619
2025-03-27,Potato,0.0,-0.0,4.7619,-47.619
2025-03-28,Potato,0.0,-0.0,4.7619,-47.619
2025-03-29,Potato,0.0,0.0,4.7619,-47.619
2025-03-30,Potato,0.0,-0.0,4.7619,-47.619
2025-03-31,Potato,0.0,-0.0,4.7619,-47.619
2025-04-01,Potato,0.0,0.0,4.7619,-47.619
2025-04-02,Potato,0.0,0.0,4.7619,-47.619
2025-04-03,Potato,0.0,0.0,4.7619,-47.619
2025-04-04,Potato,0.0,0.0,4.7619,-47.619
2025-04-05,Potato,0.0,0.0,4.7619,-47.619
2025-04-06,Potato,0.0,0.0,4.7619,-47.619
2025-04-07,Potato,0.0,0.0,4.7619,-50.5618
2025-04-08,Potato,0.0,0.0,4.7619,-53.1915
2025-04-09,Potato,0.0,0.0,0.0,-53.1915
2025-04-10,Potato,-0.0,0.0,-0.0,-53.1915
2025-04-11,Potato,0.0,0.0,-0.0,-53.1915
2025-04-12,Potato,0.0,0.0,-0.0,-53.1915
2025-04-13,Potato,0.0,0.0,-0.0,-53.1915
2025-04-14,Potato,0.0,0.0,-0.0,-53.1915
2025-04-15,Potato,0.0,0.0,-0.0,-53.1915
2025-04-16,Potato,0.0,-0.0,-0.0,-53.1915
2025-04-17,Potato,0.0,0.0,-0.0,-53.1915
2025-04-18,Potato,0.0,0.0,-0.0,-53.1915
2025-04-19,Potato,0.0,0.0,-0.0,-54.1667
2025-04-20,Potato,0.0,0.0,-0.0,-57.6923
2025-04-21,Potato,0.0,0.0,0.0,-57.6923
2025-04-22,Potato,0.0,0.0,-0.0,-57.6923
2025-04-23,Potato,0.0,0.0,-0.0,-57.6923
2025-04-24,Potato,0.0,0.0,0.0,-57.6923
2025-04-25,Potato,0.0,0.0,0.0,-54.1667
2025-04-26,Potato,0.0,0.0,0.0,-54.1667
2025-04-27,Potato,0.0,0.0,0.0,-54.1667
2025-04-28,Potato,0.0,0.0,0.0,-56.0
2025-04-29,Potato,0.0,0.0,0.0,-56.0
2025-04-30,Potato,0.0,0.0,0.0,-57.6923
2025-05-01,Potato,0.0,0.0,0.0,-57.6923
2025-05-02,Potato,0.0,0.0,0.0,-57.6923
2025-05-03,Potato,0.0,0.0,0.0,-57.6923
2025-05-04,Potato,0.0,0.0,0.0,-57.6923
2025-05-05,Potato,-0.0,-0.0,-0.0,-56.0
2025-05-06,Potato,0.0,-0.0,-0.0,-56.0
2025-05-07,Potato,0.0,-0.0,-0.0,-56.0
2025-05-08,Potato,0.0,-0.0,-0.0,-56.0
2025-05-09,Potato,0.0,0.0,-0.0,-56.0
2025-05-10,Potato,0.0,0.0,0.0,-57.6923
2025-05-11,Potato,0.0,0.0,0.0,-57.6923
2025-05-12,Potato,0.0,0.0,0.0,-57.6923
2025-05-13,Potato,0.0,0.0,0.0,-56.8627
2025-05-14,Potato,0.0,0.0,0.0,-56.8627
2025-05-15,Potato,0.0,0.0,0.0,-56.8627
2025-05-16,Potato,0.0,0.0,0.0,-56.8627
2025-05-17,Potato,0.0,0.0,0.0,-56.8627
2025-05-18,Potato,0.0,0.0,0.0,-56.8627
2025-05-19,Potato,0.0,0.0,0.0,-56.8627
2025-05-20,Potato,0.0,0.0,0.0,-56.8627
2025-05-21,Potato,0.0,0.0,0.0,-56.8627
2025-05-22,Potato,0.0,0.0,0.0,-56.8627
2025-05-23,Potato,0.0,0.0,0.0,-57.6923
2025-05-24,Potato,0.0,0.0,0.0,-57.6923
2025-05-25,Potato,0.0,0.0,0.0,-57.6923
2025-05-26,Potato,0.0,0.0,0.0,-57.6923
2025-05-27,Potato,0.0,0.0,0.0,-57.6923
2025-05-28,Potato,0.0,0.0,0.0,-57.6923
2025-05-29,Potato,0.0,0.0,0.0,-57.6923
2025-05-30,Potato,0.0,0.0,0.0,-60.0
2025-05-31,Potato,0.0,0.0,0.0,-60.0
2025-06-01,Potato,0.0,0.0,0.0,-60.0
2025-06-02,Potato,0.0,0.0,0.0,-60.0
2025-06-03,Potato,0.0,0.0,0.0,-61.4035
2025-06-04,Potato,0.0,0.0,0.0,-61.4035
2025-06-05,Potato,0.0,0.0,0.0,-61.4035
2025-06-06,Potato,0.0,0.0,0.0,-61.4035
2025-06-07,Potato,0.0,0.0,0.0,-61.4035
2025-06-08,Potato,0.0,0.0,0.0,-61.4035
2025-06-09,Potato,0.0,0.0,0.0,-61.4035
2025-06-10,Potato,0.0,0.0,0.0,-61.4035
2025-06-11,Potato,0.0,0.0,0.0,-61.4035
2025-06-12,Potato,0.0,0.0,0.0,-61.4035
2025-06-13,Potato,0.0,0.0,0.0,-61.4035
2025-06-14,Potato,0.0,0.0,0.0,-61.4035
2025-06-15,Potato,0.0,0.0,0.0,-61.4035
2025-06-16,Potato,0.0,0.0,0.0,-61.4035
2025-06-17,Potato,0.0,0.0,0.0,-61.4035
2025-06-18,Potato,0.0,0.0,0.0,-61.4035
2025-06-19,Potato,0.0,0.0,0.0,-61.4035
2025-06-20,Potato,0.0,0.0,0.0,-61.4035
2025-06-21,Potato,0.0,0.0,0.0,-61.4035
2025-06-22,Potato,0.0,0.0,0.0,-61.4035
2025-06-23,Potato,-0.0,0.0,0.0,-61.4035
2025-06-24,Potato,0.0,0.0,0.0,-61.4035
2025-06-25,Potato,0.0,0.0,0.0,-61.4035
2025-06-26,Potato,0.0,0.0,0.0,-61.4035
2025-06-27,Potato,0.0,0.0,0.0,-61.4035
2025-06-28,Potato,0.0,0.0,0.0,-62.7119
2025-06-29,Potato,0.0,-0.0,0.0,-62.7119
2025-06-30,Potato,0.0,0.0,0.0,-62.7119
2025-07-01,Potato,0.0,0.0,0.0,-63.3333
2025-07-02,Potato,0.0,0.0,0.0,-63.3333
2025-07-03,Potato,0.0,0.0,0.0,-63.3333
2025-07-04,Potato,0.0,0.0,0.0,-63.3333
2025-07-05,Potato,4.5454,4.5454,4.5454,-61.6667
2025-07-06,Potato,4.3478,9.0909,9.0909,-60.0
2025-07-07,Potato,4.1667,13.6363,13.6363,-58.3334
2025-07-08,Potato,4.0,18.1818,18.1818,-56.6667
2025-07-09,Potato,0.0,18.1819,18.1819,-56.6667
2025-07-10,Potato,3.8461,22.7273,22.7273,-55.0
2025-07-11,Potato,0.0,22.7273,22.7273,-55.0
2025-07-12,Potato,0.0,17.3913,22.7273,-55.0
2025-07-13,Potato,-0.0,12.5,22.7272,-55.0
2025-07-14,Potato,0.0,8.0,22.7273,-55.0
2025-07-15,Potato,0.0,3.8462,22.7273,-55.0
2025-07-16,Potato,0.0,3.8461,22.7273,-55.0
2025-07-17,Potato,0.0,0.0,22.7273,-55.0
2025-07-18,Potato,0.0,0.0,22.7273,-55.0
2025-07-19,Potato,0.0,0.0,22.7273,-55.0
2025-07-20,Potato,0.0,0.0,22.7273,-54.6218
2025-07-21,Potato,0.0,0.0,22.7273,-53.9773
2025-07-22,Potato,0.0,0.0,22.7272,-53.8462
2025-07-23,Potato,0.0,0.0,22.7273,-53.4483
2025-07-24,Potato,0.0,0.0,22.7273,-53.4483
2025-07-25,Potato,0.0,0.0,22.7273,-53.4483
2025-07-26,Potato,0.0,0.0,22.7273,-53.4483
2025-07-27,Potato,0.0,0.0,22.7273,-53.3141
2025-07-28,Potato,0.0,0.0,22.7273,-52.6316
2025-07-29,Potato,0.0,0.0,22.7273,-52.6316
2025-07-30,Potato,0.0,0.0,22.7273,-52.6316
2025-07-31,Potato,0.0,0.0,22.7273,-52.6316
2025-08-01,Potato,0.0,0.0,22.7273,-52.6316
2025-08-02,Potato,0.0,0.0,22.7273,-52.6316
2025-08-03,Potato,0.0,0.0,22.7273,-52.6316
2025-08-04,Potato,0.0,0.0,17.3913,-52.6316
2025-08-05,Potato,0.0,0.0,12.5,-52.6316
2025-08-06,Potato,0.0,0.0,8.0,-52.6316
2025-08-07,Potato,0.0,0.0,3.8462,-52.6316
2025-08-08,Potato,-0.0,-0.0,3.8461,-52.6316
2025-08-09,Potato,0.0,0.0,0.0,-52.6316
2025-08-10,Potato,0.0,0.0,0.0,-52.6316
2025-08-11,Potato,0.0,0.0,0.0,-52.6316
2025-08-12,Potato,0.0,0.0,0.0,-52.6316
2025-08-13,Potato,0.0,0.0,0.0,-51.7857
2025-08-14,Potato,0.0,0.0,0.0,-51.7857
2025-08-15,Potato,0.0,0.0,0.0,-51.7857
2025-08-16,Potato,0.0,0.0,0.0,-51.7857
2025-08-17,Potato,0.0,0.0,0.0,-51.7857
2025-08-18,Potato,0.0,0.0,0.0,-51.7857
2025-08-19,Potato,0.0,0.0,0.0,-51.7857
2025-08-20,Potato,0.0,0.0,0.0,-51.7857
2025-08-21,Potato,0.0,0.0,0.0,-51.7857
2025-08-22,Potato,0.0,0.0,0.0,-51.7857
2025-08-23,Potato,0.0,0.0,0.0,-48.3684
2025-08-24,Potato,0.0,0.0,0.0,-48.3684
2025-08-25,Potato,0.0,0.0,0.0,-52.6316
2025-08-26,Potato,0.0,0.0,0.0,-51.7857
2025-08-27,Potato,0.0,0.0,0.0,-50.9091
2025-08-28,Potato,0.0,0.0,0.0,-51.7857
2025-08-29,Potato,0.0,0.0,0.0,-51.7857
2025-08-30,Potato,0.0,0.0,0.0,-51.7857
2025-08-31,Potato,0.0,0.0,0.0,-51.7857
2025-09-01,Potato,0.0,0.0,0.0,-51.7857
2025-09-02,Potato,0.0,0.0,0.0,-51.7857
2025-09-03,Potato,0.0,0.0,0.0,-51.7857
2025-09-04,Potato,0.0,0.0,0.0,-51.7857
2025-09-05,Potato,0.0,0.0,0.0,-51.7857
2025-09-06,Potato,0.0,0.0,0.0,-51.7857
2025-09-07,Potato,0.0,0.0,0.0,-51.7857
2025-09-08,Potato,0.0,0.0,0.0,-51.7857
2025-09-09,Potato,0.0,0.0,0.0,-51.7857
2025-09-10,Potato,0.0,0.0,0.0,-51.7857
2025-09-11,Potato,0.0,0.0,0.0,-51.7857
2025-09-12,Potato,-7.4074,-7.4074,-7.4074,-55.3571
2025-09-13,Potato,0.0,-7.4074,-7.4074,-55.3571
2025-09-14,Potato,0.0,-7.4074,-7.4074,-55.3571
2025-09-15,Potato,-12.0,-18.5185,-18.5185,-60.7143
2025-09-16,Potato,0.0,-18.5185,-18.5185,-59.2593
2025-09-17,Potato,0.0,-18.5185,-18.5185,-57.6923
2025-09-18,Potato,0.0,-18.5185,-18.5185,-57.6923
2025-09-19,Potato,0.0,-12.0,-18.5185,-57.6923
2025-09-20,Potato,0.0,-12.0,-18.5185,-57.6923
2025-09-21,Potato,0.0,-12.0,-18.5185,-57.6923
2025-09-22,Potato,0.0,0.0,-18.5185,-57.6923
2025-09-23,Potato,0.0,0.0,-18.5185,-57.6923
2025-09-24,Potato,0.0,0.0,-18.5185,-57.6923
2025-09-25,Potato,0.0,0.0,-18.5185,-57.6923
2025-09-26,Potato,0.0,0.0,-18.5185,-57.6923
2025-09-27,Potato,0.0,0.0,-18.5185,-57.6923
2025-09-28,Potato,-0.0,-0.0,-18.5185,-57.6923
2025-09-29,Potato,0.0,-0.0,-18.5185,-61.4035
2025-09-30,Potato,0.0,-0.0,-18.5185,-61.4035
2025-10-01,Potato,0.0,-0.0,-18.5185,-60.0
2025-10-02,Potato,0.0,-0.0,-18.5185,-60.0
2025-10-03,Potato,0.0,-0.0,-18.5185,-60.0
2025-10-04,Potato,0.0,-0.0,-18.5185,-60.0
2025-10-05,Potato,0.0,0.0,-18.5185,-60.0
2025-10-06,Potato,0.0,0.0,-18.5185,-60.0
2025-10-07,Potato,0.0,0.0,-18.5185,-60.0
2025-10-08,Potato,0.0,0.0,-18.5185,-60.0
2025-10-09,Potato,0.0,0.0,-18.5185,-60.0
2025-10-10,Potato,0.0,0.0,-18.5185,-60.0
2025-10-11,Potato,0.0,0.0,-18.5185,-60.7143
2025-10-12,Potato,0.0,0.0,-12.0,-61.4035
2025-10-13,Potato,0.0,0.0,-12.0,-61.4035
2025-10-14,Potato,0.0,0.0,-12.0,-61.4035
2025-10-15,Potato,0.0,0.0,0.0,-61.4035
2025-10-16,Potato,0.0,0.0,0.0,-61.4035
2025-10-17,Potato,0.0,0.0,0.0,-61.4035
2025-10-18,Potato,0.0,0.0,0.0,-61.4035
2025-10-19,Potato,0.0,0.0,0.0,-61.4035
2025-10-20,Potato,0.0,0.0,0.0,-61.4035
2025-10-21,Potato,0.0,0.0,0.0,-61.4035
2025-10-22,Potato,0.0,0.0,0.0,-61.4035
2025-10-23,Potato,0.0,0.0,0.0,-61.4035
2025-10-24,Potato,0.0,0.0,0.0,-61.4035
2025-10-25,Potato,0.0,0.0,0.0,-61.4035
2025-10-26,Potato,0.0,0.0,0.0,-61.4035
2025-10-27,Potato,0.0,0.0,0.0,-61.4035
2025-10-28,Potato,0.0,0.0,0.0,-61.4035
2025-10-29,Potato,0.0,0.0,0.0,-61.4035
2025-10-30,Potato,0.0,0.0,0.0,-63.3333
2025-10-31,Potato,0.0,0.0,0.0,-63.3333
2025-11-01,Potato,0.0,0.0,0.0,-63.3333
2025-11-02,Potato,0.0,0.0,0.0,-63.3333
2025-11-03,Potato,0.0,0.0,0.0,-64.5161
2025-11-04,Potato,-0.0,-0.0,0.0,-64.5161
2025-11-05,Potato,0.0,-0.0,0.0,-67.1642
2025-11-06,Potato,0.0,-0.0,0.0,-67.1642
2025-11-07,Potato,0.0,0.0,0.0,-67.1642
2025-11-08,Potato,0.0,0.0,0.0,-67.1642
2025-11-09,Potato,0.0,0.0,0.0,-67.1642
2025-11-10,Potato,0.0,0.0,0.0,-68.5714
2025-11-11,Potato,0.0,0.0,0.0,-68.5714
2025-11-12,Potato,0.0,0.0,0.0,-68.5714
2025-11-13,Potato,0.0,0.0,0.0,-68.5714
2025-11-14,Potato,0.0,0.0,0.0,-68.5714
2025-11-15,Potato,0.0,0.0,0.0,-68.5714
2025-11-16,Potato,0.0,0.0,0.0,-68.5714
2025-11-17,Potato,0.0,0.0,0.0,-68.5714
2025-11-18,Potato,0.0,0.0,0.0,-68.5714
2025-11-19,Potato,0.0,0.0,0.0,-68.5714
2025-11-20,Potato,0.0,0.0,0.0,-68.5714
2025-11-21,Potato,0.0,0.0,0.0,-69.4444
2025-11-22,Potato,0.0,0.0,0.0,-70.6667
2025-11-23,Potato,0.0,0.0,0.0,-70.6667
2025-11-24,Potato,0.0,0.0,0.0,-70.6667
2025-11-25,Potato,0.0,0.0,0.0,-70.6667
2025-11-26,Potato,0.0,0.0,0.0,-70.6667
2025-11-27,Potato,13.6364,13.6364,13.6364,-66.6667
2025-11-28,Potato,0.0,13.6364,13.6364,-66.6667
2025-11-29,Potato,0.0,13.6364,13.6364,-66.6667
2025-11-30,Potato,0.0,13.6364,13.6364,-66.6667
2025-12-01,Potato,0.0,13.6364,13.6364,-66.6667
2025-12-02,Potato,0.0,13.6364,13.6364,-66.6667
2025-12-03,Potato,4.0,18.1818,18.1818,-65.3333
2025-12-04,Potato,3.8462,8.0,22.7273,-64.0
2025-12-05,Potato,0.0,8.0,22.7273,-64.0
2025-12-06,Potato,0.0,8.0,22.7273,-64.0
2025-12-07,Potato,27.4552,37.6516,56.4223,-54.1161
2025-12-08,Potato,-7.0116,28.0,45.4545,-57.3333
2025-12-09,Potato,0.0,28.0,45.4545,-57.3333
2025-12-10,Potato,0.0,23.0769,45.4545,-55.5556
2025-12-11,Potato,-15.625,0.0,22.7273,-62.5
2025-12-12,Potato,0.0,0.0,22.7273,-62.5
2025-12-13,Potato,-7.4074,-7.4074,13.6364,-65.2778
2025-12-14,Potato,0.0,-27.3528,13.6364,-65.2778
2025-12-15,Potato,8.0,-15.625,22.7272,-62.5
2025-12-16,Potato,-3.7037,-18.75,18.1818,-63.8889
2025-12-17,Potato,-3.8461,-21.875,13.6364,-65.2778
2025-12-18,Potato,0.0,-7.4074,13.6364,-65.2778
2025-12-19,Potato,0.0,-7.4074,13.6364,-64.2857
2025-12-20,Potato,0.0,0.0,13.6364,-64.2857
2025-12-21,Potato,-0.0,0.0,13.6364,-64.2857
2025-12-22,Potato,0.0,-7.4074,13.6364,-64.2857
2025-12-23,Potato,0.0,-3.8461,13.6364,-59.6774
2025-12-24,Potato,0.0,-0.0,13.6364,-59.6774
2025-12-25,Potato,0.0,-0.0,13.6364,-59.0164
2025-12-26,Potato,0.0,-0.0,13.6364,-58.3333
2025-12-27,Potato,0.0,-0.0,0.0,-58.3333
2025-12-28,Potato,0.0,0.0,0.0,-58.3333
2025-12-29,Potato,0.0,0.0,-0.0,-58.3333
2025-12-30,Potato,0.0,0.0,-0.0,-56.1404
2025-12-31,Potato,0.0,0.0,-0.0,-54.5454
2026-01-01,Potato,0.0,0.0,-0.0,-54.5454
2026-01-02,Potato,0.0,0.0,-3.8462,-54.1284
2026-01-03,Potato,0.0,0.0,-7.4074,-51.9231
2026-01-04,Potato,0.0,0.0,-7.4074,-51.9231
2026-01-05,Potato,0.0,0.0,-7.4074,-51.9231
2026-01-06,Potato,0.0,0.0,-27.3528,-51.9231
2026-01-07,Potato,0.0,0.0,-21.875,-46.8085
2026-01-08,Potato,0.0,0.0,-21.875,-46.8085
2026-01-09,Potato,0.0,0.0,-21.875,-46.8085
2026-01-10,Potato,20.0,20.0,11.1111,-33.3333
2026-01-11,Potato,0.0,20.0,11.1111,-28.5714
2026-01-12,Potato,6.6667,28.0,28.0,-20.0
2026-01-13,Potato,0.0,28.0,28.0,-20.0
2026-01-14,Potato,-6.25,20.0,11.1111,-25.0
2026-01-15,Potato,0.0,20.0,15.3846,-25.0
2026-01-16,Potato,0.0,20.0,20.0,-25.0
2026-01-17,Potato,0.0,0.0,20.0,-25.0
2026-01-18,Potato,0.0,0.0,20.0,-25.0
2026-01-19,Potato,0.0,-6.25,20.0,-25.0
2026-01-20,Potato,-10.0,-15.625,8.0,-22.8572
2026-01-21,Potato,0.0,-10.0,8.0,-15.625
2026-01-22,Potato,0.0,-10.0,8.0,-15.625
2026-01-23,Potato,-7.4074,-16.6667,0.0,-21.875
2026-01-24,Potato,0.0,-16.6667,0.0,-16.6667
2026-01-25,Potato,-12.0,-26.6667,-12.0,-26.6666
2026-01-26,Potato,0.0,-26.6667,-12.0,-12.0
2026-01-27,Potato,13.6364,-7.4074,0.0,0.0
2026-01-28,Potato,0.0,-7.4074,0.0,0.0
2026-01-29,Potato,0.0,-7.4074,0.0,0.0
2026-01-30,Potato,0.0,0.0,0.0,19.0476
2026-01-31,Potato,0.0,0.0,0.0,19.0476
2026-02-01,Potato,0.0,13.6364,0.0,19.0476
2026-02-02,Potato,0.0,13.6364,0.0,19.0476
2026-02-03,Potato,0.0,0.0,0.0,19.0476
2026-02-04,Potato,0.0,0.0,0.0,19.0476
2026-02-05,Potato,0.0,0.0,0.0,19.0476
2026-02-06,Potato,0.0,0.0,0.0,19.0476
2026-02-07,Potato,-12.0,-12.0,-12.0,4.7619
2026-02-08,Potato,0.0,-12.0,-12.0,4.7619
2026-02-09,Potato,-0.0,-12.0,-26.6667,4.7619
2026-02-10,Potato,0.0,-12.0,-26.6667,4.7619
2026-02-11,Potato,0.0,-12.0,-31.25,4.7619
2026-02-12,Potato,0.0,-12.0,-31.25,4.7619
2026-02-13,Potato,0.0,-12.0,-26.6667,4.7619
2026-02-14,Potato,0.0,-0.0,-26.6667,4.7619
2026-02-15,Potato,0.0,-0.0,-26.6667,4.7619
2026-02-16,Potato,0.0,0.0,-26.6667,4.7619
2026-02-17,Potato,0.0,0.0,-26.6667,4.7619
2026-02-18,Potato,0.0,0.0,-26.6667,4.7619
2026-02-19,Potato,0.0,0.0,-18.5185,4.7619
2026-02-20,Potato,0.0,0.0,-18.5185,4.7619
2026-02-21,Potato,0.0,0.0,-18.5185,4.7619
2026-02-22,Potato,0.0,0.0,-12.0,4.7619
2026-02-23,Potato,0.0,0.0,-12.0,4.7619
2026-02-24,Potato,0.0,0.0,0.0,4.7619
2026-02-25,Potato,0.0,0.0,0.0,4.7619
2026-02-26,Potato,0.0,0.0,-12.0,4.7619
2026-02-27,Potato,0.0,0.0,-12.0,4.7619
2026-02-28,Potato,0.0,0.0,-12.0,4.7619
2026-03-01,Potato,0.0,0.0,-12.0,4.7619
2026-03-02,Potato,0.0,0.0,-12.0,4.7619
2026-03-03,Potato,0.0,0.0,-12.0,4.7619
2026-03-04,Potato,-13.6364,-13.6364,-24.0,-9.5238
2026-03-05,Potato,0.0,-13.6364,-24.0,-9.5238
2026-03-06,Potato,0.0,-13.6364,-24.0,-9.5238
2026-03-07,Potato,0.0,-13.6364,-24.0,-9.5238
2026-03-08,Potato,0.0,-13.6364,-24.0,-9.5238
2026-03-09,Potato,0.0,-13.6364,-13.6364,-9.5238
2026-03-10,Potato,0.0,-13.6364,-13.6364,-13.6364
2026-03-11,Potato,0.0,0.0,-13.6364,-13.6364
2026-03-12,Potato,0.0,0.0,-13.6364,-13.6364
2026-03-13,Potato,0.0,0.0,-13.6364,-13.6364
2026-03-14,Potato,0.0,0.0,-13.6364,-13.6364
2026-03-15,Potato,0.0,0.0,-13.6364,-13.6364
2026-03-16,Potato,0.0,0.0,-13.6364,-13.6364
2026-03-17,Potato,0.0,0.0,-13.6364,-13.6364
2026-03-18,Potato,0.0,0.0,-13.6364,-13.6364
2026-03-19,Potato,0.0,0.0,-13.6364,-13.6364
2026-03-20,Potato,0.0,0.0,-13.6364,-13.6364
2026-03-21,Potato,0.0,0.0,-13.6364,-13.6364
2026-03-22,Potato,0.0,0.0,-13.6364,-13.6364
2026-03-23,Potato,0.0,0.0,-13.6364,-13.6364
2026-03-24,Potato,0.0,0.0,-13.6364,-13.6364
2026-03-25,Potato,0.0,0.0,-13.6364,-13.6364
2026-03-26,Potato,0.0,0.0,-13.6364,-13.6364
2026-03-27,Potato,0.0,0.0,-13.6364,-13.6364
2026-03-28,Potato,0.0,0.0,-13.6364,-13.6364
2026-03-29,Potato,15.7895,15.7895,0.0,0.0
2026-03-30,Potato,0.0,15.7895,0.0,0.0
2026-03-31,Potato,0.0,15.7895,0.0,0.0
2026-04-01,Potato,0.0,15.7895,0.0,0.0
2026-04-02,Potato,0.0,15.7895,0.0,0.0
2026-04-03,Potato,0.0,15.7895,15.7895,0.0
2026-04-04,Potato,0.0,15.7895,15.7895,0.0
2026-04-05,Potato,0.0,0.0,15.7895,0.0
2026-04-06,Potato,0.0,0.0,15.7895,0.0
2026-04-07,Potato,0.0,0.0,15.7895,0.0
2026-04-08,Potato,0.0,0.0,15.7895,0.0
2026-04-09,Potato,0.0,0.0,15.7895,0.0
2026-04-10,Potato,0.0,0.0,15.7895,0.0
2026-04-11,Potato,0.0,0.0,15.7895,0.0
2026-04-12,Potato,0.0,0.0,15.7895,0.0
2026-04-13,Potato,0.0,0.0,15.7895,0.0
2026-04-14,Potato,0.0,0.0,15.7895,0.0
2026-04-15,Potato,0.0,0.0,15.7895,0.0
2026-04-16,Potato,-0.0,-0.0,15.7895,0.0
2026-04-17,Potato,0.0,-0.0,15.7895,0.0
2026-04-18,Potato,0.0,-0.0,15.7895,0.0
2026-04-19,Potato,0.0,-0.0,15.7895,0.0
2026-04-20,Potato,0.0,-0.0,15.7895,0.0
2026-04-21,Potato,0.0,-0.0,15.7895,0.0
2026-04-22,Potato,0.0,-0.0,15.7895,0.0
2026-04-23,Potato,0.0,0.0,15.7895,0.0
2026-04-24,Potato,0.0,0.0,15.7895,0.0
2026-04-25,Potato,0.0,0.0,15.7895,0.0
2026-04-26,Potato,0.0,0.0,15.7895,0.0
2026-04-27,Potato,0.0,0.0,15.7895,0.0
2026-04-28,Potato,0.0,0.0,0.0,0.0
2026-04-29,Potato,0.0,0.0,0.0,0.0
2026-04-30,Potato,0.0,0.0,0.0,0.0
2026-05-01,Potato,0.0,0.0,0.0,0.0
2026-05-02,Potato,0.0,0.0,0.0,0.0
2026-05-03,Potato,0.0,0.0,0.0,0.0
2026-05-04,Potato,0.0,0.0,0.0,0.0
2026-05-05,Potato,0.0,0.0,0.0,0.0
2026-05-06,Potato,0.0,0.0,-0.0,0.0
2026-05-07,Potato,0.0,0.0,-0.0,0.0
2026-05-08,Potato,0.0,0.0,-0.0,0.0
2026-05-09,Potato,0.0,0.0,-0.0,0.0
2026-05-10,Potato,0.0,0.0,-0.0,0.0
2026-05-11,Potato,0.0,0.0,-0.0,0.0
2026-05-12,Potato,0.0,0.0,-0.0,0.0
2026-05-13,Potato,0.0,0.0,-0.0,0.0
2026-05-14,Potato,0.0,0.0,-0.0,0.0
2026-05-15,Potato,0.0,0.0,-0.0,0.0
2026-05-16,Potato,0.0,0.0,0.0,0.0
2026-05-17,Potato,0.0,0.0,0.0,0.0
2026-05-18,Potato,0.0,0.0,0.0,0.0
2026-05-19,Potato,0.0,0.0,0.0,0.0
2026-05-20,Potato,0.0,0.0,0.0,0.0
2026-05-21,Potato,-0.0,0.0,0.0,0.0
2026-05-22,Potato,0.0,0.0,0.0,0.0
2026-05-23,Potato,0.0,0.0,0.0,0.0
2026-05-24,Potato,0.0,0.0,0.0,0.0
2026-05-25,Potato,0.0,0.0,0.0,0.0
2026-05-26,Potato,0.0,0.0,0.0,0.0
2026-05-27,Potato,0.0,-0.0,0.0,0.0
2026-05-28,Potato,0.0,0.0,0.0,0.0
2026-05-29,Potato,0.0,0.0,0.0,0.0
2026-05-30,Potato,0.0,0.0,0.0,0.0
2026-05-31,Potato,0.0,0.0,0.0,0.0
2026-06-01,Potato,0.0,0.0,0.0,0.0
2026-06-02,Potato,0.0,0.0,0.0,0.0
2026-06-03,Potato,0.0,0.0,0.0,0.0
2026-06-04,Potato,0.0,0.0,0.0,0.0
2026-06-05,Potato,0.0,0.0,0.0,0.0
2026-06-06,Potato,0.0,0.0,0.0,0.0
2026-06-07,Potato,0.0,0.0,0.0,0.0
2026-06-08,Potato,0.0,0.0,0.0,0.0
2026-06-09,Potato,0.0,0.0,0.0,0.0
2026-06-10,Potato,0.0,0.0,0.0,0.0
2026-06-11,Potato,0.0,0.0,0.0,0.0
2026-06-12,Potato,0.0,0.0,0.0,0.0
2026-06-13,Potato,0.0,0.0,0.0,0.0
2026-06-14,Potato,0.0,0.0,0.0,0.0
2026-06-15,Potato,0.0,0.0,0.0,0.0
2026-06-16,Potato,0.0,0.0,0.0,0.0
2026-06-17,Potato,0.0,0.0,0.0,0.0
2026-06-18,Potato,0.0,0.0,0.0,0.0
2026-06-19,Potato,0.0,0.0,-0.0,0.0
2026-06-20,Potato,0.0,0.0,0.0,0.0
2026-06-21,Potato,0.0,0.0,0.0,0.0
2026-06-22,Potato,22.7273,22.7273,22.7273,22.7272
2026-06-23,Potato,0.0,22.7273,22.7273,22.7273
2026-06-24,Potato,0.0,22.7273,22.7273,22.7273
2026-06-25,Potato,0.0,22.7273,22.7273,22.7273
2026-06-26,Potato,0.0,22.7273,22.7273,22.7273
2026-06-27,Potato,0.0,22.7273,22.7273,22.7273
2026-06-28,Potato,0.0,22.7273,22.7273,22.7273
2026-06-29,Potato,0.0,0.0,22.7273,22.7273
2026-06-30,Potato,0.0,0.0,22.7273,22.7273
2026-07-01,Potato,0.0,0.0,22.7273,22.7273
2026-07-02,Potato,0.0,0.0,22.7273,22.7273
2026-07-03,Potato,0.0,0.0,22.7273,22.7273
2026-07-04,Potato,0.0,0.0,22.7273,22.7273
2026-07-05,Potato,0.0,0.0,22.7273,17.3913
2026-07-06,Potato,0.0,0.0,22.7273,12.5
2026-07-07,Potato,0.0,0.0,22.7273,8.0
2026-07-08,Potato,0.0,0.0,22.7273,3.8462
2026-07-09,Potato,0.0,0.0,22.7273,3.8461
2026-07-10,Potato,0.0,0.0,22.7273,0.0
2026-07-11,Potato,0.0,0.0,22.7273,0.0
2026-07-12,Potato,0.0,0.0,22.7273,0.0
2026-07-13,Potato,0.0,0.0,22.7273,0.0
2026-07-14,Potato,0.0,0.0,22.7273,0.0
2026-07-15,Potato,0.0,0.0,22.7273,0.0
2026-07-16,Potato,0.0,0.0,22.7273,0.0
2026-07-17,Potato,0.0,0.0,22.7273,0.0
2026-07-18,Potato,0.0,0.0,22.7273,0.0
2026-07-19,Potato,0.0,0.0,22.7273,0.0
2026-07-20,Potato,0.0,0.0,22.7273,0.0
2026-07-21,Potato,0.0,0.0,22.7273,0.0
2026-07-22,Potato,0.0,0.0,0.0,0.0
2026-07-23,Potato,0.0,0.0,0.0,0.0
2026-07-24,Potato,0.0,0.0,0.0,0.0
2026-07-25,Potato,0.0,0.0,0.0,0.0
2026-07-26,Potato,0.0,0.0,0.0,0.0
2026-07-27,Potato,0.0,0.0,0.0,0.0
2026-07-28,Potato,0.0,0.0,0.0,0.0
2026-07-29,Potato,0.0,0.0,0.0,0.0
2026-07-30,Potato,-0.0,-0.0,-0.0,-0.0
2026-07-31,Potato,0.0,-0.0,-0.0,-0.0
2021-05-17,Soybean Oil,,,,
2021-05-18,Soybean Oil,0.0,,,
2021-05-19,Soybean Oil,0.8333,,,
2021-05-20,Soybean Oil,0.8264,,,
2021-05-21,Soybean Oil,0.0,,,
2021-05-22,Soybean Oil,0.0,,,
2021-05-23,Soybean Oil,0.8197,,,
2021-05-24,Soybean Oil,1.626,4.1667,,
2021-05-25,Soybean Oil,0.0,4.1667,,
2021-05-26,Soybean Oil,1.6,4.9587,,
2021-05-27,Soybean Oil,0.0,4.0984,,
2021-05-28,Soybean Oil,0.0,4.0984,,
2021-05-29,Soybean Oil,0.0,4.0984,,
2021-05-30,Soybean Oil,0.0,3.252,,
2021-05-31,Soybean Oil,0.0,1.6,,
2021-06-01,Soybean Oil,0.0,1.6,,
2021-06-02,Soybean Oil,0.0,0.0,,
2021-06-03,Soybean Oil,0.0,0.0,,
2021-06-04,Soybean Oil,0.0,0.0,,
2021-06-05,Soybean Oil,0.0,0.0,,
2021-06-06,Soybean Oil,0.0,0.0,,
2021-06-07,Soybean Oil,0.0,0.0,,
2021-06-08,Soybean Oil,0.0,0.0,,
2021-06-09,Soybean Oil,0.0,0.0,,
2021-06-10,Soybean Oil,0.0,0.0,,
2021-06-11,Soybean Oil,0.0,0.0,,
2021-06-12,Soybean Oil,0.0,0.0,,
2021-06-13,Soybean Oil,0.0,0.0,,
2021-06-14,Soybean Oil,-0.0,-0.0,,
2021-06-15,Soybean Oil,-1.5748,-1.5748,,
2021-06-16,Soybean Oil,-0.0,-1.5748,4.1667,
2021-06-17,Soybean Oil,0.0,-1.5748,4.1667,
2021-06-18,Soybean Oil,-0.0,-1.5748,3.3058,
2021-06-19,Soybean Oil,-0.8,-2.3622,1.6394,
2021-06-20,Soybean Oil,-0.8065,-3.1496,0.8197,
2021-06-21,Soybean Oil,-0.813,-3.937,0.0,
2021-06-22,Soybean Oil,0.0,-2.4,-0.813,
2021-06-23,Soybean Oil,-0.8197,-3.2,-3.2,
2021-06-24,Soybean Oil,-0.0,-3.2,-3.2,
2021-06-25,Soybean Oil,-0.8264,-4.0,-5.5118,
2021-06-26,Soybean Oil,0.0,-3.2258,-5.5118,
2021-06-27,Soybean Oil,0.0,-2.439,-5.5118,
2021-06-28,Soybean Oil,-0.0,-1.6393,-5.5118,
2021-06-29,Soybean Oil,0.0,-1.6393,-5.5118,
2021-06-30,Soybean Oil,0.0,-0.8264,-5.5118,
2021-07-01,Soybean Oil,-1.6667,-2.4793,-7.0866,
2021-07-02,Soybean Oil,0.0,-1.6667,-7.0866,
2021-07-03,Soybean Oil,0.0,-1.6667,-7.0866,
2021-07-04,Soybean Oil,-0.0,-1.6667,-7.0866,
2021-07-05,Soybean Oil,-0.8475,-2.5,-7.874,
2021-07-06,Soybean Oil,0.0,-2.5,-7.874,
2021-07-07,Soybean Oil,0.0,-2.5,-7.874,
2021-07-08,Soybean Oil,-0.0,-0.8475,-7.874,
2021-07-09,Soybean Oil,0.0,-0.8475,-7.874,
2021-07-10,Soybean Oil,0.0,-0.8475,-7.874,
2021-07-11,Soybean Oil,0.0,-0.8474,-7.874,
2021-07-12,Soybean Oil,-0.0,0.0,-7.874,
2021-07-13,Soybean Oil,0.0,-0.0,-7.874,
2021-07-14,Soybean Oil,0.0,-0.0,-7.874,
2021-07-15,Soybean Oil,0.0,0.0,-6.4,
2021-07-16,Soybean Oil,0.0,0.0,-6.4,
2021-07-17,Soybean Oil,0.0,0.0,-6.4,
2021-07-18,Soybean Oil,-0.0,-0.0,-6.4,
2021-07-19,Soybean Oil,0.0,0.0,-5.6452,
2021-07-20,Soybean Oil,0.0,0.0,-4.878,
2021-07-21,Soybean Oil,0.0,0.0,-4.0984,
2021-07-22,Soybean Oil,0.0,0.0,-4.0984,
2021-07-23,Soybean Oil,-0.0,-0.0,-3.3058,
2021-07-24,Soybean Oil,0.0,-0.0,-3.3058,
2021-07-25,Soybean Oil,0.0,0.0,-2.5,
2021-07-26,Soybean Oil,0.8547,0.8547,-1.6667,
2021-07-27,Soybean Oil,1.6949,2.5641,-0.0,
2021-07-28,Soybean Oil,1.6667,4.2735,1.6667,
2021-07-29,Soybean Oil,0.0,4.2735,1.6667,
2021-07-30,Soybean Oil,0.0,4.2735,1.6667,
2021-07-31,Soybean Oil,0.0,4.2735,3.3898,
2021-08-01,Soybean Oil,-0.0,4.2735,3.3898,
2021-08-02,Soybean Oil,0.0,3.3898,3.3898,
2021-08-03,Soybean Oil,0.0,1.6667,3.3898,
2021-08-04,Soybean Oil,0.0,0.0,4.2735,
2021-08-05,Soybean Oil,0.0,0.0,4.2735,
2021-08-06,Soybean Oil,0.0,0.0,4.2735,
2021-08-07,Soybean Oil,0.0,0.0,4.2735,
2021-08-08,Soybean Oil,0.0,0.0,4.2735,
2021-08-09,Soybean Oil,0.8197,0.8197,5.1282,
2021-08-10,Soybean Oil,0.0,0.8197,5.1282,
2021-08-11,Soybean Oil,-0.0,0.8197,5.1282,
2021-08-12,Soybean Oil,0.0,0.8197,5.1282,
2021-08-13,Soybean Oil,0.0,0.8197,5.1282,
2021-08-14,Soybean Oil,0.0,0.8197,5.1282,
2021-08-15,Soybean Oil,0.0,0.8197,5.1282,
2021-08-16,Soybean Oil,0.0,0.0,5.1282,
2021-08-17,Soybean Oil,0.0,0.0,5.1282,
2021-08-18,Soybean Oil,0.0,0.0,5.1282,
2021-08-19,Soybean Oil,0.0,0.0,5.1282,
2021-08-20,Soybean Oil,1.626,1.626,6.8376,
2021-08-21,Soybean Oil,0.0,1.626,6.8376,
2021-08-22,Soybean Oil,0.0,1.626,6.8376,
2021-08-23,Soybean Oil,0.0,1.626,6.8376,
2021-08-24,Soybean Oil,0.0,1.626,6.8376,
2021-08-25,Soybean Oil,0.0,1.626,5.9322,
2021-08-26,Soybean Oil,0.0,1.626,4.1667,
2021-08-27,Soybean Oil,0.0,0.0,2.459,
2021-08-28,Soybean Oil,0.0,0.0,2.459,
2021-08-29,Soybean Oil,1.6,1.6,4.0984,
2021-08-30,Soybean Oil,-0.0,1.6,4.0983,
2021-08-31,Soybean Oil,0.0,1.6,4.0984,
2021-09-01,Soybean Oil,0.0,1.6,4.0984,
2021-09-02,Soybean Oil,0.0,1.6,4.0984,
2021-09-03,Soybean Oil,0.0,1.6,4.0984,
2021-09-04,Soybean Oil,0.0,1.6,4.0984,
2021-09-05,Soybean Oil,0.0,0.0,4.0984,
2021-09-06,Soybean Oil,0.0,0.0,4.0984,
2021-09-07,Soybean Oil,2.3622,2.3622,6.5574,
2021-09-08,Soybean Oil,0.0,2.3622,5.6911,
2021-09-09,Soybean Oil,0.0,2.3622,5.6911,
2021-09-10,Soybean Oil,1.5385,3.937,7.3171,
2021-09-11,Soybean Oil,0.0,3.937,7.3171,
2021-09-12,Soybean Oil,-0.0,3.937,7.3171,
2021-09-13,Soybean Oil,0.0,3.937,7.3171,
2021-09-14,Soybean Oil,0.0,1.5385,7.3171,
2021-09-15,Soybean Oil,0.0,1.5385,7.3171,
2021-09-16,Soybean Oil,0.0,1.5385,7.3171,
2021-09-17,Soybean Oil,0.0,0.0,7.3171,
2021-09-18,Soybean Oil,-0.0,0.0,7.3171,
2021-09-19,Soybean Oil,0.0,0.0,5.6,
2021-09-20,Soybean Oil,0.0,0.0,5.6,
2021-09-21,Soybean Oil,0.0,0.0,5.6,
2021-09-22,Soybean Oil,0.0,0.0,5.6,
2021-09-23,Soybean Oil,0.0,0.0,5.6,
2021-09-24,Soybean Oil,0.0,-0.0,5.6,
2021-09-25,Soybean Oil,0.0,0.0,5.6,
2021-09-26,Soybean Oil,-0.0,-0.0,5.6,
2021-09-27,Soybean Oil,0.0,-0.0,5.6,
2021-09-28,Soybean Oil,0.0,0.0,3.937,
2021-09-29,Soybean Oil,0.0,0.0,3.937,
2021-09-30,Soybean Oil,0.0,0.0,3.937,
2021-10-01,Soybean Oil,0.0,0.0,3.937,
2021-10-02,Soybean Oil,0.7576,0.7576,4.7244,
2021-10-03,Soybean Oil,0.0,0.7576,4.7244,
2021-10-04,Soybean Oil,-0.0,0.7576,4.7244,
2021-10-05,Soybean Oil,0.0,0.7576,4.7244,
2021-10-06,Soybean Oil,-0.0,0.7576,4.7244,
2021-10-07,Soybean Oil,-0.0,0.7576,2.3077,
2021-10-08,Soybean Oil,1.5038,2.2727,3.8461,
2021-10-09,Soybean Oil,0.0,1.5038,3.8462,
2021-10-10,Soybean Oil,1.4815,3.0075,3.7879,
2021-10-11,Soybean Oil,0.0,3.0075,3.7879,
2021-10-12,Soybean Oil,0.0,3.0075,3.7879,
2021-10-13,Soybean Oil,0.0,3.0075,3.7879,
2021-10-14,Soybean Oil,0.0,3.0075,3.7879,
2021-10-15,Soybean Oil,0.0,1.4815,3.7879,
2021-10-16,Soybean Oil,0.0,1.4815,3.7879,
2021-10-17,Soybean Oil,0.0,0.0,3.7879,
2021-10-18,Soybean Oil,-1.4599,-1.4599,2.2727,
2021-10-19,Soybean Oil,-2.2222,-3.6496,0.0,
2021-10-20,Soybean Oil,2.2727,-1.4599,2.2727,
2021-10-21,Soybean Oil,2.963,1.4599,5.303,
2021-10-22,Soybean Oil,2.1583,3.6496,7.5758,
2021-10-23,Soybean Oil,0.0,3.6496,7.5758,
2021-10-24,Soybean Oil,0.0,3.6496,7.5758,
2021-10-25,Soybean Oil,-0.7042,4.4444,6.8182,
2021-10-26,Soybean Oil,0.7092,7.5758,7.5758,
2021-10-27,Soybean Oil,0.0,5.1852,7.5758,
2021-10-28,Soybean Oil,-0.0,2.1583,7.5758,
2021-10-29,Soybean Oil,0.0,0.0,7.5758,
2021-10-30,Soybean Oil,0.0,0.0,7.5758,
2021-10-31,Soybean Oil,0.0,0.0,7.5758,
2021-11-01,Soybean Oil,-0.0,0.7092,6.7669,
2021-11-02,Soybean Oil,0.0,-0.0,6.7669,
2021-11-03,Soybean Oil,0.0,-0.0,6.7669,
2021-11-04,Soybean Oil,0.0,0.0,6.7669,
2021-11-05,Soybean Oil,0.0,0.0,6.7669,
2021-11-06,Soybean Oil,-0.0,-0.0,6.7669,
2021-11-07,Soybean Oil,0.0,0.0,5.1852,
2021-11-08,Soybean Oil,0.0,0.0,5.1852,
2021-11-09,Soybean Oil,0.0,0.0,3.6496,
2021-11-10,Soybean Oil,0.0,0.0,3.6496,
2021-11-11,Soybean Oil,0.0,0.0,3.6496,
2021-11-12,Soybean Oil,0.0,0.0,3.6496,
2021-11-13,Soybean Oil,0.0,0.0,3.6496,
2021-11-14,Soybean Oil,0.0,0.0,3.6496,
2021-11-15,Soybean Oil,0.0,0.0,3.6496,
2021-11-16,Soybean Oil,0.0,0.0,3.6496,
2021-11-17,Soybean Oil,0.0,0.0,5.1852,
2021-11-18,Soybean Oil,0.0,0.0,7.5758,
2021-11-19,Soybean Oil,0.0,0.0,5.1852,
2021-11-20,Soybean Oil,0.0,0.0,2.1583,
2021-11-21,Soybean Oil,0.0,0.0,0.0,
2021-11-22,Soybean Oil,0.0,0.0,0.0,
2021-11-23,Soybean Oil,0.0,0.0,0.0,
2021-11-24,Soybean Oil,0.0,0.0,0.7092,
2021-11-25,Soybean Oil,0.0,0.0,-0.0,
2021-11-26,Soybean Oil,0.0,0.0,-0.0,
2021-11-27,Soybean Oil,0.0,0.0,0.0,
2021-11-28,Soybean Oil,0.0,0.0,0.0,
2021-11-29,Soybean Oil,0.0,0.0,0.0,
2021-11-30,Soybean Oil,0.0,0.0,0.0,
2021-12-01,Soybean Oil,0.0,0.0,0.0,
2021-12-02,Soybean Oil,0.0,0.0,0.0,
2021-12-03,Soybean Oil,0.0,0.0,0.0,
2021-12-04,Soybean Oil,0.0,0.0,0.0,
2021-12-05,Soybean Oil,0.0,0.0,0.0,
2021-12-06,Soybean Oil,0.0,0.0,0.0,
2021-12-07,Soybean Oil,-0.0,-0.0,-0.0,
2021-12-08,Soybean Oil,-0.7042,-0.7042,-0.7042,
2021-12-09,Soybean Oil,0.0,-0.7042,-0.7042,
2021-12-10,Soybean Oil,0.0,-0.7042,-0.7042,
2021-12-11,Soybean Oil,0.0,-0.7042,-0.7042,
2021-12-12,Soybean Oil,0.0,-0.7042,-0.7042,
2021-12-13,Soybean Oil,0.0,-0.7042,-0.7042,
2021-12-14,Soybean Oil,0.0,-0.7042,-0.7042,
2021-12-15,Soybean Oil,0.0,0.0,-0.7042,
2021-12-16,Soybean Oil,0.0,0.0,-0.7042,
2021-12-17,Soybean Oil,0.0,0.0,-0.7042,
2021-12-18,Soybean Oil,0.7092,0.7092,0.0,
2021-12-19,Soybean Oil,0.0,0.7092,0.0,
2021-12-20,Soybean Oil,0.0,0.7092,0.0,
2021-12-21,Soybean Oil,0.0,0.7092,0.0,
2021-12-22,Soybean Oil,0.0,0.7092,0.0,
2021-12-23,Soybean Oil,0.0,0.7092,0.0,
2021-12-24,Soybean Oil,0.0,0.7092,0.0,
2021-12-25,Soybean Oil,0.0,0.0,0.0,
2021-12-26,Soybean Oil,0.0,0.0,0.0,
2021-12-27,Soybean Oil,0.0,0.0,0.0,
2021-12-28,Soybean Oil,-1.4085,-1.4085,-1.4085,
2021-12-29,Soybean Oil,-0.7143,-2.1127,-2.1127,
2021-12-30,Soybean Oil,0.0,-2.1127,-2.1127,
2021-12-31,Soybean Oil,0.0,-2.1127,-2.1127,
2022-01-01,Soybean Oil,0.0,-2.1127,-2.1127,
2022-01-02,Soybean Oil,0.0,-2.1127,-2.1127,
2022-01-03,Soybean Oil,1.4388,-0.7042,-0.7042,
2022-01-04,Soybean Oil,0.0,0.7143,-0.7042,
2022-01-05,Soybean Oil,0.7092,2.1583,0.0,
2022-01-06,Soybean Oil,0.0,2.1583,0.0,
2022-01-07,Soybean Oil,0.0,2.1583,0.7092,
2022-01-08,Soybean Oil,0.0,2.1583,0.7092,
2022-01-09,Soybean Oil,0.0,2.1583,0.7092,
2022-01-10,Soybean Oil,0.0,0.7092,0.7092,
2022-01-11,Soybean Oil,0.0,0.7092,0.7092,
2022-01-12,Soybean Oil,0.0,0.0,0.7092,
2022-01-13,Soybean Oil,0.0,0.0,0.7092,
2022-01-14,Soybean Oil,2.1127,2.1127,2.8369,
2022-01-15,Soybean Oil,0.6897,2.8169,3.5461,
2022-01-16,Soybean Oil,0.0,2.8169,3.5461,
2022-01-17,Soybean Oil,0.0,2.8169,2.8169,
2022-01-18,Soybean Oil,-0.0,2.8169,2.8169,
2022-01-19,Soybean Oil,0.6849,3.5211,3.5211,
2022-01-20,Soybean Oil,0.0,3.5211,3.5211,
2022-01-21,Soybean Oil,0.0,1.3793,3.5211,
2022-01-22,Soybean Oil,0.0,0.6849,3.5211,
2022-01-23,Soybean Oil,0.0,0.6849,3.5211,
2022-01-24,Soybean Oil,0.0,0.6849,3.5211,
2022-01-25,Soybean Oil,0.0,0.6849,3.5211,
2022-01-26,Soybean Oil,0.0,0.0,3.5211,
2022-01-27,Soybean Oil,0.0,0.0,5.0,
2022-01-28,Soybean Oil,0.0,0.0,5.7554,
2022-01-29,Soybean Oil,0.0,0.0,5.7554,
2022-01-30,Soybean Oil,0.0,0.0,5.7554,
2022-01-31,Soybean Oil,0.0,0.0,5.7554,
2022-02-01,Soybean Oil,0.0,0.0,5.7554,
2022-02-02,Soybean Oil,0.0,0.0,4.2553,
2022-02-03,Soybean Oil,0.0,0.0,4.2553,
2022-02-04,Soybean Oil,0.0,0.0,3.5211,
2022-02-05,Soybean Oil,0.0,0.0,3.5211,
2022-02-06,Soybean Oil,0.0,0.0,3.5211,
2022-02-07,Soybean Oil,0.0,0.0,3.5211,
2022-02-08,Soybean Oil,0.0,0.0,3.5211,
2022-02-09,Soybean Oil,0.6803,0.6803,4.2254,
2022-02-10,Soybean Oil,0.6757,1.3605,4.9296,
2022-02-11,Soybean Oil,0.0,1.3605,4.9296,
2022-02-12,Soybean Oil,1.3423,2.7211,6.338,
2022-02-13,Soybean Oil,0.6623,3.4014,4.8276,
2022-02-14,Soybean Oil,0.6579,4.0816,4.7945,
2022-02-15,Soybean Oil,0.0,4.0816,4.7945,
2022-02-16,Soybean Oil,1.9608,5.4054,6.8493,
2022-02-17,Soybean Oil,1.2821,6.0403,8.2192,
2022-02-18,Soybean Oil,1.2658,7.3826,8.8435,
2022-02-19,Soybean Oil,0.0,5.9603,8.8435,
2022-02-20,Soybean Oil,0.0,5.2632,8.8435,
2022-02-21,Soybean Oil,0.0,4.5752,8.8435,
2022-02-22,Soybean Oil,0.0,4.5752,8.8435,
2022-02-23,Soybean Oil,1.875,4.4872,10.8844,
2022-02-24,Soybean Oil,0.0,3.1646,10.8844,
2022-02-25,Soybean Oil,0.0,1.875,10.8844,
2022-02-26,Soybean Oil,0.0,1.875,10.8844,
2022-02-27,Soybean Oil,0.0,1.875,10.8844,
2022-02-28,Soybean Oil,1.227,3.125,12.2449,
2022-03-01,Soybean Oil,0.0,3.125,12.2449,
2022-03-02,Soybean Oil,0.0,1.227,12.2449,
2022-03-03,Soybean Oil,0.6061,1.8405,12.9252,
2022-03-04,Soybean Oil,0.0,1.8405,12.9252,
2022-03-05,Soybean Oil,-0.0,1.8405,12.9252,
2022-03-06,Soybean Oil,-0.0,1.8405,12.9252,
2022-03-07,Soybean Oil,0.0,0.6061,12.9252,
2022-03-08,Soybean Oil,0.0,0.6061,12.9252,
2022-03-09,Soybean Oil,0.0,0.6061,12.9252,
2022-03-10,Soybean Oil,0.0,-0.0,12.9252,
2022-03-11,Soybean Oil,0.0,-0.0,12.1622,
2022-03-12,Soybean Oil,0.0,0.0,11.4094,
2022-03-13,Soybean Oil,0.0,0.0,11.4094,
2022-03-14,Soybean Oil,0.0,0.0,9.9338,
2022-03-15,Soybean Oil,0.0,0.0,9.2105,
2022-03-16,Soybean Oil,0.0,0.0,8.4967,
2022-03-17,Soybean Oil,0.0,0.0,8.4967,
2022-03-18,Soybean Oil,-0.6024,-0.6024,5.7692,
2022-03-19,Soybean Oil,0.0,-0.6024,4.4304,
2022-03-20,Soybean Oil,-0.0,-0.6024,3.125,
2022-03-21,Soybean Oil,-0.6061,-1.2048,2.5,
2022-03-22,Soybean Oil,-0.6098,-1.8072,1.875,
2022-03-23,Soybean Oil,-0.6135,-2.4096,1.25,
2022-03-24,Soybean Oil,-0.6173,-3.012,0.625,
2022-03-25,Soybean Oil,-0.6211,-3.0303,-1.8405,
2022-03-26,Soybean Oil,-0.625,-3.6364,-2.454,
2022-03-27,Soybean Oil,-0.6289,-4.2424,-3.0675,
2022-03-28,Soybean Oil,-0.6329,-4.2683,-3.681,
2022-03-29,Soybean Oil,-0.6369,-4.2945,-4.2945,
2022-03-30,Soybean Oil,-0.641,-4.321,-6.0606,
2022-03-31,Soybean Oil,-0.6452,-4.3478,-6.6667,
2022-04-01,Soybean Oil,-0.6494,-4.375,-7.2727,
2022-04-02,Soybean Oil,-0.6536,-4.4025,-8.4337,
2022-04-03,Soybean Oil,0.0,-3.7975,-8.4337,
2022-04-04,Soybean Oil,0.0,-3.1847,-8.4337,
2022-04-05,Soybean Oil,0.0,-2.5641,-8.4337,
2022-04-06,Soybean Oil,0.0,-1.9355,-8.4337,
2022-04-07,Soybean Oil,0.0,-1.2987,-8.4337,
2022-04-08,Soybean Oil,0.0,-0.6536,-8.4337,
2022-04-09,Soybean Oil,0.0,0.0,-8.4337,
2022-04-10,Soybean Oil,0.0,0.0,-8.4337,
2022-04-11,Soybean Oil,0.0,0.0,-8.4337,
2022-04-12,Soybean Oil,0.0,0.0,-8.4337,
2022-04-13,Soybean Oil,-0.6579,-0.6579,-9.0361,
2022-04-14,Soybean Oil,1.3245,0.6579,-7.8313,
2022-04-15,Soybean Oil,1.3072,1.9737,-6.6265,
2022-04-16,Soybean Oil,1.2903,3.2895,-5.4217,
2022-04-17,Soybean Oil,-0.1592,3.125,-5.0,
2022-04-18,Soybean Oil,-0.1595,2.9605,-5.1515,
2022-04-19,Soybean Oil,-0.1597,2.7961,-5.303,
2022-04-20,Soybean Oil,-0.16,3.3113,-4.878,
2022-04-21,Soybean Oil,0.4808,2.451,-3.8344,
2022-04-22,Soybean Oil,0.1595,1.2903,-3.0864,
2022-04-23,Soybean Oil,2.5478,2.5478,0.0,
2022-04-24,Soybean Oil,3.1056,5.9011,3.75,
2022-04-25,Soybean Oil,1.2048,7.3482,5.6604,
2022-04-26,Soybean Oil,1.1905,8.8,7.5949,
2022-04-27,Soybean Oil,0.5294,9.5513,8.8535,
2022-04-28,Soybean Oil,0.5266,9.6013,10.1282,
2022-04-29,Soybean Oil,0.5239,10.0,11.4194,
2022-04-30,Soybean Oil,0.5211,7.8261,12.7273,
2022-05-01,Soybean Oil,0.5184,5.1205,14.0523,
2022-05-02,Soybean Oil,0.5158,4.4048,15.3947,
2022-05-03,Soybean Oil,0.5131,3.7059,15.9868,
2022-05-04,Soybean Oil,0.5105,3.6864,16.5789,
2022-05-05,Soybean Oil,0.5079,3.6671,17.1711,
2022-05-06,Soybean Oil,0.5053,3.6479,17.7632,
2022-05-07,Soybean Oil,0.3911,3.5138,18.2237,
2022-05-08,Soybean Oil,0.3895,3.3811,18.6842,
2022-05-09,Soybean Oil,0.388,3.2497,19.1447,
2022-05-10,Soybean Oil,0.3865,3.1197,19.6053,
2022-05-11,Soybean Oil,0.385,2.991,20.0658,
2022-05-12,Soybean Oil,0.3836,2.8636,20.5263,
2022-05-13,Soybean Oil,0.3821,2.7374,21.7881,
2022-05-14,Soybean Oil,0.3806,2.7268,20.6536,
2022-05-15,Soybean Oil,0.3792,2.7162,19.5484,
2022-05-16,Soybean Oil,0.3778,2.7057,18.4713,
2022-05-17,Soybean Oil,0.0,2.3102,18.6603,55.0
2022-05-18,Soybean Oil,0.0,1.9178,18.8498,55.0
2022-05-19,Soybean Oil,0.0,1.5284,19.04,53.719
2022-05-20,Soybean Oil,0.0,1.1419,19.2308,52.459
2022-05-21,Soybean Oil,0.0,0.7584,18.6603,52.459
2022-05-22,Soybean Oil,0.0,0.3778,18.4713,52.459
2022-05-23,Soybean Oil,0.0,0.0,15.528,51.2195
2022-05-24,Soybean Oil,0.0,0.0,12.0482,48.8
2022-05-25,Soybean Oil,0.0,0.0,10.7143,48.8
2022-05-26,Soybean Oil,0.0,0.0,9.4118,46.4567
2022-05-27,Soybean Oil,0.0,0.0,8.8356,46.4567
2022-05-28,Soybean Oil,0.0,0.0,8.2654,46.4567
2022-05-29,Soybean Oil,0.0,0.0,7.7012,46.4567
2022-05-30,Soybean Oil,0.0,0.0,7.1429,46.4567
2022-05-31,Soybean Oil,0.0,0.0,6.5903,46.4567
2022-06-01,Soybean Oil,0.0,0.0,6.0433,46.4567
2022-06-02,Soybean Oil,0.0,0.0,5.502,46.4567
2022-06-03,Soybean Oil,0.0,0.0,4.9661,46.4567
2022-06-04,Soybean Oil,-0.0,-0.0,4.4357,46.4567
2022-06-05,Soybean Oil,-1.0753,-1.0753,2.7933,44.8819
2022-06-06,Soybean Oil,0.1812,-0.8961,2.5784,45.1444
2022-06-07,Soybean Oil,0.1808,-0.7168,2.3651,45.4068
2022-06-08,Soybean Oil,0.1805,-0.5376,2.1535,45.6693
2022-06-09,Soybean Oil,0.1802,-0.3584,1.9435,45.9318
2022-06-10,Soybean Oil,0.1799,-0.1792,1.7352,46.1942
2022-06-11,Soybean Oil,0.1795,0.0,1.5284,46.4567
2022-06-12,Soybean Oil,0.2151,1.3043,1.3594,46.7717
2022-06-13,Soybean Oil,0.2146,1.3382,1.1918,47.0866
2022-06-14,Soybean Oil,0.2141,1.3718,1.0254,47.4016
2022-06-15,Soybean Oil,0.2137,1.4054,0.8602,50.08
2022-06-16,Soybean Oil,0.2132,1.4388,1.0753,50.4
2022-06-17,Soybean Oil,-0.2128,1.0413,0.8602,50.08
2022-06-18,Soybean Oil,-0.2132,0.6452,0.6452,49.76
2022-06-19,Soybean Oil,-0.2137,0.2146,0.4301,50.6452
2022-06-20,Soybean Oil,-0.2141,-0.2141,0.2151,51.5447
2022-06-21,Soybean Oil,-0.2146,-0.641,0.0,52.459
2022-06-22,Soybean Oil,-0.2151,-1.0661,-0.2151,52.1311
2022-06-23,Soybean Oil,-0.3233,-1.5957,-0.5376,52.8926
2022-06-24,Soybean Oil,-0.1081,-1.4925,-0.6452,52.7273
2022-06-25,Soybean Oil,-0.2165,-1.4957,-0.8602,53.6667
2022-06-26,Soybean Oil,-0.2169,-1.4989,-1.0753,53.3333
2022-06-27,Soybean Oil,0.0,-1.2876,-1.0753,53.3333
2022-06-28,Soybean Oil,0.0,-1.0753,-1.0753,53.3333
2022-06-29,Soybean Oil,0.0,-0.8621,-1.0753,53.3333
2022-06-30,Soybean Oil,0.0,-0.5405,-1.0753,53.3333
2022-07-01,Soybean Oil,0.0,-0.4329,-1.0753,55.9322
2022-07-02,Soybean Oil,0.0,-0.2169,-1.0753,55.9322
2022-07-03,Soybean Oil,-0.4227,-0.4227,-1.4934,55.2731
2022-07-04,Soybean Oil,-0.4245,-0.8454,-1.9116,54.6139
2022-07-05,Soybean Oil,-0.4263,-1.2681,-1.2681,55.2707
2022-07-06,Soybean Oil,-0.4281,-1.6908,-1.8686,54.6059
2022-07-07,Soybean Oil,-0.43,-2.1135,-2.4669,53.9411
2022-07-08,Soybean Oil,-0.4318,-2.5362,-3.0631,53.2764
2022-07-09,Soybean Oil,-0.4337,-2.9589,-3.6571,52.6116
2022-07-10,Soybean Oil,-0.4356,-2.9715,-4.249,51.9468
2022-07-11,Soybean Oil,-0.4375,-2.9842,-4.8387,51.282
2022-07-12,Soybean Oil,-0.4394,-2.9969,-5.4602,50.6173
2022-07-13,Soybean Oil,-0.4414,-3.0098,-6.079,49.9525
2022-07-14,Soybean Oil,-0.4433,-3.0228,-6.6952,49.2877
2022-07-15,Soybean Oil,-0.4453,-3.0359,-7.3087,48.623
2022-07-16,Soybean Oil,-0.4473,-3.0492,-7.9196,47.9582
2022-07-17,Soybean Oil,-0.4493,-3.0625,-8.1379,47.2934
2022-07-18,Soybean Oil,-0.1934,-2.8249,-8.1197,47.0085
2022-07-19,Soybean Oil,0.0,-2.396,-7.9229,47.0085
2022-07-20,Soybean Oil,0.0,-1.9633,-7.7253,47.0085
2022-07-21,Soybean Oil,0.0,-1.5267,-7.5269,47.0085
2022-07-22,Soybean Oil,0.0,-1.0863,-7.3276,47.0085
2022-07-23,Soybean Oil,0.0,-0.6419,-7.027,47.0085
2022-07-24,Soybean Oil,0.0,-0.1934,-6.9264,47.0085
2022-07-25,Soybean Oil,0.0,0.0,-6.7245,47.0085
2022-07-26,Soybean Oil,0.0,0.0,-6.5217,45.7627
2022-07-27,Soybean Oil,0.0,0.0,-6.5217,43.3333
2022-07-28,Soybean Oil,0.0,0.0,-6.5217,40.9836
2022-07-29,Soybean Oil,0.0,0.0,-6.5217,40.9836
2022-07-30,Soybean Oil,0.0,0.0,-6.5217,40.9836
2022-07-31,Soybean Oil,0.0,0.0,-6.5217,40.9836
2022-08-01,Soybean Oil,0.0,0.0,-6.5217,40.9836
2022-08-02,Soybean Oil,0.0,0.0,-6.1249,40.9836
2022-08-03,Soybean Oil,0.0,0.0,-5.7247,40.9836
2022-08-04,Soybean Oil,0.0,0.0,-5.3211,40.9836
2022-08-05,Soybean Oil,0.0,0.0,-4.914,40.9836
2022-08-06,Soybean Oil,0.0,0.0,-4.5034,40.9836
2022-08-07,Soybean Oil,0.0,0.0,-4.0892,40.9836
2022-08-08,Soybean Oil,0.0,0.0,-3.6714,40.9836
2022-08-09,Soybean Oil,0.0,0.0,-3.25,39.8374
2022-08-10,Soybean Oil,0.0894,0.0894,-2.7379,39.9625
2022-08-11,Soybean Oil,0.0894,0.1789,-2.2214,40.0876
2022-08-12,Soybean Oil,0.0893,0.2683,-1.7002,40.2126
2022-08-13,Soybean Oil,0.0892,0.3578,-1.1744,40.3377
2022-08-14,Soybean Oil,0.0891,0.4472,-0.6439,40.4628
2022-08-15,Soybean Oil,0.089,0.5367,-0.1086,40.5879
2022-08-16,Soybean Oil,0.089,0.6261,0.4315,40.7129
2022-08-17,Soybean Oil,0.0889,0.6256,0.7156,40.838
2022-08-18,Soybean Oil,0.0888,0.625,0.805,40.9631
2022-08-19,Soybean Oil,0.0887,0.6244,0.8945,41.0882
2022-08-20,Soybean Oil,0.0887,0.6239,0.9839,38.9538
2022-08-21,Soybean Oil,0.0886,0.6233,1.0733,39.0769
2022-08-22,Soybean Oil,0.0885,0.6228,1.1628,39.2
2022-08-23,Soybean Oil,0.0,0.5333,1.1628,39.2
2022-08-24,Soybean Oil,0.0,0.444,1.1628,39.2
2022-08-25,Soybean Oil,0.0,0.3549,1.1628,39.2
2022-08-26,Soybean Oil,0.0,0.266,1.1628,39.2
2022-08-27,Soybean Oil,0.0,0.1771,1.1628,39.2
2022-08-28,Soybean Oil,0.5747,0.6637,1.7442,40.0
2022-08-29,Soybean Oil,0.0,0.5747,1.7442,37.7953
2022-08-30,Soybean Oil,0.0,0.5747,1.7442,37.7953
2022-08-31,Soybean Oil,0.0,0.5747,1.7442,37.7953
2022-09-01,Soybean Oil,0.0,0.5747,1.7442,37.7953
2022-09-02,Soybean Oil,0.0,0.5747,1.7442,37.7953
2022-09-03,Soybean Oil,0.0,0.5747,1.7442,37.7953
2022-09-04,Soybean Oil,0.0,0.0,1.7442,37.7953
2022-09-05,Soybean Oil,0.0,0.0,1.7442,37.7953
2022-09-06,Soybean Oil,0.0,0.0,1.7442,37.7953
2022-09-07,Soybean Oil,0.0,0.0,1.7442,34.6154
2022-09-08,Soybean Oil,0.0,0.0,1.7442,34.6154
2022-09-09,Soybean Oil,0.0,0.0,1.6533,34.6154
2022-09-10,Soybean Oil,0.0,0.0,1.5625,32.5758
2022-09-11,Soybean Oil,0.0,0.0,1.4719,32.5758
2022-09-12,Soybean Oil,0.0,0.0,1.3815,32.5758
2022-09-13,Soybean Oil,0.0,0.0,1.2912,32.5758
2022-09-14,Soybean Oil,0.0,0.0,1.2011,32.5758
2022-09-15,Soybean Oil,0.0,0.0,1.1111,32.5758
2022-09-16,Soybean Oil,0.0,0.0,1.0213,32.5758
2022-09-17,Soybean Oil,0.0,0.0,0.9317,32.5758
2022-09-18,Soybean Oil,0.0,0.0,0.8422,32.5758
2022-09-19,Soybean Oil,0.0,0.0,0.7529,32.5758
2022-09-20,Soybean Oil,0.0,0.0,0.6637,32.5758
2022-09-21,Soybean Oil,0.0,0.0,0.5747,32.5758
2022-09-22,Soybean Oil,0.0,0.0,0.5747,32.5758
2022-09-23,Soybean Oil,0.0,0.0,0.5747,32.5758
2022-09-24,Soybean Oil,0.0,0.0,0.5747,32.5758
2022-09-25,Soybean Oil,0.0,0.0,0.5747,32.5758
2022-09-26,Soybean Oil,0.0,0.0,0.5747,32.5758
2022-09-27,Soybean Oil,0.0,0.0,0.0,32.5758
2022-09-28,Soybean Oil,0.0,0.0,0.0,32.5758
2022-09-29,Soybean Oil,0.0,0.0,0.0,32.5758
2022-09-30,Soybean Oil,0.0,0.0,0.0,32.5758
2022-10-01,Soybean Oil,0.0,0.0,0.0,32.5758
2022-10-02,Soybean Oil,0.0,0.0,0.0,31.5789
2022-10-03,Soybean Oil,0.0,0.0,0.0,31.5789
2022-10-04,Soybean Oil,0.0,0.0,0.0,31.579
2022-10-05,Soybean Oil,0.0,0.0,0.0,31.5789
2022-10-06,Soybean Oil,0.0,0.0,0.0,31.5789
2022-10-07,Soybean Oil,0.0,0.0,0.0,31.579
2022-10-08,Soybean Oil,0.0,0.0,0.0,29.6296
2022-10-09,Soybean Oil,0.0,0.0,0.0,29.6296
2022-10-10,Soybean Oil,0.0,0.0,0.0,27.7372
2022-10-11,Soybean Oil,0.0,0.0,0.0,27.7372
2022-10-12,Soybean Oil,0.0,0.0,0.0,27.7372
2022-10-13,Soybean Oil,0.0,0.0,0.0,27.7372
2022-10-14,Soybean Oil,0.0,0.0,0.0,27.7372
2022-10-15,Soybean Oil,0.0,0.0,0.0,27.7372
2022-10-16,Soybean Oil,0.0,0.0,0.0,27.7372
2022-10-17,Soybean Oil,0.0,0.0,0.0,27.7372
2022-10-18,Soybean Oil,0.5714,0.5714,0.5714,30.3704
2022-10-19,Soybean Oil,0.0,0.5714,0.5714,33.3333
2022-10-20,Soybean Oil,0.0,0.5714,0.5714,30.3704
2022-10-21,Soybean Oil,0.0,0.5714,0.5714,26.6187
2022-10-22,Soybean Oil,0.0,0.5714,0.5714,23.9437
2022-10-23,Soybean Oil,0.0,0.5714,0.5714,23.9437
2022-10-24,Soybean Oil,0.0,0.5714,0.5714,23.9437
2022-10-25,Soybean Oil,0.0,0.0,0.5714,24.8227
2022-10-26,Soybean Oil,0.0,0.0,0.5714,23.9437
2022-10-27,Soybean Oil,0.0,0.0,0.5714,23.9437
2022-10-28,Soybean Oil,0.0284,0.0284,0.6,23.9789
2022-10-29,Soybean Oil,0.0284,0.0568,0.6286,24.0141
2022-10-30,Soybean Oil,0.0284,0.0852,0.6571,24.0493
2022-10-31,Soybean Oil,0.0284,0.1136,0.6857,24.0845
2022-11-01,Soybean Oil,0.0284,0.142,0.7143,24.1197
2022-11-02,Soybean Oil,0.0284,0.1705,0.7429,24.1549
2022-11-03,Soybean Oil,0.0284,0.1989,0.7714,24.1901
2022-11-04,Soybean Oil,0.0284,0.1988,0.8,24.2254
2022-11-05,Soybean Oil,0.0283,0.1988,0.8286,24.2606
2022-11-06,Soybean Oil,0.0283,0.1987,0.8571,24.2958
2022-11-07,Soybean Oil,0.0283,0.1986,0.8857,24.331
2022-11-08,Soybean Oil,0.0283,0.1986,0.9143,24.3662
2022-11-09,Soybean Oil,0.0283,0.1985,0.9429,24.4014
2022-11-10,Soybean Oil,0.0283,0.1985,0.9714,24.4366
2022-11-11,Soybean Oil,0.0283,0.1984,1.0,24.4718
2022-11-12,Soybean Oil,0.0283,0.1984,1.0286,24.507
2022-11-13,Soybean Oil,0.0283,0.1983,1.0571,24.5423
2022-11-14,Soybean Oil,0.0283,0.1982,1.0857,24.5775
2022-11-15,Soybean Oil,0.0283,0.1982,1.1143,24.6127
2022-11-16,Soybean Oil,0.0283,0.1981,1.1429,24.6479
2022-11-17,Soybean Oil,0.0,0.1698,0.5682,24.6479
2022-11-18,Soybean Oil,0.0,0.1414,0.5682,24.6479
2022-11-19,Soybean Oil,0.0,0.1131,0.5682,24.6479
2022-11-20,Soybean Oil,0.0,0.0848,0.5682,24.6479
2022-11-21,Soybean Oil,0.0,0.0565,0.5682,24.6479
2022-11-22,Soybean Oil,0.0,0.0283,0.5682,24.6479
2022-11-23,Soybean Oil,0.0,0.0,0.5682,24.6479
2022-11-24,Soybean Oil,0.0,0.0,0.5682,24.6479
2022-11-25,Soybean Oil,-0.565,-0.565,0.0,23.9437
2022-11-26,Soybean Oil,0.0,-0.565,0.0,23.9437
2022-11-27,Soybean Oil,0.0,-0.565,-0.0284,23.9437
2022-11-28,Soybean Oil,0.0,-0.565,-0.0568,23.9437
2022-11-29,Soybean Oil,0.0,-0.565,-0.0852,23.9437
2022-11-30,Soybean Oil,0.0,-0.565,-0.1135,23.9437
2022-12-01,Soybean Oil,0.0,-0.565,-0.1418,23.9437
2022-12-02,Soybean Oil,0.0,0.0,-0.1702,23.9437
2022-12-03,Soybean Oil,0.0,0.0,-0.1985,23.9437
2022-12-04,Soybean Oil,0.1894,0.1894,-0.0378,24.1784
2022-12-05,Soybean Oil,0.189,0.3788,0.1228,24.4131
2022-12-06,Soybean Oil,0.1887,0.5682,0.2833,24.6479
2022-12-07,Soybean Oil,0.0,0.5682,0.2549,24.6479
2022-12-08,Soybean Oil,0.0,0.5682,0.2265,25.5319
2022-12-09,Soybean Oil,0.0,0.5682,0.1981,25.5319
2022-12-10,Soybean Oil,0.0,0.5682,0.1698,25.5319
2022-12-11,Soybean Oil,0.0,0.3781,0.1414,25.5319
2022-12-12,Soybean Oil,0.0,0.1887,0.1131,25.5319
2022-12-13,Soybean Oil,-0.565,-0.565,-0.4806,24.8227
2022-12-14,Soybean Oil,0.0,-0.565,-0.5088,24.8227
2022-12-15,Soybean Oil,0.5682,0.0,0.0283,25.5319
2022-12-16,Soybean Oil,0.0,0.0,0.0,25.5319
2022-12-17,Soybean Oil,0.0,0.0,0.0,25.5319
2022-12-18,Soybean Oil,-0.1507,-0.1507,-0.1507,24.4601
2022-12-19,Soybean Oil,-0.1509,-0.3013,-0.3013,24.2723
2022-12-20,Soybean Oil,-0.1511,0.1136,-0.452,24.0845
2022-12-21,Soybean Oil,-0.1513,-0.0379,-0.6026,23.8967
2022-12-22,Soybean Oil,-0.1516,-0.7533,-0.7533,23.7089
2022-12-23,Soybean Oil,-0.1518,-0.904,-0.904,23.5211
2022-12-24,Soybean Oil,-0.152,-1.0546,-1.0546,23.3333
2022-12-25,Soybean Oil,-0.1523,-1.0562,-0.6439,23.1455
2022-12-26,Soybean Oil,-0.1525,-1.0578,-0.7955,22.9577
2022-12-27,Soybean Oil,-0.0,-0.9081,-0.7955,22.9577
2022-12-28,Soybean Oil,-0.1527,-0.9094,-0.947,24.5238
2022-12-29,Soybean Oil,-0.153,-0.9108,-1.0985,25.2278
2022-12-30,Soybean Oil,-0.1532,-0.9122,-1.25,25.036
2022-12-31,Soybean Oil,-0.1534,-0.9136,-1.4015,24.8441
2023-01-01,Soybean Oil,-0.1537,-0.915,-1.553,24.6523
2023-01-02,Soybean Oil,-0.1539,-0.9164,-1.7045,24.4604
2023-01-03,Soybean Oil,0.0,-0.9164,-1.8904,22.695
2023-01-04,Soybean Oil,0.0,-0.7648,-2.0755,22.695
2023-01-05,Soybean Oil,0.0,-0.6128,-2.2599,21.831
2023-01-06,Soybean Oil,0.0,-0.4603,-2.2599,21.831
2023-01-07,Soybean Oil,0.0,-0.3073,-2.2599,21.831
2023-01-08,Soybean Oil,0.0,-0.1539,-2.2599,21.831
2023-01-09,Soybean Oil,0.0,0.0,-2.2599,21.831
2023-01-10,Soybean Oil,0.0,0.0,-2.2599,21.831
2023-01-11,Soybean Oil,-0.578,-0.578,-2.8249,21.1268
2023-01-12,Soybean Oil,0.0,-0.578,-2.2727,21.1268
2023-01-13,Soybean Oil,0.0,-0.578,-2.2727,21.1268
2023-01-14,Soybean Oil,0.0,-0.578,-2.8249,18.6207
2023-01-15,Soybean Oil,-1.7442,-2.3121,-4.5198,15.7534
2023-01-16,Soybean Oil,0.0,-2.3121,-4.5198,15.7534
2023-01-17,Soybean Oil,0.0,-2.3121,-4.3757,15.7534
2023-01-18,Soybean Oil,0.0,-1.7442,-4.2312,15.7534
2023-01-19,Soybean Oil,0.0,-1.7442,-4.0863,14.966
2023-01-20,Soybean Oil,0.0,-1.7442,-3.9409,14.966
2023-01-21,Soybean Oil,0.0,-1.7442,-3.7951,14.966
2023-01-22,Soybean Oil,0.0,0.0,-3.6488,14.966
2023-01-23,Soybean Oil,0.0,0.0,-3.5021,14.966
2023-01-24,Soybean Oil,0.0,0.0,-3.3549,14.966
2023-01-25,Soybean Oil,0.0,0.0,-3.2073,14.966
2023-01-26,Soybean Oil,0.0,0.0,-3.2073,14.966
2023-01-27,Soybean Oil,0.0,0.0,-3.0593,14.966
2023-01-28,Soybean Oil,0.0,0.0,-2.9108,14.966
2023-01-29,Soybean Oil,0.0,0.0,-2.7618,14.966
2023-01-30,Soybean Oil,0.0,0.0,-2.6124,14.966
2023-01-31,Soybean Oil,0.0,0.0,-2.4625,14.966
2023-02-01,Soybean Oil,0.0,0.0,-2.3121,14.966
2023-02-02,Soybean Oil,0.0,0.0,-2.3121,14.966
2023-02-03,Soybean Oil,0.0,0.0,-2.3121,14.966
2023-02-04,Soybean Oil,0.0,0.0,-2.3121,14.966
2023-02-05,Soybean Oil,0.5917,0.5917,-1.7341,15.6463
2023-02-06,Soybean Oil,0.0,0.5917,-1.7341,15.6463
2023-02-07,Soybean Oil,-0.0,0.5917,-1.7341,15.6463
2023-02-08,Soybean Oil,0.0,0.5917,-1.7341,15.6463
2023-02-09,Soybean Oil,0.0,0.5917,-1.7341,14.8649
2023-02-10,Soybean Oil,0.0,0.5917,-1.1628,14.094
2023-02-11,Soybean Oil,0.0,0.5917,-1.1628,14.094
2023-02-12,Soybean Oil,0.0,-0.0,-1.1628,12.5828
2023-02-13,Soybean Oil,0.0,-0.0,-1.1628,11.8421
2023-02-14,Soybean Oil,0.0,0.0,0.5917,11.1111
2023-02-15,Soybean Oil,0.0,0.0,0.5917,11.1111
2023-02-16,Soybean Oil,-0.0,0.0,0.5917,8.9744
2023-02-17,Soybean Oil,0.0,0.0,0.5917,7.5949
2023-02-18,Soybean Oil,0.0,0.0,0.5917,6.25
2023-02-19,Soybean Oil,0.0,0.0,0.5917,6.25
2023-02-20,Soybean Oil,0.0,0.0,0.5917,6.25
2023-02-21,Soybean Oil,0.0,0.0,0.5917,6.25
2023-02-22,Soybean Oil,0.0,-0.0,0.5917,6.25
2023-02-23,Soybean Oil,0.0,0.0,0.5917,4.2945
2023-02-24,Soybean Oil,0.0,0.0,0.5917,4.2945
2023-02-25,Soybean Oil,0.0,0.0,0.5917,4.2945
2023-02-26,Soybean Oil,0.0,0.0,0.5917,4.2945
2023-02-27,Soybean Oil,0.0,0.0,0.5917,4.2945
2023-02-28,Soybean Oil,0.0,0.0,0.5917,3.0303
2023-03-01,Soybean Oil,0.0,0.0,0.5917,3.0303
2023-03-02,Soybean Oil,0.0,0.0,0.5917,3.0303
2023-03-03,Soybean Oil,0.0,0.0,0.5917,2.4096
2023-03-04,Soybean Oil,0.0,0.0,0.5917,2.4096
2023-03-05,Soybean Oil,0.0,0.0,0.5917,2.4096
2023-03-06,Soybean Oil,0.0,0.0,0.5917,2.4096
2023-03-07,Soybean Oil,0.0,0.0,-0.0,2.4096
2023-03-08,Soybean Oil,0.0,0.0,-0.0,2.4096
2023-03-09,Soybean Oil,0.0,0.0,0.0,2.4096
2023-03-10,Soybean Oil,0.0,0.0,0.0,2.4096
2023-03-11,Soybean Oil,0.0,0.0,0.0,2.4096
2023-03-12,Soybean Oil,0.0,0.0,0.0,2.4096
2023-03-13,Soybean Oil,0.0,0.0,0.0,2.4096
2023-03-14,Soybean Oil,0.0,0.0,0.0,2.4096
2023-03-15,Soybean Oil,0.0,0.0,0.0,2.4096
2023-03-16,Soybean Oil,0.0,0.0,0.0,2.4096
2023-03-17,Soybean Oil,0.0,0.0,-0.0,2.4096
2023-03-18,Soybean Oil,0.0,0.0,0.0,3.0303
2023-03-19,Soybean Oil,0.0,0.0,0.0,3.0303
2023-03-20,Soybean Oil,0.0,0.0,0.0,3.0303
2023-03-21,Soybean Oil,0.0,0.0,0.0,3.6585
2023-03-22,Soybean Oil,0.0,0.0,0.0,4.2945
2023-03-23,Soybean Oil,0.0,0.0,0.0,4.9383
2023-03-24,Soybean Oil,0.5882,0.5882,0.5882,6.2112
2023-03-25,Soybean Oil,0.0,0.5882,0.5882,6.875
2023-03-26,Soybean Oil,0.0,0.5882,0.5882,7.5472
2023-03-27,Soybean Oil,0.0,0.5882,0.5882,8.2279
2023-03-28,Soybean Oil,0.0,0.5882,0.5882,8.9172
2023-03-29,Soybean Oil,0.0,0.5882,0.5882,9.6154
2023-03-30,Soybean Oil,0.0,0.5882,0.5882,10.3226
2023-03-31,Soybean Oil,0.0,0.0,0.5882,11.039
2023-04-01,Soybean Oil,0.0,0.0,0.5882,11.7647
2023-04-02,Soybean Oil,-0.0,-0.0,0.5882,12.5
2023-04-03,Soybean Oil,0.0,-0.0,0.5882,12.5
2023-04-04,Soybean Oil,0.0,-0.0,0.5882,12.5
2023-04-05,Soybean Oil,0.0,-0.0,0.5882,12.5
2023-04-06,Soybean Oil,0.0,-0.0,0.5882,12.5
2023-04-07,Soybean Oil,0.0,-0.0,0.5882,12.5
2023-04-08,Soybean Oil,0.0,-0.0,0.5882,12.5
2023-04-09,Soybean Oil,0.0,0.0,0.5882,12.5
2023-04-10,Soybean Oil,0.0,0.0,0.5882,12.5
2023-04-11,Soybean Oil,0.0,0.0,0.5882,12.5
2023-04-12,Soybean Oil,0.0,0.0,0.5882,12.5
2023-04-13,Soybean Oil,0.0,0.0,0.5882,13.245
2023-04-14,Soybean Oil,0.0,0.0,0.5882,11.7647
2023-04-15,Soybean Oil,0.0,0.0,0.5882,10.3226
2023-04-16,Soybean Oil,0.0,0.0,0.5882,8.9172
2023-04-17,Soybean Oil,0.0,0.0,0.5882,9.0909
2023-04-18,Soybean Oil,0.0,0.0,0.5882,9.2652
2023-04-19,Soybean Oil,0.0,0.0,0.5882,9.44
2023-04-20,Soybean Oil,0.0,0.0,0.5882,9.6154
2023-04-21,Soybean Oil,0.0,0.0,0.5882,9.0909
2023-04-22,Soybean Oil,0.0,0.0,0.5882,8.9172
2023-04-23,Soybean Oil,0.0,0.0,0.0,6.2112
2023-04-24,Soybean Oil,0.0,0.0,-0.0,3.012
2023-04-25,Soybean Oil,0.0,0.0,-0.0,1.7857
2023-04-26,Soybean Oil,0.0,0.0,-0.0,0.5882
2023-04-27,Soybean Oil,0.0,0.0,-0.0,0.0585
2023-04-28,Soybean Oil,0.0,0.0,-0.0,-0.4657
2023-04-29,Soybean Oil,0.0,0.0,-0.0,-0.9844
2023-04-30,Soybean Oil,0.0,0.0,-0.0,-1.4977
2023-05-01,Soybean Oil,-0.0,-0.0,-0.0,-2.0057
2023-05-02,Soybean Oil,0.0,-0.0,-0.0,-2.5086
2023-05-03,Soybean Oil,0.0,0.0,0.0,-3.0062
2023-05-04,Soybean Oil,0.0,0.0,0.0,-3.4989
2023-05-05,Soybean Oil,0.0,0.0,0.0,-3.9865
2023-05-06,Soybean Oil,0.0,0.0,0.0,-4.4693
2023-05-07,Soybean Oil,2.3392,2.3392,2.3392,-2.6155
2023-05-08,Soybean Oil,0.0,2.3392,2.3392,-2.9933
2023-05-09,Soybean Oil,1.7143,4.0936,4.0936,-1.7118
2023-05-10,Soybean Oil,0.0,4.0936,4.0936,-2.0902
2023-05-11,Soybean Oil,0.0,4.0936,4.0936,-2.4657
2023-05-12,Soybean Oil,0.0,4.0936,4.0936,-2.8384
2023-05-13,Soybean Oil,0.0,4.0936,4.0936,-3.2083
2023-05-14,Soybean Oil,0.0,1.7143,4.0936,-3.5753
2023-05-15,Soybean Oil,0.0,1.7143,4.0936,-3.9396
2023-05-16,Soybean Oil,0.0,0.0,4.0936,-4.3011
2023-05-17,Soybean Oil,0.0,0.0,4.0936,-4.3011
2023-05-18,Soybean Oil,0.0,0.0,4.0936,-4.3011
2023-05-19,Soybean Oil,0.0,0.0,4.0936,-4.3011
2023-05-20,Soybean Oil,0.0,0.0,4.0936,-4.3011
2023-05-21,Soybean Oil,-0.0,-0.0,4.0936,-4.3011
2023-05-22,Soybean Oil,0.0,-0.0,4.0936,-4.3011
2023-05-23,Soybean Oil,0.0,-0.0,4.0936,-4.3011
2023-05-24,Soybean Oil,0.0,-0.0,4.0936,-4.3011
2023-05-25,Soybean Oil,0.0,-0.0,4.0936,-4.3011
2023-05-26,Soybean Oil,0.0,-0.0,4.0936,-4.3011
2023-05-27,Soybean Oil,0.0,-0.0,4.0936,-4.3011
2023-05-28,Soybean Oil,0.0,0.0,4.0936,-4.3011
2023-05-29,Soybean Oil,0.0,0.0,4.0936,-4.3011
2023-05-30,Soybean Oil,0.0,0.0,4.0936,-4.3011
2023-05-31,Soybean Oil,0.0,0.0,4.0936,-4.3011
2023-06-01,Soybean Oil,0.0,0.0,4.0936,-4.3011
2023-06-02,Soybean Oil,0.0,0.0,4.0936,-4.3011
2023-06-03,Soybean Oil,0.0,0.0,4.0936,-4.3011
2023-06-04,Soybean Oil,0.0,0.0,4.0936,-4.3011
2023-06-05,Soybean Oil,0.0,0.0,4.0936,-3.2609
2023-06-06,Soybean Oil,0.0,0.0,1.7143,-3.4358
2023-06-07,Soybean Oil,0.0,0.0,1.7143,-3.6101
2023-06-08,Soybean Oil,0.0,0.0,-0.0,-3.7838
2023-06-09,Soybean Oil,0.0,0.0,-0.0,-3.9568
2023-06-10,Soybean Oil,0.0,0.0,-0.0,-4.1293
2023-06-11,Soybean Oil,0.0,0.0,-0.0,-4.3011
2023-06-12,Soybean Oil,-1.1236,-1.1236,-1.1236,-5.5794
2023-06-13,Soybean Oil,-1.1364,-2.2472,-2.2472,-6.8522
2023-06-14,Soybean Oil,0.0,-2.2472,-2.2472,-7.0513
2023-06-15,Soybean Oil,-0.8621,-3.0899,-3.0899,-8.049
2023-06-16,Soybean Oil,-0.8696,-3.9326,-3.9326,-9.0426
2023-06-17,Soybean Oil,0.0,-3.9326,-3.9326,-8.8486
2023-06-18,Soybean Oil,0.0,-3.9326,-3.9326,-8.6538
2023-06-19,Soybean Oil,0.0,-2.8409,-3.9326,-8.4582
2023-06-20,Soybean Oil,0.0,-1.7241,-3.9326,-8.2618
2023-06-21,Soybean Oil,0.0,-1.7241,-3.9326,-8.0645
2023-06-22,Soybean Oil,0.0,-0.8696,-3.9326,-7.8664
2023-06-23,Soybean Oil,0.0,0.0,-3.9326,-7.5676
2023-06-24,Soybean Oil,0.0,0.0,-3.9326,-7.4675
2023-06-25,Soybean Oil,0.0,0.0,-3.9326,-7.2668
2023-06-26,Soybean Oil,0.0,0.0,-3.9326,-7.0652
2023-06-27,Soybean Oil,0.0,0.0,-3.9326,-7.0652
2023-06-28,Soybean Oil,0.0,0.0,-3.9326,-7.0652
2023-06-29,Soybean Oil,0.0,0.0,-3.9326,-7.0652
2023-06-30,Soybean Oil,0.0,0.0,-3.9326,-7.0652
2023-07-01,Soybean Oil,0.0,0.0,-3.9326,-7.0652
2023-07-02,Soybean Oil,0.0,0.0,-3.9326,-7.0652
2023-07-03,Soybean Oil,0.0,0.0,-3.9326,-6.6707
2023-07-04,Soybean Oil,0.0,0.0,-3.9326,-6.2728
2023-07-05,Soybean Oil,0.0,0.0,-3.9326,-5.8716
2023-07-06,Soybean Oil,0.0,0.0,-3.9326,-5.4668
2023-07-07,Soybean Oil,0.0,0.0,-3.9326,-5.0586
2023-07-08,Soybean Oil,0.0,0.0,-3.9326,-4.6468
2023-07-09,Soybean Oil,0.0,0.0,-3.9326,-4.2315
2023-07-10,Soybean Oil,0.0,0.0,-3.9326,-3.8125
2023-07-11,Soybean Oil,-0.2924,-0.2924,-4.2135,-3.6723
2023-07-12,Soybean Oil,-0.2933,-0.5848,-3.4091,-3.5309
2023-07-13,Soybean Oil,-0.2941,-0.8772,-2.5862,-3.3882
2023-07-14,Soybean Oil,-0.295,-1.1696,-2.8736,-3.2443
2023-07-15,Soybean Oil,-0.2959,-1.462,-2.3188,-3.099
2023-07-16,Soybean Oil,-0.2967,-1.7544,-1.7544,-2.9525
2023-07-17,Soybean Oil,0.0,-1.7544,-1.7544,-2.5145
2023-07-18,Soybean Oil,0.0,-1.4663,-1.7544,-2.3256
2023-07-19,Soybean Oil,0.0,-1.1765,-1.7544,-2.3256
2023-07-20,Soybean Oil,0.0,-0.885,-1.7544,-2.3256
2023-07-21,Soybean Oil,0.0,-0.5917,-1.7544,-2.3256
2023-07-22,Soybean Oil,0.0,-0.2967,-1.7544,-2.3256
2023-07-23,Soybean Oil,-3.5714,-3.5714,-5.2632,-5.8139
2023-07-24,Soybean Oil,0.0,-3.5714,-5.2632,-5.8139
2023-07-25,Soybean Oil,0.0,-3.5714,-5.2632,-5.8139
2023-07-26,Soybean Oil,0.0,-3.5714,-5.2632,-5.8139
2023-07-27,Soybean Oil,0.0,-3.5714,-5.2632,-5.8139
2023-07-28,Soybean Oil,0.0,-3.5714,-5.2632,-5.8139
2023-07-29,Soybean Oil,0.0,-3.5714,-5.2632,-5.8139
2023-07-30,Soybean Oil,0.0,0.0,-5.2632,-5.8139
2023-07-31,Soybean Oil,0.0,0.0,-5.2632,-5.8139
2023-08-01,Soybean Oil,0.0,0.0,-5.2632,-5.814
2023-08-02,Soybean Oil,0.0,0.0,-5.2632,-5.814
2023-08-03,Soybean Oil,0.0,0.0,-5.2632,-5.814
2023-08-04,Soybean Oil,0.0,0.0,-5.2632,-5.814
2023-08-05,Soybean Oil,0.0,0.0,-5.2632,-5.814
2023-08-06,Soybean Oil,0.0,0.0,-5.2632,-5.814
2023-08-07,Soybean Oil,0.0,0.0,-5.2632,-5.814
2023-08-08,Soybean Oil,0.0,0.0,-5.2632,-5.814
2023-08-09,Soybean Oil,0.0,0.0,-5.2632,-5.814
2023-08-10,Soybean Oil,0.0,0.0,-4.9853,-5.8981
2023-08-11,Soybean Oil,0.0,0.0,-4.7059,-5.9821
2023-08-12,Soybean Oil,0.0,0.0,-4.4248,-6.066
2023-08-13,Soybean Oil,0.0,0.0,-4.142,-6.1497
2023-08-14,Soybean Oil,-0.7716,-0.7716,-4.5994,-6.9568
2023-08-15,Soybean Oil,-0.7776,-1.5432,-5.0595,-7.7625
2023-08-16,Soybean Oil,-0.7837,-2.3148,-5.8036,-8.5667
2023-08-17,Soybean Oil,-0.7899,-3.0864,-6.5476,-9.3694
2023-08-18,Soybean Oil,0.0,-3.0864,-6.5476,-9.4499
2023-08-19,Soybean Oil,0.0,-3.0864,-6.5476,-9.5301
2023-08-20,Soybean Oil,0.0,-3.0864,-6.5476,-9.6103
2023-08-21,Soybean Oil,0.0,-2.3328,-6.5476,-9.6903
2023-08-22,Soybean Oil,0.0,-1.5674,-3.0864,-9.7701
2023-08-23,Soybean Oil,0.0,-0.7899,-3.0864,-9.7701
2023-08-24,Soybean Oil,0.0,0.0,-3.0864,-9.7701
2023-08-25,Soybean Oil,0.0,0.0,-3.0864,-9.7701
2023-08-26,Soybean Oil,0.0,0.0,-3.0864,-9.7701
2023-08-27,Soybean Oil,0.0,0.0,-3.0864,-9.7701
2023-08-28,Soybean Oil,0.0,0.0,-3.0864,-10.2857
2023-08-29,Soybean Oil,0.0,0.0,-3.0864,-10.2857
2023-08-30,Soybean Oil,0.0,0.0,-3.0864,-10.2857
2023-08-31,Soybean Oil,0.0,0.0,-3.0864,-10.2857
2023-09-01,Soybean Oil,0.0,0.0,-3.0864,-10.2857
2023-09-02,Soybean Oil,0.0,0.0,-3.0864,-10.2857
2023-09-03,Soybean Oil,0.0,0.0,-3.0864,-10.2857
2023-09-04,Soybean Oil,0.0,0.0,-3.0864,-10.2857
2023-09-05,Soybean Oil,0.0,0.0,-3.0864,-10.2857
2023-09-06,Soybean Oil,0.0,0.0,-3.0864,-10.2857
2023-09-07,Soybean Oil,0.0,0.0,-3.0864,-10.2857
2023-09-08,Soybean Oil,0.0,0.0,-3.0864,-10.2857
2023-09-09,Soybean Oil,0.0,0.0,-3.0864,-10.2857
2023-09-10,Soybean Oil,0.0,0.0,-3.0864,-10.2857
2023-09-11,Soybean Oil,0.0,0.0,-3.0864,-10.2857
2023-09-12,Soybean Oil,0.0,0.0,-3.0864,-10.2857
2023-09-13,Soybean Oil,0.0,0.0,-2.3328,-10.2857
2023-09-14,Soybean Oil,0.0,0.0,-1.5674,-10.2857
2023-09-15,Soybean Oil,0.0,0.0,-0.7899,-10.2857
2023-09-16,Soybean Oil,0.0,0.0,0.0,-10.2857
2023-09-17,Soybean Oil,0.0,0.0,0.0,-10.2857
2023-09-18,Soybean Oil,0.0,0.0,0.0,-10.2857
2023-09-19,Soybean Oil,0.0,0.0,0.0,-10.2857
2023-09-20,Soybean Oil,0.0,0.0,0.0,-10.2857
2023-09-21,Soybean Oil,0.0,0.0,0.0,-10.2857
2023-09-22,Soybean Oil,0.0,0.0,0.0,-10.2857
2023-09-23,Soybean Oil,0.0,0.0,0.0,-10.2857
2023-09-24,Soybean Oil,0.0,0.0,0.0,-10.2857
2023-09-25,Soybean Oil,0.0,0.0,0.0,-10.2857
2023-09-26,Soybean Oil,0.0,0.0,0.0,-10.2857
2023-09-27,Soybean Oil,0.0,0.0,0.0,-10.2857
2023-09-28,Soybean Oil,0.0,0.0,0.0,-10.2857
2023-09-29,Soybean Oil,0.0,0.0,0.0,-10.2857
2023-09-30,Soybean Oil,0.0,0.0,0.0,-10.2857
2023-10-01,Soybean Oil,0.0,0.0,0.0,-10.2857
2023-10-02,Soybean Oil,0.0,0.0,0.0,-10.2857
2023-10-03,Soybean Oil,0.0,0.0,0.0,-10.2857
2023-10-04,Soybean Oil,0.0,0.0,0.0,-10.2857
2023-10-05,Soybean Oil,0.0,0.0,0.0,-10.2857
2023-10-06,Soybean Oil,0.0,0.0,0.0,-10.2857
2023-10-07,Soybean Oil,0.0,0.0,0.0,-10.2857
2023-10-08,Soybean Oil,0.0,0.0,0.0,-10.2857
2023-10-09,Soybean Oil,0.0,0.0,0.0,-10.2857
2023-10-10,Soybean Oil,0.0,0.0,0.0,-10.2857
2023-10-11,Soybean Oil,0.0,0.0,0.0,-10.2857
2023-10-12,Soybean Oil,0.0,0.0,0.0,-10.2857
2023-10-13,Soybean Oil,0.0,0.0,0.0,-10.2857
2023-10-14,Soybean Oil,-1.0616,-1.0616,-1.0616,-11.2381
2023-10-15,Soybean Oil,-1.073,-2.1231,-2.1231,-12.1905
2023-10-16,Soybean Oil,-1.0846,-3.1847,-3.1847,-13.1429
2023-10-17,Soybean Oil,0.0,-3.1847,-3.1847,-13.1429
2023-10-18,Soybean Oil,0.0,-3.1847,-3.1847,-13.6364
2023-10-19,Soybean Oil,-0.6579,-3.8217,-3.8217,-14.2045
2023-10-20,Soybean Oil,-0.6623,-4.4586,-4.4586,-14.7727
2023-10-21,Soybean Oil,0.0,-3.4335,-4.4586,-14.7727
2023-10-22,Soybean Oil,0.0,-2.3861,-4.4586,-14.7727
2023-10-23,Soybean Oil,0.0,-1.3158,-4.4586,-14.7727
2023-10-24,Soybean Oil,0.0,-1.3158,-4.4586,-14.7727
2023-10-25,Soybean Oil,0.0,-1.3158,-4.4586,-14.7727
2023-10-26,Soybean Oil,-2.0,-2.649,-6.3694,-16.4773
2023-10-27,Soybean Oil,0.0,-2.0,-6.3694,-16.4773
2023-10-28,Soybean Oil,0.0,-2.0,-6.3694,-16.501
2023-10-29,Soybean Oil,0.0,-2.0,-6.3694,-16.5247
2023-10-30,Soybean Oil,0.0,-2.0,-6.3694,-16.5484
2023-10-31,Soybean Oil,0.0,-2.0,-6.3694,-16.5721
2023-11-01,Soybean Oil,0.0,-2.0,-6.3694,-16.5957
2023-11-02,Soybean Oil,0.0,0.0,-6.3694,-16.6194
2023-11-03,Soybean Oil,0.0,0.0,-6.3694,-16.643
2023-11-04,Soybean Oil,0.0,0.0,-6.3694,-16.6667
2023-11-05,Soybean Oil,0.0,0.0,-6.3694,-16.6903
2023-11-06,Soybean Oil,0.0,0.0,-6.3694,-16.7139
2023-11-07,Soybean Oil,0.0,0.0,-6.3694,-16.7375
2023-11-08,Soybean Oil,0.0,0.0,-6.3694,-16.761
2023-11-09,Soybean Oil,0.0,0.0,-6.3694,-16.7846
2023-11-10,Soybean Oil,0.0,0.0,-6.3694,-16.8081
2023-11-11,Soybean Oil,0.0,0.0,-6.3694,-16.8317
2023-11-12,Soybean Oil,3.4014,3.4014,-3.1847,-14.0271
2023-11-13,Soybean Oil,0.0,3.4014,-2.1459,-14.0515
2023-11-14,Soybean Oil,0.0,3.4014,-1.0846,-14.0757
2023-11-15,Soybean Oil,0.0,3.4014,0.0,-14.1
2023-11-16,Soybean Oil,0.0,3.4014,0.0,-14.1243
2023-11-17,Soybean Oil,0.0,3.4014,0.0,-14.1243
2023-11-18,Soybean Oil,0.0,3.4014,0.6623,-14.1243
2023-11-19,Soybean Oil,0.0,0.0,1.3333,-14.1243
2023-11-20,Soybean Oil,0.0,0.0,1.3333,-14.1243
2023-11-21,Soybean Oil,0.0,0.0,1.3333,-14.1243
2023-11-22,Soybean Oil,0.0,0.0,1.3333,-14.1243
2023-11-23,Soybean Oil,0.0,0.0,1.3333,-14.1243
2023-11-24,Soybean Oil,0.0,0.0,1.3333,-14.1243
2023-11-25,Soybean Oil,0.0,0.0,3.4014,-13.6364
2023-11-26,Soybean Oil,0.0,0.0,3.4014,-13.6364
2023-11-27,Soybean Oil,0.0,0.0,3.4014,-13.6364
2023-11-28,Soybean Oil,0.0,0.0,3.4014,-13.6364
2023-11-29,Soybean Oil,0.0,0.0,3.4014,-13.6364
2023-11-30,Soybean Oil,0.0,0.0,3.4014,-13.6364
2023-12-01,Soybean Oil,0.0,0.0,3.4014,-13.6364
2023-12-02,Soybean Oil,0.0,0.0,3.4014,-13.6364
2023-12-03,Soybean Oil,0.0,0.0,3.4014,-13.6364
2023-12-04,Soybean Oil,0.0,0.0,3.4014,-13.7996
2023-12-05,Soybean Oil,0.0,0.0,3.4014,-13.9623
2023-12-06,Soybean Oil,0.0,0.0,3.4014,-14.1243
2023-12-07,Soybean Oil,0.0,0.0,3.4014,-14.1243
2023-12-08,Soybean Oil,0.0,0.0,3.4014,-14.1243
2023-12-09,Soybean Oil,0.0,0.0,3.4014,-14.1243
2023-12-10,Soybean Oil,1.3158,1.3158,4.7619,-12.9944
2023-12-11,Soybean Oil,0.0,1.3158,4.7619,-12.9944
2023-12-12,Soybean Oil,1.9481,3.2895,3.2895,-11.2994
2023-12-13,Soybean Oil,0.0,3.2895,3.2895,-10.7955
2023-12-14,Soybean Oil,0.0,3.2895,3.2895,-10.7955
2023-12-15,Soybean Oil,0.0,3.2895,3.2895,-11.2994
2023-12-16,Soybean Oil,0.0,3.2895,3.2895,-11.2994
2023-12-17,Soybean Oil,0.0,1.9481,3.2895,-11.2994
2023-12-18,Soybean Oil,0.0,1.9481,3.2895,-11.1656
2023-12-19,Soybean Oil,0.0,0.0,3.2895,-11.0314
2023-12-20,Soybean Oil,0.0,0.0,3.2895,-10.8967
2023-12-21,Soybean Oil,0.0,0.0,3.2895,-10.7617
2023-12-22,Soybean Oil,0.0,0.0,3.2895,-10.6262
2023-12-23,Soybean Oil,0.0,0.0,3.2895,-10.4903
2023-12-24,Soybean Oil,0.0,0.0,3.2895,-10.354
2023-12-25,Soybean Oil,0.0,0.0,3.2895,-10.2173
2023-12-26,Soybean Oil,0.0,0.0,3.2895,-10.0802
2023-12-27,Soybean Oil,0.0,0.0,3.2895,-10.0802
2023-12-28,Soybean Oil,0.0,0.0,3.2895,-9.9426
2023-12-29,Soybean Oil,0.0,0.0,3.2895,-9.8047
2023-12-30,Soybean Oil,0.0,0.0,3.2895,-9.6663
2023-12-31,Soybean Oil,0.0,0.0,3.2895,-9.5275
2024-01-01,Soybean Oil,0.0,0.0,3.2895,-9.3882
2024-01-02,Soybean Oil,0.0,0.0,3.2895,-9.2486
2024-01-03,Soybean Oil,0.0,0.0,3.2895,-9.2486
2024-01-04,Soybean Oil,0.0,0.0,3.2895,-9.2486
2024-01-05,Soybean Oil,0.0,0.0,3.2895,-9.2486
2024-01-06,Soybean Oil,0.0,0.0,3.2895,-9.2486
2024-01-07,Soybean Oil,0.0,0.0,3.2895,-9.2486
2024-01-08,Soybean Oil,0.0,0.0,3.2895,-9.2486
2024-01-09,Soybean Oil,0.0,0.0,1.9481,-9.2486
2024-01-10,Soybean Oil,0.0,0.0,1.9481,-9.2486
2024-01-11,Soybean Oil,0.0,0.0,0.0,-8.7209
2024-01-12,Soybean Oil,0.0,0.0,0.0,-8.7209
2024-01-13,Soybean Oil,0.0,0.0,0.0,-8.7209
2024-01-14,Soybean Oil,0.0,0.0,0.0,-8.7209
2024-01-15,Soybean Oil,0.0,0.0,0.0,-7.1006
2024-01-16,Soybean Oil,0.0,0.0,0.0,-7.1006
2024-01-17,Soybean Oil,0.0,0.0,0.0,-7.1006
2024-01-18,Soybean Oil,0.0,0.0,0.0,-7.1006
2024-01-19,Soybean Oil,0.0,0.0,0.0,-7.1006
2024-01-20,Soybean Oil,0.0,0.0,0.0,-7.1006
2024-01-21,Soybean Oil,0.0,0.0,0.0,-7.1006
2024-01-22,Soybean Oil,0.0,0.0,0.0,-7.1006
2024-01-23,Soybean Oil,0.0,0.0,0.0,-7.1006
2024-01-24,Soybean Oil,0.0,0.0,0.0,-7.1006
2024-01-25,Soybean Oil,0.0,0.0,0.0,-7.1006
2024-01-26,Soybean Oil,0.0,0.0,0.0,-7.1006
2024-01-27,Soybean Oil,0.0,0.0,0.0,-7.1006
2024-01-28,Soybean Oil,0.0,0.0,0.0,-7.1006
2024-01-29,Soybean Oil,1.9108,1.9108,1.9108,-5.3254
2024-01-30,Soybean Oil,0.0,1.9108,1.9108,-5.3254
2024-01-31,Soybean Oil,0.0,1.9108,1.9108,-5.3254
2024-02-01,Soybean Oil,0.0,1.9108,1.9108,-5.3254
2024-02-02,Soybean Oil,0.0,1.9108,1.9108,-5.3254
2024-02-03,Soybean Oil,0.0,1.9108,1.9108,-5.3254
2024-02-04,Soybean Oil,0.0,1.9108,1.9108,-5.3254
2024-02-05,Soybean Oil,0.0,0.0,1.9108,-5.8824
2024-02-06,Soybean Oil,0.0,0.0,1.9108,-5.8824
2024-02-07,Soybean Oil,0.0,0.0,1.9108,-5.8823
2024-02-08,Soybean Oil,0.0,0.0,1.9108,-5.8823
2024-02-09,Soybean Oil,0.0,0.0,1.9108,-5.8823
2024-02-10,Soybean Oil,0.0,0.0,1.9108,-5.8823
2024-02-11,Soybean Oil,0.0,0.0,1.9108,-5.8823
2024-02-12,Soybean Oil,0.0,0.0,1.9108,-5.8823
2024-02-13,Soybean Oil,0.0,0.0,1.9108,-5.8823
2024-02-14,Soybean Oil,-1.875,-1.875,0.0,-7.6471
2024-02-15,Soybean Oil,0.0,-1.875,0.0,-7.6471
2024-02-16,Soybean Oil,0.0,-1.875,0.0,-7.6471
2024-02-17,Soybean Oil,0.0,-1.875,0.0,-7.6471
2024-02-18,Soybean Oil,0.0,-1.875,0.0,-7.6471
2024-02-19,Soybean Oil,0.0,-1.875,0.0,-7.6471
2024-02-20,Soybean Oil,0.0,-1.875,0.0,-7.6471
2024-02-21,Soybean Oil,0.0,0.0,0.0,-7.6471
2024-02-22,Soybean Oil,0.0,0.0,0.0,-7.6471
2024-02-23,Soybean Oil,-0.6369,-0.6369,-0.6369,-8.2353
2024-02-24,Soybean Oil,0.0,-0.6369,-0.6369,-8.2353
2024-02-25,Soybean Oil,0.0,-0.6369,-0.6369,-8.2353
2024-02-26,Soybean Oil,0.0,-0.6369,-0.6369,-8.2353
2024-02-27,Soybean Oil,0.0,-0.6369,-0.6369,-8.2353
2024-02-28,Soybean Oil,0.0,-0.6369,-2.5,-8.2353
2024-02-29,Soybean Oil,-0.9615,-1.5924,-3.4375,-9.1176
2024-03-01,Soybean Oil,-0.9709,-1.9231,-4.375,-10.0
2024-03-02,Soybean Oil,0.0,-1.9231,-4.375,-10.0
2024-03-03,Soybean Oil,-0.6536,-2.5641,-5.0,-10.5882
2024-03-04,Soybean Oil,0.0,-2.5641,-5.0,-10.5882
2024-03-05,Soybean Oil,-0.2193,-2.7778,-5.2083,-10.7843
2024-03-06,Soybean Oil,-0.2198,-2.9915,-5.4167,-10.9804
2024-03-07,Soybean Oil,-0.2203,-2.2654,-5.625,-11.1765
2024-03-08,Soybean Oil,0.0,-1.3072,-5.625,-11.1765
2024-03-09,Soybean Oil,0.0,-1.3072,-5.625,-11.1765
2024-03-10,Soybean Oil,0.0,-0.6579,-5.625,-11.1765
2024-03-11,Soybean Oil,0.0,-0.6579,-5.625,-11.1765
2024-03-12,Soybean Oil,0.0,-0.4396,-5.625,-11.1765
2024-03-13,Soybean Oil,0.0,-0.2203,-5.625,-11.1765
2024-03-14,Soybean Oil,0.0,0.0,-5.625,-11.1765
2024-03-15,Soybean Oil,0.0,0.0,-3.8217,-11.1765
2024-03-16,Soybean Oil,0.0,0.0,-3.8217,-11.1765
2024-03-17,Soybean Oil,0.0,0.0,-3.8217,-11.1765
2024-03-18,Soybean Oil,0.0,0.0,-3.8217,-11.1765
2024-03-19,Soybean Oil,0.0,0.0,-3.8217,-11.1765
2024-03-20,Soybean Oil,0.0,0.0,-3.8217,-11.1765
2024-03-21,Soybean Oil,0.0,0.0,-3.8217,-11.1765
2024-03-22,Soybean Oil,0.0,0.0,-3.8217,-11.1765
2024-03-23,Soybean Oil,0.0,0.0,-3.8217,-11.6959
2024-03-24,Soybean Oil,0.0,0.0,-3.2051,-11.6959
2024-03-25,Soybean Oil,0.0,0.0,-3.2051,-11.6959
2024-03-26,Soybean Oil,0.0,0.0,-3.2051,-11.6959
2024-03-27,Soybean Oil,0.0,0.0,-3.2051,-11.6959
2024-03-28,Soybean Oil,0.0,0.0,-3.2051,-11.6959
2024-03-29,Soybean Oil,0.0,0.0,-3.2051,-11.6959
2024-03-30,Soybean Oil,0.0,0.0,-2.2654,-11.6959
2024-03-31,Soybean Oil,0.0,0.0,-1.3072,-11.6959
2024-04-01,Soybean Oil,0.0,0.0,-1.3072,-11.6959
2024-04-02,Soybean Oil,0.0,0.0,-0.6579,-11.6959
2024-04-03,Soybean Oil,-2.649,-2.649,-3.2895,-14.0351
2024-04-04,Soybean Oil,0.0,-2.649,-3.0769,-14.0351
2024-04-05,Soybean Oil,0.0,-2.649,-2.8634,-14.0351
2024-04-06,Soybean Oil,0.0,-2.649,-2.649,-14.0351
2024-04-07,Soybean Oil,0.0,-2.649,-2.649,-14.0351
2024-04-08,Soybean Oil,0.0,-2.649,-2.649,-14.0351
2024-04-09,Soybean Oil,0.0,-2.649,-2.649,-14.0351
2024-04-10,Soybean Oil,0.0,0.0,-2.649,-14.0351
2024-04-11,Soybean Oil,0.0,0.0,-2.649,-14.0351
2024-04-12,Soybean Oil,0.0,0.0,-2.649,-14.0351
2024-04-13,Soybean Oil,0.0,0.0,-2.649,-14.0351
2024-04-14,Soybean Oil,0.0,0.0,-2.649,-14.0351
2024-04-15,Soybean Oil,0.0,0.0,-2.649,-14.0351
2024-04-16,Soybean Oil,0.0,0.0,-2.649,-14.0351
2024-04-17,Soybean Oil,3.4014,3.4014,0.6623,-11.1111
2024-04-18,Soybean Oil,0.0,3.4014,0.6623,-11.1111
2024-04-19,Soybean Oil,0.0,3.4014,0.6623,-11.1111
2024-04-20,Soybean Oil,0.0,3.4014,0.6623,-11.1111
2024-04-21,Soybean Oil,0.0,3.4014,0.6623,-11.1111
2024-04-22,Soybean Oil,0.0,3.4014,0.6623,-11.1111
2024-04-23,Soybean Oil,0.0,3.4014,0.6623,-11.1111
2024-04-24,Soybean Oil,0.0,0.0,0.6623,-11.1111
2024-04-25,Soybean Oil,-0.6579,-0.6579,0.0,-11.6959
2024-04-26,Soybean Oil,0.0,-0.6579,0.0,-11.6959
2024-04-27,Soybean Oil,0.0,-0.6579,0.0,-11.6959
2024-04-28,Soybean Oil,-2.649,-3.2895,-2.649,-14.0351
2024-04-29,Soybean Oil,2.0408,-1.3158,-0.6623,-12.2807
2024-04-30,Soybean Oil,0.0,-1.3158,-0.6623,-12.2807
2024-05-01,Soybean Oil,0.0,-1.3158,-0.6623,-12.2807
2024-05-02,Soybean Oil,0.0,-0.6623,-0.6623,-12.2807
2024-05-03,Soybean Oil,0.0,-0.6623,2.0408,-12.2807
2024-05-04,Soybean Oil,0.0,-0.6623,2.0408,-12.2807
2024-05-05,Soybean Oil,0.0,2.0408,2.0408,-12.2807
2024-05-06,Soybean Oil,0.0,0.0,2.0408,-14.2857
2024-05-07,Soybean Oil,-0.0,-0.0,2.0408,-14.2857
2024-05-08,Soybean Oil,0.0,-0.0,2.0408,-15.7303
2024-05-09,Soybean Oil,0.0,0.0,2.0408,-15.7303
2024-05-10,Soybean Oil,0.0,0.0,2.0408,-15.7303
2024-05-11,Soybean Oil,0.0,0.0,2.0408,-15.7303
2024-05-12,Soybean Oil,0.0,0.0,2.0408,-15.7303
2024-05-13,Soybean Oil,0.0,0.0,2.0408,-15.7303
2024-05-14,Soybean Oil,0.0,0.0,2.0408,-15.7303
2024-05-15,Soybean Oil,0.0,0.0,2.0408,-15.7303
2024-05-16,Soybean Oil,0.0,0.0,2.0408,-15.7303
2024-05-17,Soybean Oil,0.0,0.0,-1.3158,-15.7303
2024-05-18,Soybean Oil,-2.0,-2.0,-3.2895,-17.4157
2024-05-19,Soybean Oil,0.0,-2.0,-3.2895,-17.4157
2024-05-20,Soybean Oil,-0.0,-2.0,-3.2895,-17.4157
2024-05-21,Soybean Oil,0.0,-2.0,-3.2895,-17.4157
2024-05-22,Soybean Oil,0.0,-2.0,-3.2895,-17.4157
2024-05-23,Soybean Oil,0.0,-2.0,-3.2895,-17.4157
2024-05-24,Soybean Oil,0.0,-2.0,-3.2895,-17.4157
2024-05-25,Soybean Oil,0.0,-0.0,-2.649,-17.4157
2024-05-26,Soybean Oil,0.0,-0.0,-2.649,-17.4157
2024-05-27,Soybean Oil,0.0,0.0,-2.649,-17.4157
2024-05-28,Soybean Oil,0.0,0.0,0.0,-17.4157
2024-05-29,Soybean Oil,0.0,0.0,-2.0,-17.4157
2024-05-30,Soybean Oil,0.0,0.0,-2.0,-17.4157
2024-05-31,Soybean Oil,0.0,0.0,-2.0,-17.4157
2024-06-01,Soybean Oil,0.0,0.0,-2.0,-17.4157
2024-06-02,Soybean Oil,0.0,0.0,-2.0,-17.4157
2024-06-03,Soybean Oil,0.0,0.0,-2.0,-17.4157
2024-06-04,Soybean Oil,0.0,0.0,-2.0,-17.4157
2024-06-05,Soybean Oil,0.0,0.0,-2.0,-17.4157
2024-06-06,Soybean Oil,0.0,0.0,-2.0,-17.4157
2024-06-07,Soybean Oil,0.0,0.0,-2.0,-17.4157
2024-06-08,Soybean Oil,0.0,0.0,-2.0,-17.4157
2024-06-09,Soybean Oil,0.0,0.0,-2.0,-17.4157
2024-06-10,Soybean Oil,0.6803,0.6803,-1.3333,-16.8539
2024-06-11,Soybean Oil,0.0,0.6803,-1.3333,-15.9091
2024-06-12,Soybean Oil,0.0,0.6803,-1.3333,-14.9425
2024-06-13,Soybean Oil,0.0,0.6803,-1.3333,-14.9425
2024-06-14,Soybean Oil,0.0,0.6803,-1.3333,-14.2029
2024-06-15,Soybean Oil,0.0,0.6803,-1.3333,-13.4503
2024-06-16,Soybean Oil,0.0,0.6803,-1.3333,-13.4503
2024-06-17,Soybean Oil,0.0,0.0,0.6803,-13.4503
2024-06-18,Soybean Oil,0.0,0.0,0.6803,-13.4503
2024-06-19,Soybean Oil,0.0,0.0,0.6803,-13.4503
2024-06-20,Soybean Oil,0.0,0.0,0.6803,-13.4503
2024-06-21,Soybean Oil,0.0,0.0,0.6803,-13.4503
2024-06-22,Soybean Oil,0.0,0.0,0.6803,-13.4503
2024-06-23,Soybean Oil,0.0,0.0,0.6803,-13.4503
2024-06-24,Soybean Oil,0.0,0.0,0.6803,-13.4503
2024-06-25,Soybean Oil,0.0,0.0,0.6803,-13.4503
2024-06-26,Soybean Oil,0.9009,0.9009,1.5873,-12.6706
2024-06-27,Soybean Oil,0.4464,1.3513,2.0408,-12.2807
2024-06-28,Soybean Oil,0.0,1.3513,2.0408,-12.2807
2024-06-29,Soybean Oil,0.0,1.3513,2.0408,-12.2807
2024-06-30,Soybean Oil,0.0,1.3513,2.0408,-12.2807
2024-07-01,Soybean Oil,0.0,1.3513,2.0408,-12.2807
2024-07-02,Soybean Oil,0.0,1.3513,2.0408,-12.2807
2024-07-03,Soybean Oil,0.0,0.4464,2.0408,-12.2807
2024-07-04,Soybean Oil,0.0,0.0,2.0408,-12.2807
2024-07-05,Soybean Oil,0.0,0.0,2.0408,-12.2807
2024-07-06,Soybean Oil,0.0,0.0,2.0408,-12.2807
2024-07-07,Soybean Oil,0.0,0.0,2.0408,-12.2807
2024-07-08,Soybean Oil,0.0,0.0,2.0408,-12.2807
2024-07-09,Soybean Oil,0.0,0.0,2.0408,-12.2807
2024-07-10,Soybean Oil,0.0,0.0,1.3514,-12.0235
2024-07-11,Soybean Oil,0.0,0.0,1.3514,-11.7647
2024-07-12,Soybean Oil,0.0,0.0,1.3514,-11.5044
2024-07-13,Soybean Oil,0.0,0.0,1.3514,-11.2426
2024-07-14,Soybean Oil,0.0,0.0,1.3514,-10.9792
2024-07-15,Soybean Oil,0.0,0.0,1.3514,-10.7143
2024-07-16,Soybean Oil,0.0,0.0,1.3514,-10.7143
2024-07-17,Soybean Oil,0.0,0.0,1.3514,-10.7143
2024-07-18,Soybean Oil,0.0,0.0,1.3514,-10.7143
2024-07-19,Soybean Oil,0.0,0.0,1.3514,-10.7143
2024-07-20,Soybean Oil,0.0,0.0,1.3514,-10.7143
2024-07-21,Soybean Oil,0.0,0.0,1.3513,-10.7143
2024-07-22,Soybean Oil,0.0,0.0,1.3513,-7.4074
2024-07-23,Soybean Oil,0.0,0.0,1.3513,-7.4074
2024-07-24,Soybean Oil,0.0,0.0,1.3513,-7.4074
2024-07-25,Soybean Oil,0.0,0.0,1.3513,-7.4074
2024-07-26,Soybean Oil,0.0,0.0,0.4464,-7.4074
2024-07-27,Soybean Oil,0.0,0.0,0.0,-7.4074
2024-07-28,Soybean Oil,0.0,0.0,0.0,-7.4074
2024-07-29,Soybean Oil,0.0,0.0,0.0,-7.4074
2024-07-30,Soybean Oil,0.0,0.0,0.0,-7.4074
2024-07-31,Soybean Oil,0.0,0.0,0.0,-7.4074
2024-08-01,Soybean Oil,0.0,0.0,0.0,-7.4074
2024-08-02,Soybean Oil,0.0,0.0,0.0,-7.4074
2024-08-03,Soybean Oil,0.0,0.0,0.0,-7.4074
2024-08-04,Soybean Oil,0.0,0.0,0.0,-7.4074
2024-08-05,Soybean Oil,0.0,0.0,0.0,-7.4074
2024-08-06,Soybean Oil,0.0,0.0,0.0,-7.4074
2024-08-07,Soybean Oil,0.0,0.0,0.0,-7.4074
2024-08-08,Soybean Oil,0.0,0.0,0.0,-7.4074
2024-08-09,Soybean Oil,0.0,0.0,0.0,-7.4074
2024-08-10,Soybean Oil,0.0,0.0,0.0,-7.4074
2024-08-11,Soybean Oil,0.0,0.0,0.0,-7.4074
2024-08-12,Soybean Oil,0.0,0.0,0.0,-7.4074
2024-08-13,Soybean Oil,-1.3333,-1.3333,-1.3333,-7.9316
2024-08-14,Soybean Oil,0.0,-1.3333,-1.3333,-7.21
2024-08-15,Soybean Oil,0.0,-1.3333,-1.3333,-6.4771
2024-08-16,Soybean Oil,0.0,-1.3333,-1.3333,-5.7325
2024-08-17,Soybean Oil,0.0,-1.3333,-1.3333,-5.7325
2024-08-18,Soybean Oil,0.0,-1.3333,-1.3333,-5.7325
2024-08-19,Soybean Oil,0.0,-1.3333,-1.3333,-5.7325
2024-08-20,Soybean Oil,0.0,0.0,-1.3333,-5.7325
2024-08-21,Soybean Oil,0.0,0.0,-1.3333,-5.7325
2024-08-22,Soybean Oil,0.0,0.0,-1.3333,-5.7325
2024-08-23,Soybean Oil,0.0,0.0,-1.3333,-5.7325
2024-08-24,Soybean Oil,0.0,0.0,-1.3333,-5.7325
2024-08-25,Soybean Oil,0.0,0.0,-1.3333,-5.7325
2024-08-26,Soybean Oil,0.0,0.0,-1.3333,-5.7325
2024-08-27,Soybean Oil,0.0,0.0,-1.3333,-5.7325
2024-08-28,Soybean Oil,0.0,0.0,-1.3333,-5.7325
2024-08-29,Soybean Oil,-0.0,-0.0,-1.3333,-5.7325
2024-08-30,Soybean Oil,0.0,0.0,-1.3333,-5.7325
2024-08-31,Soybean Oil,0.0,0.0,-1.3333,-5.7325
2024-09-01,Soybean Oil,0.0,0.0,-1.3333,-5.7325
2024-09-02,Soybean Oil,0.0,0.0,-1.3333,-5.7325
2024-09-03,Soybean Oil,0.0,0.0,-1.3333,-5.7325
2024-09-04,Soybean Oil,3.3784,3.3784,2.0,-2.5478
2024-09-05,Soybean Oil,0.0,3.3784,2.0,-2.5478
2024-09-06,Soybean Oil,0.0,3.3784,2.0,-2.5478
2024-09-07,Soybean Oil,0.0,3.3784,2.0,-2.5478
2024-09-08,Soybean Oil,0.0,3.3784,2.0,-2.5478
2024-09-09,Soybean Oil,0.0,3.3784,2.0,-2.5478
2024-09-10,Soybean Oil,0.0,3.3784,2.0,-2.5478
2024-09-11,Soybean Oil,0.0,0.0,2.0,-2.5478
2024-09-12,Soybean Oil,0.0,0.0,3.3784,-2.5478
2024-09-13,Soybean Oil,0.0,0.0,3.3784,-2.5478
2024-09-14,Soybean Oil,0.0,0.0,3.3784,-2.5478
2024-09-15,Soybean Oil,-1.3072,-1.3072,2.027,-3.8217
2024-09-16,Soybean Oil,-0.3311,-1.634,1.6892,-4.1401
2024-09-17,Soybean Oil,-0.3322,-1.9608,1.3514,-4.4586
2024-09-18,Soybean Oil,0.0,-1.9608,1.3514,-4.4586
2024-09-19,Soybean Oil,0.0,-1.9608,1.3514,-4.4586
2024-09-20,Soybean Oil,0.0,-1.9608,1.3514,-4.4586
2024-09-21,Soybean Oil,0.0,-1.9608,1.3514,-4.4586
2024-09-22,Soybean Oil,-0.6667,-1.3245,0.6757,-5.0955
2024-09-23,Soybean Oil,0.0,-0.9967,0.6757,-5.0955
2024-09-24,Soybean Oil,0.0,-0.6667,0.6757,-5.0955
2024-09-25,Soybean Oil,0.0,-0.6667,0.6757,-5.0955
2024-09-26,Soybean Oil,2.6846,2.0,3.3784,-2.5478
2024-09-27,Soybean Oil,0.0,2.0,3.3784,-2.5478
2024-09-28,Soybean Oil,0.0,2.0,3.3784,-2.5478
2024-09-29,Soybean Oil,0.0,2.6846,3.3784,-2.5478
2024-09-30,Soybean Oil,0.0,2.6846,3.3784,-2.5478
2024-10-01,Soybean Oil,0.0,2.6846,3.3784,-2.5478
2024-10-02,Soybean Oil,0.0,2.6846,3.3784,-2.5478
2024-10-03,Soybean Oil,0.0,0.0,3.3784,-2.5478
2024-10-04,Soybean Oil,0.0,0.0,0.0,-2.5478
2024-10-05,Soybean Oil,0.0,0.0,0.0,-2.5478
2024-10-06,Soybean Oil,0.0,0.0,0.0,-2.5478
2024-10-07,Soybean Oil,0.0,0.0,0.0,-2.5478
2024-10-08,Soybean Oil,0.0,0.0,0.0,-2.5478
2024-10-09,Soybean Oil,0.0,0.0,0.0,-2.5478
2024-10-10,Soybean Oil,0.3268,0.3268,0.3268,-2.2293
2024-10-11,Soybean Oil,0.3257,0.6536,0.6536,-1.9108
2024-10-12,Soybean Oil,0.0,0.6536,0.6536,-1.9108
2024-10-13,Soybean Oil,0.0,0.6536,0.6536,-0.8584
2024-10-14,Soybean Oil,0.0,0.6536,0.6536,0.2169
2024-10-15,Soybean Oil,0.0,0.6536,1.9868,1.3158
2024-10-16,Soybean Oil,0.0,0.6536,2.3256,1.3158
2024-10-17,Soybean Oil,0.0,0.3257,2.6667,1.3158
2024-10-18,Soybean Oil,0.0,0.0,2.6667,1.9868
2024-10-19,Soybean Oil,0.0,0.0,2.6667,2.6667
2024-10-20,Soybean Oil,0.0,0.0,2.6667,2.6667
2024-10-21,Soybean Oil,0.0,0.0,2.6667,2.6667
2024-10-22,Soybean Oil,0.0,0.0,3.3557,2.6667
2024-10-23,Soybean Oil,0.0,0.0,3.3557,2.6667
2024-10-24,Soybean Oil,1.9481,1.9481,5.3691,4.6667
2024-10-25,Soybean Oil,0.0,1.9481,5.3691,6.8027
2024-10-26,Soybean Oil,0.0,1.9481,2.6144,6.8027
2024-10-27,Soybean Oil,0.0,1.9481,2.6144,6.8027
2024-10-28,Soybean Oil,0.0,1.9481,2.6144,6.8027
2024-10-29,Soybean Oil,0.6369,2.5974,3.268,7.483
2024-10-30,Soybean Oil,0.0,2.5974,3.268,7.483
2024-10-31,Soybean Oil,0.6329,1.2739,3.9216,8.1633
2024-11-01,Soybean Oil,0.0,1.2739,3.9216,8.1633
2024-11-02,Soybean Oil,0.0,1.2739,3.9216,8.1633
2024-11-03,Soybean Oil,0.0,1.2739,3.9216,8.1633
2024-11-04,Soybean Oil,0.0,1.2739,3.9216,8.1633
2024-11-05,Soybean Oil,1.8868,2.5316,5.8824,10.2041
2024-11-06,Soybean Oil,1.2346,3.7975,7.1895,11.5646
2024-11-07,Soybean Oil,0.0,3.1447,7.1895,11.5646
2024-11-08,Soybean Oil,0.0,3.1447,7.1895,11.5646
2024-11-09,Soybean Oil,0.0,3.1447,6.8404,11.5646
2024-11-10,Soybean Oil,0.6098,3.7736,7.1429,12.2449
2024-11-11,Soybean Oil,0.0,3.7736,7.1429,8.5526
2024-11-12,Soybean Oil,0.6061,2.4691,7.7922,9.2105
2024-11-13,Soybean Oil,0.0,1.2195,7.7922,9.2105
2024-11-14,Soybean Oil,0.0,1.2195,7.7922,9.2105
2024-11-15,Soybean Oil,0.0,1.2195,7.7922,9.2105
2024-11-16,Soybean Oil,0.0,1.2195,7.7922,9.2105
2024-11-17,Soybean Oil,0.0,0.6061,7.7922,9.2105
2024-11-18,Soybean Oil,0.0,0.6061,7.7922,9.2105
2024-11-19,Soybean Oil,0.0,0.0,7.7922,9.2105
2024-11-20,Soybean Oil,0.0,0.0,7.7922,9.2105
2024-11-21,Soybean Oil,0.0,0.0,7.7922,9.2105
2024-11-22,Soybean Oil,0.0,0.0,7.7922,9.2105
2024-11-23,Soybean Oil,0.0,0.0,5.7325,9.2105
2024-11-24,Soybean Oil,0.0,0.0,5.7325,9.2105
2024-11-25,Soybean Oil,0.0,0.0,5.7325,9.2105
2024-11-26,Soybean Oil,0.0,0.0,5.7325,9.2105
2024-11-27,Soybean Oil,-0.0,-0.0,5.7325,9.2105
2024-11-28,Soybean Oil,0.0,-0.0,5.0633,9.2105
2024-11-29,Soybean Oil,0.0,-0.0,5.0633,9.2105
2024-11-30,Soybean Oil,0.0,-0.0,4.4025,9.2105
2024-12-01,Soybean Oil,0.0,-0.0,4.4025,9.2105
2024-12-02,Soybean Oil,0.0,-0.0,4.4025,9.2105
2024-12-03,Soybean Oil,0.0,-0.0,4.4025,9.2105
2024-12-04,Soybean Oil,0.0,0.0,4.4025,9.2105
2024-12-05,Soybean Oil,0.0,0.0,2.4691,9.2105
2024-12-06,Soybean Oil,0.0,0.0,1.2195,9.2105
2024-12-07,Soybean Oil,0.0,0.0,1.2195,9.2105
2024-12-08,Soybean Oil,0.0,0.0,1.2195,9.2105
2024-12-09,Soybean Oil,0.0,0.0,1.2195,7.7922
2024-12-10,Soybean Oil,0.0,0.0,0.6061,7.7922
2024-12-11,Soybean Oil,-1.2048,-1.2048,-0.6061,4.4586
2024-12-12,Soybean Oil,0.0,-1.2048,-1.2048,4.4586
2024-12-13,Soybean Oil,0.0,-1.2048,-1.2048,4.4586
2024-12-14,Soybean Oil,0.0,-1.2048,-1.2048,4.4586
2024-12-15,Soybean Oil,0.0,-1.2048,-1.2048,4.4586
2024-12-16,Soybean Oil,0.0,-1.2048,-1.2048,4.4586
2024-12-17,Soybean Oil,0.0,-1.2048,-1.2048,4.4586
2024-12-18,Soybean Oil,0.0,0.0,-1.2048,4.4586
2024-12-19,Soybean Oil,0.0,0.0,-1.2048,4.4586
2024-12-20,Soybean Oil,0.0,0.0,-1.2048,4.4586
2024-12-21,Soybean Oil,0.0,0.0,-1.2048,4.4586
2024-12-22,Soybean Oil,0.0,0.0,-1.2048,4.4586
2024-12-23,Soybean Oil,0.0,0.0,-1.2048,4.4586
2024-12-24,Soybean Oil,0.0,0.0,-1.2048,4.4586
2024-12-25,Soybean Oil,0.0,0.0,-1.2048,4.4586
2024-12-26,Soybean Oil,0.0,0.0,-1.2048,4.4586
2024-12-27,Soybean Oil,0.0,0.0,-1.2048,4.4586
2024-12-28,Soybean Oil,0.0,0.0,-1.2048,4.4586
2024-12-29,Soybean Oil,0.0,0.0,-1.2048,4.4586
2024-12-30,Soybean Oil,0.0,0.0,-1.2048,4.4586
2024-12-31,Soybean Oil,0.0,0.0,-1.2048,4.4586
2025-01-01,Soybean Oil,0.0,0.0,-1.2048,4.4586
2025-01-02,Soybean Oil,0.0,0.0,-1.2048,4.4586
2025-01-03,Soybean Oil,0.0,0.0,-1.2048,4.4586
2025-01-04,Soybean Oil,0.0,0.0,-1.2048,4.4586
2025-01-05,Soybean Oil,0.0,0.0,-1.2048,4.4586
2025-01-06,Soybean Oil,0.0,0.0,-1.2048,4.4586
2025-01-07,Soybean Oil,0.0,0.0,-1.2048,4.4586
2025-01-08,Soybean Oil,0.0,0.0,-1.2048,4.4586
2025-01-09,Soybean Oil,0.0,0.0,-1.2048,4.4586
2025-01-10,Soybean Oil,0.0,0.0,0.0,4.4586
2025-01-11,Soybean Oil,0.0,0.0,0.0,4.4586
2025-01-12,Soybean Oil,0.0,0.0,0.0,4.4586
2025-01-13,Soybean Oil,0.0,0.0,0.0,4.4586
2025-01-14,Soybean Oil,0.6098,0.6098,0.6098,5.0955
2025-01-15,Soybean Oil,0.0,0.6098,0.6098,5.0955
2025-01-16,Soybean Oil,1.8182,2.439,2.439,7.0064
2025-01-17,Soybean Oil,-0.5952,1.8293,1.8293,6.3694
2025-01-18,Soybean Oil,0.0,1.8293,1.8293,6.3694
2025-01-19,Soybean Oil,0.0,1.8293,1.8293,6.3694
2025-01-20,Soybean Oil,0.0,1.8293,1.8293,6.3694
2025-01-21,Soybean Oil,2.3952,3.6364,4.2683,8.9172
2025-01-22,Soybean Oil,0.0,3.6364,4.2683,8.9172
2025-01-23,Soybean Oil,0.0,1.7857,4.2683,8.9172
2025-01-24,Soybean Oil,0.0,2.3952,4.2683,8.9172
2025-01-25,Soybean Oil,0.0,2.3952,4.2683,8.9172
2025-01-26,Soybean Oil,0.0,2.3952,4.2683,8.9172
2025-01-27,Soybean Oil,0.0,2.3952,4.2683,8.9172
2025-01-28,Soybean Oil,0.0,0.0,4.2683,6.875
2025-01-29,Soybean Oil,-3.5088,-3.5088,0.6098,3.125
2025-01-30,Soybean Oil,0.0,-3.5088,0.6098,3.125
2025-01-31,Soybean Oil,0.0,-3.5088,0.6098,3.125
2025-02-01,Soybean Oil,0.6061,-2.924,1.2195,3.75
2025-02-02,Soybean Oil,0.0,-2.924,1.2195,3.75
2025-02-03,Soybean Oil,0.0,-2.924,1.2195,3.75
2025-02-04,Soybean Oil,0.0,-2.924,1.2195,3.75
2025-02-05,Soybean Oil,0.0,0.6061,1.2195,3.75
2025-02-06,Soybean Oil,0.0,0.6061,1.2195,3.75
2025-02-07,Soybean Oil,0.0,0.6061,1.2195,3.75
2025-02-08,Soybean Oil,0.0,0.0,1.2195,3.75
2025-02-09,Soybean Oil,0.0,0.0,1.2195,3.75
2025-02-10,Soybean Oil,0.0,0.0,1.2195,3.75
2025-02-11,Soybean Oil,0.0,0.0,1.2195,3.75
2025-02-12,Soybean Oil,0.0,0.0,1.2195,3.75
2025-02-13,Soybean Oil,0.0,0.0,0.6061,5.7325
2025-02-14,Soybean Oil,0.0,0.0,0.6061,5.7325
2025-02-15,Soybean Oil,0.0,0.0,-1.1905,5.7325
2025-02-16,Soybean Oil,0.0,0.0,-0.5988,5.7325
2025-02-17,Soybean Oil,0.0,0.0,-0.5988,5.7325
2025-02-18,Soybean Oil,0.0,0.0,-0.5988,5.7325
2025-02-19,Soybean Oil,0.0,0.0,-0.5988,5.7325
2025-02-20,Soybean Oil,0.0,0.0,-2.924,5.7325
2025-02-21,Soybean Oil,-0.0,0.0,-2.924,5.7325
2025-02-22,Soybean Oil,0.0,0.0,-2.924,6.4103
2025-02-23,Soybean Oil,0.0,0.0,-2.924,6.4103
2025-02-24,Soybean Oil,0.0,0.0,-2.924,6.4103
2025-02-25,Soybean Oil,0.0,0.0,-2.924,6.4103
2025-02-26,Soybean Oil,0.0,0.0,-2.924,6.4103
2025-02-27,Soybean Oil,0.0,-0.0,-2.924,6.4103
2025-02-28,Soybean Oil,0.0,0.0,0.6061,7.4434
2025-03-01,Soybean Oil,-3.6145,-3.6145,-3.0303,4.5752
2025-03-02,Soybean Oil,0.0,-3.6145,-3.0303,4.5752
2025-03-03,Soybean Oil,0.0,-3.6145,-3.6145,5.2632
2025-03-04,Soybean Oil,0.0,-3.6145,-3.6145,5.2632
2025-03-05,Soybean Oil,0.0,-3.6145,-3.6145,5.4945
2025-03-06,Soybean Oil,0.0,-3.6145,-3.6145,5.7269
2025-03-07,Soybean Oil,0.0,-3.6145,-3.6145,5.9603
2025-03-08,Soybean Oil,0.0,0.0,-3.6145,5.9603
2025-03-09,Soybean Oil,13.75,13.75,9.6386,20.5298
2025-03-10,Soybean Oil,-2.7473,10.625,6.6265,17.2185
2025-03-11,Soybean Oil,0.0,10.625,6.6265,17.2185
2025-03-12,Soybean Oil,0.0,10.625,6.6265,17.2185
2025-03-13,Soybean Oil,-7.3446,2.5,-1.2048,8.6093
2025-03-14,Soybean Oil,0.0,2.5,-1.2048,8.6093
2025-03-15,Soybean Oil,0.0,2.5,-1.2048,8.6093
2025-03-16,Soybean Oil,0.0,-9.8901,-1.2048,8.6093
2025-03-17,Soybean Oil,-1.2195,-8.4746,-2.4096,7.2848
2025-03-18,Soybean Oil,0.0,-8.4746,-2.4096,7.2848
2025-03-19,Soybean Oil,0.0,-8.4746,-2.4096,7.2848
2025-03-20,Soybean Oil,0.0,-1.2195,-2.4096,7.2848
2025-03-21,Soybean Oil,-0.6173,-1.8293,-3.012,6.6225
2025-03-22,Soybean Oil,0.0,-1.8293,-3.0121,6.6225
2025-03-23,Soybean Oil,0.0,-1.8293,-3.012,6.6225
2025-03-24,Soybean Oil,0.0,-0.6173,-3.012,6.6225
2025-03-25,Soybean Oil,0.0,-0.6173,-3.012,6.6225
2025-03-26,Soybean Oil,0.0,-0.6173,-3.012,6.6225
2025-03-27,Soybean Oil,0.0,-0.6173,-3.012,6.6225
2025-03-28,Soybean Oil,0.0,0.0,-3.012,6.6225
2025-03-29,Soybean Oil,0.0,0.0,-3.012,6.6225
2025-03-30,Soybean Oil,0.0,0.0,-3.012,6.6225
2025-03-31,Soybean Oil,0.0,0.0,0.625,6.6225
2025-04-01,Soybean Oil,0.0,0.0,0.625,6.6225
2025-04-02,Soybean Oil,0.0,0.0,0.625,6.6225
2025-04-03,Soybean Oil,0.0,0.0,0.625,9.5238
2025-04-04,Soybean Oil,0.0,0.0,0.625,9.5238
2025-04-05,Soybean Oil,0.0,0.0,0.625,9.5238
2025-04-06,Soybean Oil,-0.0,0.0,0.625,9.5238
2025-04-07,Soybean Oil,0.0,0.0,0.625,9.5238
2025-04-08,Soybean Oil,0.0,0.0,-11.5385,9.5238
2025-04-09,Soybean Oil,0.6211,0.6211,-8.4746,10.2041
2025-04-10,Soybean Oil,0.6173,1.2422,-7.9096,10.8844
2025-04-11,Soybean Oil,0.0,1.2422,-7.9096,10.8844
2025-04-12,Soybean Oil,0.0,1.2422,-0.6098,10.8844
2025-04-13,Soybean Oil,-1.227,0.0,-1.8293,9.5238
2025-04-14,Soybean Oil,1.5528,1.5528,-0.3049,11.2245
2025-04-15,Soybean Oil,1.5291,3.1056,1.2195,12.9252
2025-04-16,Soybean Oil,0.0,2.4691,2.4691,12.9252
2025-04-17,Soybean Oil,0.0,1.8405,2.4691,9.2105
2025-04-18,Soybean Oil,-0.6024,1.227,1.8519,8.5526
2025-04-19,Soybean Oil,0.0,1.227,1.8519,8.5526
2025-04-20,Soybean Oil,-1.2121,1.2422,1.2422,7.2368
2025-04-21,Soybean Oil,1.8405,1.5291,3.1056,9.2105
2025-04-22,Soybean Oil,1.2048,1.2048,4.3478,10.5263
2025-04-23,Soybean Oil,0.0,1.2048,4.3478,10.5263
2025-04-24,Soybean Oil,0.0,1.2048,4.3478,10.5263
2025-04-25,Soybean Oil,0.0,1.8182,4.3478,11.2583
2025-04-26,Soybean Oil,0.0,1.8182,4.3478,11.2583
2025-04-27,Soybean Oil,-1.7857,1.227,2.4845,9.2715
2025-04-28,Soybean Oil,1.8182,1.2048,4.3478,14.2857
2025-04-29,Soybean Oil,0.0,0.0,4.3478,12.0
2025-04-30,Soybean Oil,0.5952,0.5952,4.9689,12.6667
2025-05-01,Soybean Oil,-0.5917,0.0,4.3478,12.0
2025-05-02,Soybean Oil,-0.5952,-0.5952,3.7267,11.3333
2025-05-03,Soybean Oil,0.0,-0.5952,3.7267,11.3333
2025-05-04,Soybean Oil,-0.5988,0.6061,3.1056,10.6667
2025-05-05,Soybean Oil,0.0,-1.1905,3.1056,10.6667
2025-05-06,Soybean Oil,0.0,-1.1905,3.1056,10.6667
2025-05-07,Soybean Oil,1.2048,-0.5917,4.3478,12.0
2025-05-08,Soybean Oil,0.0,0.0,4.3478,12.0
2025-05-09,Soybean Oil,0.0,0.5988,3.7037,12.0
2025-05-10,Soybean Oil,0.0,0.5988,3.0675,12.0
2025-05-11,Soybean Oil,-0.8929,0.3012,2.1472,11.0
2025-05-12,Soybean Oil,-0.9009,-0.6024,1.227,10.0
2025-05-13,Soybean Oil,-0.6061,-1.2048,1.8634,9.3333
2025-05-14,Soybean Oil,0.0,-2.381,0.3058,9.3333
2025-05-15,Soybean Oil,0.0,-2.381,-1.2048,9.3333
2025-05-16,Soybean Oil,0.0,-2.381,-1.2048,9.3333
2025-05-17,Soybean Oil,0.0,-2.381,-1.2048,9.3333
2025-05-18,Soybean Oil,0.0,-1.5015,-0.6061,11.5646
2025-05-19,Soybean Oil,0.0,-0.6061,-0.6061,11.5646
2025-05-20,Soybean Oil,0.0,0.0,0.6135,11.5646
2025-05-21,Soybean Oil,0.0,0.0,-1.2048,11.5646
2025-05-22,Soybean Oil,0.6098,0.6098,-1.7857,12.2449
2025-05-23,Soybean Oil,-0.6061,0.0,-2.381,11.5646
2025-05-24,Soybean Oil,0.6098,0.6098,-1.7857,12.2449
2025-05-25,Soybean Oil,0.0,0.6098,-1.7857,12.2449
2025-05-26,Soybean Oil,-0.6061,0.0,-2.381,11.5646
2025-05-27,Soybean Oil,0.6098,0.6098,0.0,12.2449
2025-05-28,Soybean Oil,0.0,0.6098,-1.7857,12.2449
2025-05-29,Soybean Oil,0.0,0.0,-1.7857,12.2449
2025-05-30,Soybean Oil,-0.6061,0.0,-2.9586,11.5646
2025-05-31,Soybean Oil,0.0,-0.6061,-2.381,11.5646
2025-06-01,Soybean Oil,0.6098,0.0,-1.1976,12.2449
2025-06-02,Soybean Oil,0.0,0.6098,-1.1976,12.2449
2025-06-03,Soybean Oil,0.0,0.0,-0.6024,12.2449
2025-06-04,Soybean Oil,0.0,0.0,-0.6024,12.2449
2025-06-05,Soybean Oil,-0.2694,-0.2694,-0.8701,11.9426
2025-06-06,Soybean Oil,-0.2701,0.0678,-2.3148,11.6402
2025-06-07,Soybean Oil,-0.2708,-0.2033,-2.5794,11.3379
2025-06-08,Soybean Oil,-0.2716,-1.0774,-2.8439,11.0355
2025-06-09,Soybean Oil,-0.2723,-1.3468,-3.1085,10.7332
2025-06-10,Soybean Oil,-0.273,-1.6162,-2.5025,9.6847
2025-06-11,Soybean Oil,-0.2738,-1.8855,-1.8855,9.3844
2025-06-12,Soybean Oil,-0.2745,-1.8906,-1.5583,9.0841
2025-06-13,Soybean Oil,-0.2753,-1.8957,-1.8293,8.7838
2025-06-14,Soybean Oil,0.0,-1.6293,-1.8293,8.7838
2025-06-15,Soybean Oil,-0.6211,-1.9741,-2.439,8.1081
2025-06-16,Soybean Oil,0.625,-1.0922,-1.8293,8.7838
2025-06-17,Soybean Oil,0.6211,-0.2053,-1.2195,9.4595
2025-06-18,Soybean Oil,0.0,0.0686,-1.2195,9.4595
2025-06-19,Soybean Oil,0.0,0.3441,-1.2195,9.4595
2025-06-20,Soybean Oil,0.0,0.6211,-1.2195,9.4595
2025-06-21,Soybean Oil,0.0,0.6211,-1.8182,9.4595
2025-06-22,Soybean Oil,0.6173,1.875,-0.6098,10.1351
2025-06-23,Soybean Oil,0.0,1.2422,-1.2121,10.1351
2025-06-24,Soybean Oil,0.0,0.6173,-1.2121,10.1351
2025-06-25,Soybean Oil,0.0,0.6173,-0.6098,10.1351
2025-06-26,Soybean Oil,1.227,1.8519,0.0,10.4911
2025-06-27,Soybean Oil,0.0,1.8519,0.0,10.0
2025-06-28,Soybean Oil,0.0,1.8519,0.0,10.0
2025-06-29,Soybean Oil,0.0,1.227,0.6098,10.0
2025-06-30,Soybean Oil,0.0,1.227,0.6098,10.0
2025-07-01,Soybean Oil,0.0,1.227,0.0,10.0
2025-07-02,Soybean Oil,0.0,1.227,0.0,10.0
2025-07-03,Soybean Oil,0.0,0.0,0.0,10.0
2025-07-04,Soybean Oil,0.0,0.0,0.0,10.0
2025-07-05,Soybean Oil,0.0,0.0,0.2701,10.0
2025-07-06,Soybean Oil,0.0,0.0,0.5416,10.0
2025-07-07,Soybean Oil,-0.0,0.0,0.8147,10.0
2025-07-08,Soybean Oil,0.0,0.0,1.0892,10.0
2025-07-09,Soybean Oil,0.0,0.0,1.3652,10.0
2025-07-10,Soybean Oil,0.0,0.0,1.6427,10.0
2025-07-11,Soybean Oil,0.0,0.0,1.9218,10.0
2025-07-12,Soybean Oil,0.0,0.0,2.2023,10.0
2025-07-13,Soybean Oil,-0.0,-0.0,2.4845,10.0
2025-07-14,Soybean Oil,0.0,0.0,2.4845,10.0
2025-07-15,Soybean Oil,0.0,0.0,3.125,10.0
2025-07-16,Soybean Oil,0.0,0.0,2.4845,10.0
2025-07-17,Soybean Oil,0.0,0.0,1.8519,10.0
2025-07-18,Soybean Oil,0.303,0.303,2.1605,10.3333
2025-07-19,Soybean Oil,0.3021,0.6061,2.4691,10.6667
2025-07-20,Soybean Oil,0.0,0.6061,2.4691,10.6667
2025-07-21,Soybean Oil,0.0,0.6061,2.4691,10.6667
2025-07-22,Soybean Oil,0.0,0.6061,1.8405,10.6667
2025-07-23,Soybean Oil,0.0,0.6061,1.8405,10.6667
2025-07-24,Soybean Oil,0.0,0.6061,1.8405,10.6667
2025-07-25,Soybean Oil,0.0,0.3021,1.8405,10.6667
2025-07-26,Soybean Oil,0.0,0.0,0.6061,10.6667
2025-07-27,Soybean Oil,0.0,0.0,0.6061,10.6667
2025-07-28,Soybean Oil,0.0,0.0,0.6061,10.6667
2025-07-29,Soybean Oil,0.0,0.0,0.6061,10.6667
2025-07-30,Soybean Oil,0.0,0.0,0.6061,10.6667
2025-07-31,Soybean Oil,0.0,0.0,0.6061,10.6667
2025-08-01,Soybean Oil,0.0,0.0,0.6061,10.6667
2025-08-02,Soybean Oil,0.0,0.0,0.6061,10.6667
2025-08-03,Soybean Oil,0.0,0.0,0.6061,10.6667
2025-08-04,Soybean Oil,0.0,0.0,0.6061,10.6667
2025-08-05,Soybean Oil,0.3012,0.3012,0.9091,11.0
2025-08-06,Soybean Oil,0.3003,0.6024,1.2121,11.3333
2025-08-07,Soybean Oil,0.0,0.6024,1.2121,11.3333
2025-08-08,Soybean Oil,0.0,0.6024,1.2121,11.3333
2025-08-09,Soybean Oil,0.0,0.6024,1.2121,11.3333
2025-08-10,Soybean Oil,0.0,0.6024,1.2121,11.3333
2025-08-11,Soybean Oil,0.0,0.6024,1.2121,11.3333
2025-08-12,Soybean Oil,0.0,0.3003,1.2121,11.3333
2025-08-13,Soybean Oil,0.0,0.0,1.2121,12.8378
2025-08-14,Soybean Oil,0.0,0.0,1.2121,12.8378
2025-08-15,Soybean Oil,0.0,0.0,1.2121,12.8378
2025-08-16,Soybean Oil,0.2994,0.2994,1.5152,13.1757
2025-08-17,Soybean Oil,0.2985,0.5988,1.5106,13.5135
2025-08-18,Soybean Oil,0.0,0.5988,1.2048,13.5135
2025-08-19,Soybean Oil,0.0,0.5988,1.2048,13.5135
2025-08-20,Soybean Oil,0.0,0.5988,1.2048,13.5135
2025-08-21,Soybean Oil,0.0,0.5988,1.2048,13.5135
2025-08-22,Soybean Oil,0.0,0.5988,1.2048,13.5135
2025-08-23,Soybean Oil,0.0,0.2985,1.2048,13.5135
2025-08-24,Soybean Oil,0.0,0.0,1.2048,13.5135
2025-08-25,Soybean Oil,0.0,0.0,1.2048,13.5135
2025-08-26,Soybean Oil,0.0,0.0,1.2048,13.5135
2025-08-27,Soybean Oil,0.0,0.0,1.2048,13.5135
2025-08-28,Soybean Oil,0.0,0.0,1.2048,13.5135
2025-08-29,Soybean Oil,0.5952,0.5952,1.8072,14.1892
2025-08-30,Soybean Oil,0.0,0.5952,1.8072,14.1892
2025-08-31,Soybean Oil,0.0,0.5952,1.8072,14.1892
2025-09-01,Soybean Oil,0.0,0.5952,1.8072,14.1892
2025-09-02,Soybean Oil,0.0,0.5952,1.8072,14.1892
2025-09-03,Soybean Oil,0.0,0.5952,1.8072,14.1892
2025-09-04,Soybean Oil,0.5917,1.1905,2.1021,11.1111
2025-09-05,Soybean Oil,0.5882,1.1834,2.3952,11.7647
2025-09-06,Soybean Oil,0.0,1.1834,2.3952,11.7647
2025-09-07,Soybean Oil,-0.0,1.1834,2.3952,11.7647
2025-09-08,Soybean Oil,0.0,1.1834,2.3952,11.7647
2025-09-09,Soybean Oil,0.0,1.1834,2.3952,11.7647
2025-09-10,Soybean Oil,0.0,1.1834,2.3952,11.7647
2025-09-11,Soybean Oil,0.0,0.5882,2.3952,11.7647
2025-09-12,Soybean Oil,0.0,-0.0,2.3952,11.7647
2025-09-13,Soybean Oil,0.0,-0.0,2.3952,11.7647
2025-09-14,Soybean Oil,0.2924,0.2924,2.6946,12.0915
2025-09-15,Soybean Oil,0.2915,0.5848,2.6866,13.9073
2025-09-16,Soybean Oil,0.0,0.5848,2.381,14.2857
2025-09-17,Soybean Oil,0.0,0.5848,2.381,14.6667
2025-09-18,Soybean Oil,0.0,0.5848,2.381,14.6667
2025-09-19,Soybean Oil,0.0,0.5848,2.381,14.6667
2025-09-20,Soybean Oil,0.0,0.5848,2.381,14.6667
2025-09-21,Soybean Oil,0.0,0.2915,2.381,14.6667
2025-09-22,Soybean Oil,0.0,0.0,2.381,15.4362
2025-09-23,Soybean Oil,0.5814,0.5814,2.9762,16.1074
2025-09-24,Soybean Oil,0.0,0.5814,2.9762,16.1074
2025-09-25,Soybean Oil,0.0,0.5814,2.9762,16.1074
2025-09-26,Soybean Oil,0.0,0.5814,2.9762,13.0719
2025-09-27,Soybean Oil,0.0,0.5814,2.9762,13.0719
2025-09-28,Soybean Oil,0.0,0.5814,2.3669,13.0719
2025-09-29,Soybean Oil,0.578,1.1628,2.9586,13.7255
2025-09-30,Soybean Oil,0.0,0.578,2.9586,13.7255
2025-10-01,Soybean Oil,0.1916,0.7707,3.1558,13.9434
2025-10-02,Soybean Oil,0.1912,0.9634,3.3531,14.1612
2025-10-03,Soybean Oil,0.1908,1.1561,3.5503,14.3791
2025-10-04,Soybean Oil,0.0,1.1561,2.9412,14.3791
2025-10-05,Soybean Oil,0.0,1.1561,2.3392,14.3791
2025-10-06,Soybean Oil,0.0,0.5747,2.3392,14.3791
2025-10-07,Soybean Oil,0.0,0.5747,2.3392,14.3791
2025-10-08,Soybean Oil,0.0,0.3824,2.3392,14.3791
2025-10-09,Soybean Oil,0.0,0.1908,2.3392,14.3791
2025-10-10,Soybean Oil,0.0,0.0,2.3392,14.0065
2025-10-11,Soybean Oil,0.0,0.0,2.3392,13.6364
2025-10-12,Soybean Oil,0.0,0.0,2.3392,13.6364
2025-10-13,Soybean Oil,0.0,0.0,2.3392,13.6364
2025-10-14,Soybean Oil,0.0,0.0,2.0408,13.6364
2025-10-15,Soybean Oil,0.0,0.0,1.7442,13.6364
2025-10-16,Soybean Oil,0.0,0.0,1.7442,13.6364
2025-10-17,Soybean Oil,0.0,0.0,1.7442,13.6364
2025-10-18,Soybean Oil,0.0,0.0,1.7442,13.6364
2025-10-19,Soybean Oil,0.0,0.0,1.7442,13.6364
2025-10-20,Soybean Oil,0.0,0.0,1.7442,13.6364
2025-10-21,Soybean Oil,0.0,0.0,1.7442,13.6364
2025-10-22,Soybean Oil,0.0,0.0,1.7442,13.6364
2025-10-23,Soybean Oil,0.0,0.0,1.1561,13.6364
2025-10-24,Soybean Oil,0.0,0.0,1.1561,11.465
2025-10-25,Soybean Oil,0.0,0.0,1.1561,11.465
2025-10-26,Soybean Oil,0.0,0.0,1.1561,11.465
2025-10-27,Soybean Oil,0.0,0.0,1.1561,11.465
2025-10-28,Soybean Oil,0.0,0.0,1.1561,11.465
2025-10-29,Soybean Oil,-0.0,-0.0,0.5747,10.7595
2025-10-30,Soybean Oil,0.0,-0.0,0.5747,10.7595
2025-10-31,Soybean Oil,0.0,-0.0,0.3824,10.0629
2025-11-01,Soybean Oil,0.0,-0.0,0.1908,10.0629
2025-11-02,Soybean Oil,0.0,-0.0,0.0,10.0629
2025-11-03,Soybean Oil,0.0,-0.0,0.0,10.0629
2025-11-04,Soybean Oil,0.0,-0.0,0.0,10.0629
2025-11-05,Soybean Oil,0.0,0.0,0.0,8.0247
2025-11-06,Soybean Oil,0.0,0.0,0.0,6.7073
2025-11-07,Soybean Oil,0.0,0.0,0.0,6.7073
2025-11-08,Soybean Oil,0.0,0.0,0.0,6.7073
2025-11-09,Soybean Oil,0.0,0.0,0.0,6.7073
2025-11-10,Soybean Oil,0.0,0.0,0.0,6.0606
2025-11-11,Soybean Oil,0.0,0.0,0.0,6.0606
2025-11-12,Soybean Oil,0.0,0.0,0.0,5.4217
2025-11-13,Soybean Oil,0.0,0.0,-0.0,5.4217
2025-11-14,Soybean Oil,0.0,0.0,-0.0,5.4217
2025-11-15,Soybean Oil,0.0,0.0,-0.0,5.4217
2025-11-16,Soybean Oil,0.0,0.0,-0.0,5.4217
2025-11-17,Soybean Oil,0.0,0.0,-0.0,5.4217
2025-11-18,Soybean Oil,0.0,0.0,-0.0,5.4217
2025-11-19,Soybean Oil,0.0,0.0,-0.0,5.4217
2025-11-20,Soybean Oil,0.0,0.0,-0.0,5.4217
2025-11-21,Soybean Oil,0.0,0.0,-0.0,5.4217
2025-11-22,Soybean Oil,0.0,0.0,-0.0,5.4217
2025-11-23,Soybean Oil,0.0,0.0,-0.0,5.4217
2025-11-24,Soybean Oil,0.0,0.0,-0.0,5.4217
2025-11-25,Soybean Oil,0.0,0.0,-0.0,5.4217
2025-11-26,Soybean Oil,0.0,0.0,-0.0,5.4217
2025-11-27,Soybean Oil,0.0,0.0,-0.0,5.4217
2025-11-28,Soybean Oil,0.0,0.0,0.0,5.4217
2025-11-29,Soybean Oil,0.0,0.0,0.0,5.4217
2025-11-30,Soybean Oil,0.0,0.0,0.0,5.4217
2025-12-01,Soybean Oil,0.0,0.0,0.0,5.4217
2025-12-02,Soybean Oil,0.0,0.0,0.0,5.4217
2025-12-03,Soybean Oil,0.0,0.0,0.0,5.4217
2025-12-04,Soybean Oil,0.0,0.0,0.0,5.4217
2025-12-05,Soybean Oil,0.0,0.0,0.0,5.4217
2025-12-06,Soybean Oil,0.0,0.0,0.0,5.4217
2025-12-07,Soybean Oil,0.0,0.0,0.0,5.4217
2025-12-08,Soybean Oil,0.0,0.0,0.0,5.4217
2025-12-09,Soybean Oil,0.0,0.0,0.0,5.4217
2025-12-10,Soybean Oil,0.0,0.0,0.0,5.4217
2025-12-11,Soybean Oil,0.0,0.0,0.0,6.7073
2025-12-12,Soybean Oil,0.0,0.0,0.0,6.7073
2025-12-13,Soybean Oil,0.0,0.0,0.0,6.7073
2025-12-14,Soybean Oil,0.0,0.0,0.0,6.7073
2025-12-15,Soybean Oil,0.0,0.0,0.0,6.7073
2025-12-16,Soybean Oil,0.0,0.0,0.0,6.7073
2025-12-17,Soybean Oil,0.0,0.0,0.0,6.7073
2025-12-18,Soybean Oil,0.0,0.0,0.0,6.7073
2025-12-19,Soybean Oil,0.0,0.0,0.0,6.7073
2025-12-20,Soybean Oil,1.1429,1.1429,1.1429,7.9268
2025-12-21,Soybean Oil,0.565,1.7143,1.7143,8.5366
2025-12-22,Soybean Oil,0.0,1.7143,1.7143,8.5366
2025-12-23,Soybean Oil,0.0,1.7143,1.7143,8.5366
2025-12-24,Soybean Oil,0.0,1.7143,1.7143,8.5366
2025-12-25,Soybean Oil,0.0,1.7143,1.7143,8.5366
2025-12-26,Soybean Oil,0.0,1.7143,1.7143,8.5366
2025-12-27,Soybean Oil,0.0,0.565,1.7143,8.5366
2025-12-28,Soybean Oil,0.0,0.0,1.7143,8.5366
2025-12-29,Soybean Oil,0.0,0.0,1.7143,8.5366
2025-12-30,Soybean Oil,0.0,0.0,1.7143,8.5366
2025-12-31,Soybean Oil,0.0,0.0,1.7143,8.5366
2026-01-01,Soybean Oil,0.0,0.0,1.7143,8.5366
2026-01-02,Soybean Oil,0.0,0.0,1.7143,8.5366
2026-01-03,Soybean Oil,0.0,0.0,1.7143,8.5366
2026-01-04,Soybean Oil,0.0,0.0,1.7143,8.5366
2026-01-05,Soybean Oil,0.0,0.0,1.7143,8.5366
2026-01-06,Soybean Oil,0.0,0.0,1.7143,8.5366
2026-01-07,Soybean Oil,0.0,0.0,1.7143,8.5366
2026-01-08,Soybean Oil,0.5618,0.5618,2.2857,9.1463
2026-01-09,Soybean Oil,0.0,0.5618,2.2857,9.1463
2026-01-10,Soybean Oil,0.0,0.5618,2.2857,9.1463
2026-01-11,Soybean Oil,0.0,0.5618,2.2857,9.1463
2026-01-12,Soybean Oil,0.0,0.5618,2.2857,9.1463
2026-01-13,Soybean Oil,0.0,0.5618,2.2857,9.1463
2026-01-14,Soybean Oil,0.5587,1.1236,2.8571,9.0909
2026-01-15,Soybean Oil,0.0,0.5587,2.8571,9.0909
2026-01-16,Soybean Oil,0.0,0.5587,2.8571,7.1429
2026-01-17,Soybean Oil,0.0,0.5587,2.8571,7.7844
2026-01-18,Soybean Oil,0.0,0.5587,2.8571,7.7844
2026-01-19,Soybean Oil,0.0,0.5587,1.6949,7.7844
2026-01-20,Soybean Oil,0.0,0.5587,1.1236,7.7844
2026-01-21,Soybean Oil,0.0,0.0,1.1236,5.2632
2026-01-22,Soybean Oil,0.0,0.0,1.1236,5.2632
2026-01-23,Soybean Oil,0.0,0.0,1.1236,5.2632
2026-01-24,Soybean Oil,0.0,0.0,1.1236,5.2632
2026-01-25,Soybean Oil,0.0,0.0,1.1236,5.2632
2026-01-26,Soybean Oil,0.0,0.0,1.1236,5.2632
2026-01-27,Soybean Oil,0.0,0.0,1.1236,5.2632
2026-01-28,Soybean Oil,0.0,0.0,1.1236,5.2632
2026-01-29,Soybean Oil,0.0,0.0,1.1236,9.0909
2026-01-30,Soybean Oil,0.0,0.0,1.1236,9.0909
2026-01-31,Soybean Oil,0.0,0.0,1.1236,9.0909
2026-02-01,Soybean Oil,0.0,0.0,1.1236,8.4337
2026-02-02,Soybean Oil,0.0,0.0,1.1236,8.4337
2026-02-03,Soybean Oil,0.0,0.0,1.1236,8.4337
2026-02-04,Soybean Oil,0.0,0.0,1.1236,8.4337
2026-02-05,Soybean Oil,0.0,0.0,1.1236,8.4337
2026-02-06,Soybean Oil,0.0,0.0,1.1236,8.4337
2026-02-07,Soybean Oil,0.0,0.0,0.5587,8.4337
2026-02-08,Soybean Oil,0.0,0.0,0.5587,8.4337
2026-02-09,Soybean Oil,0.0,0.0,0.5587,8.4337
2026-02-10,Soybean Oil,0.0,0.0,0.5587,8.4337
2026-02-11,Soybean Oil,0.0,0.0,0.5587,8.4337
2026-02-12,Soybean Oil,0.0,0.0,0.5587,8.4337
2026-02-13,Soybean Oil,0.0,0.0,0.0,8.4337
2026-02-14,Soybean Oil,0.0,0.0,0.0,8.4337
2026-02-15,Soybean Oil,0.0,0.0,0.0,8.4337
2026-02-16,Soybean Oil,0.0,0.0,0.0,8.4337
2026-02-17,Soybean Oil,0.0,0.0,0.0,8.4337
2026-02-18,Soybean Oil,0.0,0.0,0.0,8.4337
2026-02-19,Soybean Oil,0.0,0.0,0.0,8.4337
2026-02-20,Soybean Oil,0.0,0.0,0.0,8.4337
2026-02-21,Soybean Oil,0.0,0.0,0.0,8.4337
2026-02-22,Soybean Oil,0.0,0.0,0.0,8.4337
2026-02-23,Soybean Oil,0.0,0.0,0.0,8.4337
2026-02-24,Soybean Oil,0.0,0.0,0.0,8.4337
2026-02-25,Soybean Oil,0.0,0.0,0.0,8.4337
2026-02-26,Soybean Oil,0.0,0.0,0.0,8.4337
2026-02-27,Soybean Oil,0.0,0.0,0.0,8.4337
2026-02-28,Soybean Oil,0.0,0.0,0.0,8.4337
2026-03-01,Soybean Oil,0.0,0.0,0.0,12.5
2026-03-02,Soybean Oil,0.0,0.0,0.0,12.5
2026-03-03,Soybean Oil,0.0,0.0,0.0,12.5
2026-03-04,Soybean Oil,0.0,0.0,0.0,12.5
2026-03-05,Soybean Oil,0.0,0.0,0.0,12.5
2026-03-06,Soybean Oil,0.0,0.0,0.0,12.5
2026-03-07,Soybean Oil,0.0,0.0,0.0,12.5
2026-03-08,Soybean Oil,0.0,0.0,0.0,12.5
2026-03-09,Soybean Oil,0.0,0.0,0.0,-1.0989
2026-03-10,Soybean Oil,2.7778,2.7778,2.7778,4.5198
2026-03-11,Soybean Oil,2.1622,5.0,5.0,6.7797
2026-03-12,Soybean Oil,0.0,5.0,5.0,6.7797
2026-03-13,Soybean Oil,0.0,5.0,5.0,15.2439
2026-03-14,Soybean Oil,0.0,5.0,5.0,15.2439
2026-03-15,Soybean Oil,0.0,5.0,5.0,15.2439
2026-03-16,Soybean Oil,0.0,5.0,5.0,15.2439
2026-03-17,Soybean Oil,0.0,2.1622,5.0,16.6667
2026-03-18,Soybean Oil,0.0,0.0,5.0,16.6667
2026-03-19,Soybean Oil,0.0,0.0,5.0,16.6667
2026-03-20,Soybean Oil,0.0,0.0,5.0,16.6667
2026-03-21,Soybean Oil,0.0,0.0,5.0,17.3913
2026-03-22,Soybean Oil,0.0,0.0,5.0,17.3913
2026-03-23,Soybean Oil,0.0,0.0,5.0,17.3913
2026-03-24,Soybean Oil,0.0,0.0,5.0,17.3913
2026-03-25,Soybean Oil,0.0,0.0,5.0,17.3913
2026-03-26,Soybean Oil,0.0,0.0,5.0,17.3913
2026-03-27,Soybean Oil,0.0,0.0,5.0,17.3913
2026-03-28,Soybean Oil,0.0,0.0,5.0,17.3913
2026-03-29,Soybean Oil,0.0,0.0,5.0,17.3913
2026-03-30,Soybean Oil,0.0,0.0,5.0,17.3913
2026-03-31,Soybean Oil,0.0,0.0,5.0,17.3913
2026-04-01,Soybean Oil,0.0,0.0,5.0,17.3913
2026-04-02,Soybean Oil,0.0,0.0,5.0,17.3913
2026-04-03,Soybean Oil,0.0,0.0,5.0,17.3913
2026-04-04,Soybean Oil,0.0,0.0,5.0,17.3913
2026-04-05,Soybean Oil,0.5291,0.5291,5.5556,18.0124
2026-04-06,Soybean Oil,0.0,0.5291,5.5556,18.0124
2026-04-07,Soybean Oil,0.0,0.5291,5.5556,18.0124
2026-04-08,Soybean Oil,0.0,0.5291,5.5556,18.0124
2026-04-09,Soybean Oil,0.0,0.5291,2.7027,17.2839
2026-04-10,Soybean Oil,0.0,0.5291,0.5291,16.5644
2026-04-11,Soybean Oil,0.0,0.5291,0.5291,16.5644
2026-04-12,Soybean Oil,-1.0526,-1.0526,-0.5291,15.3374
2026-04-13,Soybean Oil,0.0,-1.0526,-0.5291,16.7702
2026-04-14,Soybean Oil,-0.5319,-1.5789,-1.0582,14.3731
2026-04-15,Soybean Oil,0.5348,-1.0526,-0.5291,13.253
2026-04-16,Soybean Oil,0.0,-1.0526,-0.5291,13.253
2026-04-17,Soybean Oil,0.0,-1.0526,-0.5291,13.253
2026-04-18,Soybean Oil,-0.5319,-1.5789,-1.0582,13.3333
2026-04-19,Soybean Oil,0.0,-0.5319,-1.0582,13.3333
2026-04-20,Soybean Oil,0.0,-0.5319,-1.0582,14.7239
2026-04-21,Soybean Oil,0.0,0.0,-1.0582,12.6506
2026-04-22,Soybean Oil,1.6043,1.0638,0.5291,13.0952
2026-04-23,Soybean Oil,0.0,1.0638,0.5291,13.0952
2026-04-24,Soybean Oil,0.0,1.0638,0.5291,13.0952
2026-04-25,Soybean Oil,-2.1053,-0.5348,-1.5873,10.7143
2026-04-26,Soybean Oil,0.0,-0.5348,-1.5873,10.7143
2026-04-27,Soybean Oil,0.0,-0.5348,-1.5873,12.7273
2026-04-28,Soybean Oil,0.5376,0.0,-1.0582,11.3095
2026-04-29,Soybean Oil,0.0,-1.5789,-1.0582,11.3095
2026-04-30,Soybean Oil,0.0,-1.5789,-1.0582,10.6509
2026-05-01,Soybean Oil,0.0,-1.5789,-1.0582,11.3095
2026-05-02,Soybean Oil,0.0,0.5376,-1.0582,11.976
2026-05-03,Soybean Oil,0.0,0.5376,-1.0582,11.976
2026-05-04,Soybean Oil,1.6043,2.1505,0.5291,14.4578
2026-05-05,Soybean Oil,0.0,1.6043,0.0,14.4578
2026-05-06,Soybean Oil,0.0,1.6043,0.0,14.4578
2026-05-07,Soybean Oil,0.0,1.6043,0.0,13.0952
2026-05-08,Soybean Oil,0.0,1.6043,0.0,13.0952
2026-05-09,Soybean Oil,0.0,1.6043,0.0,13.0952
2026-05-10,Soybean Oil,0.0,1.6043,0.0,13.0952
2026-05-11,Soybean Oil,-0.0,0.0,0.0,14.1141
2026-05-12,Soybean Oil,0.0,0.0,1.0638,15.1515
2026-05-13,Soybean Oil,0.0,0.0,1.0638,15.8537
2026-05-14,Soybean Oil,0.0,0.0,1.6043,15.8537
2026-05-15,Soybean Oil,0.0,0.0,1.0638,15.8537
2026-05-16,Soybean Oil,0.0,0.0,1.0638,15.8537
2026-05-17,Soybean Oil,0.0,-0.0,1.0638,15.8537
2026-05-18,Soybean Oil,0.0,0.0,1.6043,15.8537
2026-05-19,Soybean Oil,0.0,0.0,1.6043,15.8537
2026-05-20,Soybean Oil,0.0,0.0,1.6043,15.8537
2026-05-21,Soybean Oil,0.0,0.0,1.6043,15.8537
2026-05-22,Soybean Oil,0.0,0.0,0.0,15.1515
2026-05-23,Soybean Oil,0.0,0.0,0.0,15.8537
2026-05-24,Soybean Oil,0.0,0.0,0.0,15.1515
2026-05-25,Soybean Oil,0.0,0.0,2.1505,15.1515
2026-05-26,Soybean Oil,0.0,0.0,2.1505,15.8537
2026-05-27,Soybean Oil,0.0,0.0,2.1505,15.1515
2026-05-28,Soybean Oil,0.0,0.0,1.6043,15.1515
2026-05-29,Soybean Oil,0.0,0.0,1.6043,15.1515
2026-05-30,Soybean Oil,0.0,0.0,1.6043,15.8537
2026-05-31,Soybean Oil,0.0,0.0,1.6043,15.8537
2026-06-01,Soybean Oil,0.0,0.0,1.6043,15.1515
2026-06-02,Soybean Oil,0.0,0.0,1.6043,15.1515
2026-06-03,Soybean Oil,0.0,0.0,0.0,15.1515
2026-06-04,Soybean Oil,0.0,0.0,0.0,15.1515
2026-06-05,Soybean Oil,0.0,0.0,0.0,15.4625
2026-06-06,Soybean Oil,0.0,0.0,0.0,15.7752
2026-06-07,Soybean Oil,0.0,0.0,0.0,16.0896
2026-06-08,Soybean Oil,0.0,0.0,0.0,16.4057
2026-06-09,Soybean Oil,0.0,0.0,-0.0,16.7235
2026-06-10,Soybean Oil,0.0,0.0,0.0,17.0431
2026-06-11,Soybean Oil,0.0,0.0,0.0,17.3644
2026-06-12,Soybean Oil,0.0,0.0,0.0,17.6875
2026-06-13,Soybean Oil,0.0,0.0,0.0,18.0124
2026-06-14,Soybean Oil,0.0,0.0,0.0,18.0124
2026-06-15,Soybean Oil,0.0,0.0,0.0,18.75
2026-06-16,Soybean Oil,0.0,0.0,0.0,18.0124
2026-06-17,Soybean Oil,0.0,0.0,0.0,17.284
2026-06-18,Soybean Oil,0.0,0.0,0.0,17.284
2026-06-19,Soybean Oil,0.0,0.0,0.0,17.284
2026-06-20,Soybean Oil,0.0,0.0,0.0,17.284
2026-06-21,Soybean Oil,0.0,0.0,0.0,17.284
2026-06-22,Soybean Oil,-0.0,-0.0,-0.0,16.5644
2026-06-23,Soybean Oil,0.0,-0.0,-0.0,16.5644
2026-06-24,Soybean Oil,0.0,-0.0,-0.0,16.5644
2026-06-25,Soybean Oil,0.0,0.0,0.0,16.5644
2026-06-26,Soybean Oil,0.0,0.0,0.0,15.1515
2026-06-27,Soybean Oil,0.0,0.0,0.0,15.1515
2026-06-28,Soybean Oil,0.0,0.0,0.0,15.1515
2026-06-29,Soybean Oil,0.0,0.0,0.0,15.1515
2026-06-30,Soybean Oil,0.0,0.0,0.0,15.1515
2026-07-01,Soybean Oil,-0.0,0.0,-0.0,15.1515
2026-07-02,Soybean Oil,0.0,-0.0,-0.0,15.1515
2026-07-03,Soybean Oil,0.0,-0.0,-0.0,15.1515
2026-07-04,Soybean Oil,0.0,-0.0,-0.0,15.1515
2026-07-05,Soybean Oil,0.0,0.0,0.0,15.1515
2026-07-06,Soybean Oil,0.0,0.0,0.0,15.1515
2026-07-07,Soybean Oil,0.0,0.0,0.0,15.1515
2026-07-08,Soybean Oil,0.5263,0.5263,0.5263,15.7576
2026-07-09,Soybean Oil,0.0,0.5263,0.5263,15.7576
2026-07-10,Soybean Oil,0.0,0.5263,0.5263,15.7576
2026-07-11,Soybean Oil,0.0,0.5263,0.5263,15.7576
2026-07-12,Soybean Oil,0.0,0.5263,0.5263,15.7576
2026-07-13,Soybean Oil,0.0,0.5263,0.5263,15.7576
2026-07-14,Soybean Oil,0.0,0.5263,0.5263,15.7576
2026-07-15,Soybean Oil,0.0,0.0,0.5263,15.7576
2026-07-16,Soybean Oil,0.0,0.0,0.5263,15.7576
2026-07-17,Soybean Oil,-0.0,-0.0,0.5263,15.7576
2026-07-18,Soybean Oil,0.0,-0.0,0.5263,15.4079
2026-07-19,Soybean Oil,0.0,-0.0,0.5263,15.0602
2026-07-20,Soybean Oil,0.0,0.0,0.5263,15.0602
2026-07-21,Soybean Oil,0.0,0.0,0.5263,15.0602
2026-07-22,Soybean Oil,0.0,0.0,0.5263,15.0602
2026-07-23,Soybean Oil,0.0,0.0,0.5263,15.0602
2026-07-24,Soybean Oil,0.0,0.0,0.5263,15.0602
2026-07-25,Soybean Oil,0.0,0.0,0.5263,15.0602
2026-07-26,Soybean Oil,0.0,0.0,0.5263,15.0602
2026-07-27,Soybean Oil,0.0,0.0,0.5263,15.0602
2026-07-28,Soybean Oil,0.0,0.0,0.5263,15.0602
2026-07-29,Soybean Oil,0.0,0.0,0.5263,15.0602
2026-07-30,Soybean Oil,0.0,0.0,0.5263,15.0602
2026-07-31,Soybean Oil,0.0,0.0,0.5263,15.0602
