date,commodity,model,actual,predicted
2026-01-02,Onion,SARIMA,67.0,65.8
2026-01-03,Onion,SARIMA,67.0,68.0703
2026-01-04,Onion,SARIMA,67.0,66.7096
2026-01-05,Onion,SARIMA,67.0,67.1637
2026-01-06,Onion,SARIMA,67.0,66.2906
2026-01-07,Onion,SARIMA,67.0,66.3969
2026-01-08,Onion,SARIMA,67.0,66.3035
2026-01-09,Onion,SARIMA,65.0,67.0821
2026-01-10,Onion,SARIMA,65.0,64.5478
2026-01-11,Onion,SARIMA,65.0,65.2595
2026-01-12,Onion,SARIMA,65.0,64.9115
2026-01-13,Onion,SARIMA,65.0,65.0813
2026-01-14,Onion,SARIMA,60.0,65.0263
2026-01-15,Onion,SARIMA,60.0,59.0991
2026-01-16,Onion,SARIMA,60.0,60.4615
2026-01-17,Onion,SARIMA,60.0,59.8366
2026-01-18,Onion,SARIMA,55.0,60.0698
2026-01-19,Onion,SARIMA,55.0,54.0212
2026-01-20,Onion,SARIMA,60.0,55.6079
2026-01-21,Onion,SARIMA,59.8925,60.4241
2026-01-22,Onion,SARIMA,59.8925,59.4205
2026-01-23,Onion,SARIMA,55.0,60.0354
2026-01-24,Onion,SARIMA,55.0,54.0018
2026-01-25,Onion,SARIMA,55.0,55.2846
2026-01-26,Onion,SARIMA,55.0,54.8623
2026-01-27,Onion,SARIMA,55.0,55.3772
2026-01-28,Onion,SARIMA,55.0,54.9312
2026-01-29,Onion,SARIMA,59.8925,55.0449
2026-01-30,Onion,SARIMA,59.8925,60.4892
2026-01-31,Onion,SARIMA,55.0,59.3732
2026-02-01,Onion,SARIMA,55.0,54.2388
2026-02-02,Onion,SARIMA,55.0,55.511
2026-02-03,Onion,SARIMA,52.0,54.8176
2026-02-04,Onion,SARIMA,52.0,51.5054
2026-02-05,Onion,SARIMA,52.0,52.6499
2026-02-06,Onion,SARIMA,52.0,51.8558
2026-02-07,Onion,SARIMA,52.0,51.7619
2026-02-08,Onion,SARIMA,52.0,52.0319
2026-02-09,Onion,SARIMA,55.0,51.974
2026-02-10,Onion,SARIMA,55.0,55.384
2026-02-11,Onion,SARIMA,53.3333,54.6737
2026-02-12,Onion,SARIMA,51.6667,53.0894
2026-02-13,Onion,SARIMA,50.0,51.5066
2026-02-14,Onion,SARIMA,50.0,49.8532
2026-02-15,Onion,SARIMA,55.0,50.1542
2026-02-16,Onion,SARIMA,55.0,56.1064
2026-02-17,Onion,SARIMA,55.0,54.3965
2026-02-18,Onion,SARIMA,57.0,55.0985
2026-02-19,Onion,SARIMA,57.0,57.2039
2026-02-20,Onion,SARIMA,55.0,56.6931
2026-02-21,Onion,SARIMA,50.0,54.6934
2026-02-22,Onion,SARIMA,50.0,49.5751
2026-02-23,Onion,SARIMA,50.0,50.4609
2026-02-24,Onion,SARIMA,50.0,49.8759
2026-02-25,Onion,SARIMA,50.0,50.2001
2026-02-26,Onion,SARIMA,50.0,49.9585
2026-02-27,Onion,SARIMA,50.0,49.901
2026-02-28,Onion,SARIMA,47.0,49.6885
2026-03-01,Onion,SARIMA,50.0,46.4585
2026-03-02,Onion,SARIMA,50.0,50.9001
2026-03-03,Onion,SARIMA,50.0,49.5323
2026-03-04,Onion,SARIMA,45.0,50.1554
2026-03-05,Onion,SARIMA,45.0,43.9789
2026-03-06,Onion,SARIMA,45.0,45.634
2026-03-07,Onion,SARIMA,45.0,44.619
2026-03-08,Onion,SARIMA,42.0,45.3232
2026-03-09,Onion,SARIMA,42.0,41.3354
2026-03-10,Onion,SARIMA,42.0,42.4047
2026-03-11,Onion,SARIMA,42.0,41.541
2026-03-12,Onion,SARIMA,40.0,42.1213
2026-03-13,Onion,SARIMA,40.0,39.5572
2026-03-14,Onion,SARIMA,40.0,40.2733
2026-03-15,Onion,SARIMA,40.0,39.7018
2026-03-16,Onion,SARIMA,40.0,40.0796
2026-03-17,Onion,SARIMA,39.625,39.9599
2026-03-18,Onion,SARIMA,39.25,39.5893
2026-03-19,Onion,SARIMA,38.875,39.0827
2026-03-20,Onion,SARIMA,38.5,38.8639
2026-03-21,Onion,SARIMA,38.125,38.4474
2026-03-22,Onion,SARIMA,37.75,38.1078
2026-03-23,Onion,SARIMA,37.375,37.7089
2026-03-24,Onion,SARIMA,37.0,37.3169
2026-03-25,Onion,SARIMA,37.0,36.9417
2026-03-26,Onion,SARIMA,37.0,37.0217
2026-03-27,Onion,SARIMA,37.0,36.9665
2026-03-28,Onion,SARIMA,37.0,36.9837
2026-03-29,Onion,SARIMA,37.0,36.9749
2026-03-30,Onion,SARIMA,37.0,36.9789
2026-03-31,Onion,SARIMA,37.0,36.979
2026-04-01,Onion,SARIMA,37.0,37.0039
2026-04-02,Onion,SARIMA,37.0,36.9985
2026-04-03,Onion,SARIMA,37.0,37.0022
2026-04-04,Onion,SARIMA,37.0,37.0011
2026-04-05,Onion,SARIMA,37.0,37.0016
2026-04-06,Onion,SARIMA,37.0,37.0014
2026-04-07,Onion,SARIMA,37.0,37.0014
2026-04-08,Onion,SARIMA,37.0,36.9997
2026-04-09,Onion,SARIMA,37.0,37.0001
2026-04-10,Onion,SARIMA,37.0,36.9999
2026-04-11,Onion,SARIMA,35.0,36.9999
2026-04-12,Onion,SARIMA,35.0,34.6191
2026-04-13,Onion,SARIMA,37.0,35.2398
2026-04-14,Onion,SARIMA,40.0,37.3031
2026-04-15,Onion,SARIMA,40.0,40.3661
2026-04-16,Onion,SARIMA,37.0,39.7046
2026-04-17,Onion,SARIMA,45.0,36.5158
2026-04-18,Onion,SARIMA,45.0,46.7109
2026-04-19,Onion,SARIMA,42.0,43.9641
2026-04-20,Onion,SARIMA,42.0,41.9001
2026-04-21,Onion,SARIMA,40.0,42.3796
2026-04-22,Onion,SARIMA,40.0,39.5386
2026-04-23,Onion,SARIMA,40.0,40.0909
2026-04-24,Onion,SARIMA,37.0,40.4672
2026-04-25,Onion,SARIMA,37.0,36.3561
2026-04-26,Onion,SARIMA,37.0,37.2166
2026-04-27,Onion,SARIMA,37.0,36.8963
2026-04-28,Onion,SARIMA,37.0,36.8943
2026-04-29,Onion,SARIMA,37.0,37.0115
2026-04-30,Onion,SARIMA,37.0,37.0018
2026-05-01,Onion,SARIMA,37.0,36.7702
2026-05-02,Onion,SARIMA,37.0,37.0433
2026-05-03,Onion,SARIMA,37.0,36.9853
2026-05-04,Onion,SARIMA,37.0,37.007
2026-05-05,Onion,SARIMA,37.0,37.0068
2026-05-06,Onion,SARIMA,37.0,36.9993
2026-05-07,Onion,SARIMA,37.0,36.9999
2026-05-08,Onion,SARIMA,37.0,37.015
2026-05-09,Onion,SARIMA,37.0,36.9972
2026-05-10,Onion,SARIMA,37.0,37.001
2026-05-11,Onion,SARIMA,37.0,36.9995
2026-05-12,Onion,SARIMA,37.0,36.9996
2026-05-13,Onion,SARIMA,37.0,37.0
2026-05-14,Onion,SARIMA,40.0,37.0
2026-05-15,Onion,SARIMA,45.0,40.5702
2026-05-16,Onion,SARIMA,45.0,45.5923
2026-05-17,Onion,SARIMA,45.0,44.5165
2026-05-18,Onion,SARIMA,45.0,45.1416
2026-05-19,Onion,SARIMA,45.0,44.9326
2026-05-20,Onion,SARIMA,45.0,45.0247
2026-05-21,Onion,SARIMA,45.0,45.1858
2026-05-22,Onion,SARIMA,45.0,45.2937
2026-05-23,Onion,SARIMA,45.0,44.9596
2026-05-24,Onion,SARIMA,45.0,45.0323
2026-05-25,Onion,SARIMA,45.0,44.9905
2026-05-26,Onion,SARIMA,45.0,45.0045
2026-05-27,Onion,SARIMA,45.0,44.9983
2026-05-28,Onion,SARIMA,45.0,44.9879
2026-05-29,Onion,SARIMA,45.0,44.9808
2026-05-30,Onion,SARIMA,45.0,45.0026
2026-05-31,Onion,SARIMA,45.0,44.9979
2026-06-01,Onion,SARIMA,45.0,45.0006
2026-06-02,Onion,SARIMA,45.0,44.9997
2026-06-03,Onion,SARIMA,45.0,45.0001
2026-06-04,Onion,SARIMA,42.0,45.0008
2026-06-05,Onion,SARIMA,42.0,41.4301
2026-06-06,Onion,SARIMA,42.0,42.3597
2026-06-07,Onion,SARIMA,42.0,41.8838
2026-06-08,Onion,SARIMA,42.0,42.0522
2026-06-09,Onion,SARIMA,42.0,41.9803
2026-06-10,Onion,SARIMA,42.0,42.0081
2026-06-11,Onion,SARIMA,40.0,41.8006
2026-06-12,Onion,SARIMA,40.0,39.6578
2026-06-13,Onion,SARIMA,40.0,40.2159
2026-06-14,Onion,SARIMA,40.0,39.9303
2026-06-15,Onion,SARIMA,40.0,40.0313
2026-06-16,Onion,SARIMA,40.0,39.9882
2026-06-17,Onion,SARIMA,40.0,40.0049
2026-06-18,Onion,SARIMA,40.0,39.8801
2026-06-19,Onion,SARIMA,40.0,40.0232
2026-06-20,Onion,SARIMA,40.0,39.9855
2026-06-21,Onion,SARIMA,40.0,40.0047
2026-06-22,Onion,SARIMA,42.0,39.9979
2026-06-23,Onion,SARIMA,42.0,42.3816
2026-06-24,Onion,SARIMA,42.0,41.7598
2026-06-25,Onion,SARIMA,42.0,42.0854
2026-06-26,Onion,SARIMA,42.0,41.9636
2026-06-27,Onion,SARIMA,42.0,42.0141
2026-06-28,Onion,SARIMA,42.0,41.9943
2026-06-29,Onion,SARIMA,40.0,42.133
2026-06-30,Onion,SARIMA,40.0,39.5934
2026-01-02,Onion,XGBoost,67.0,68.9258
2026-01-03,Onion,XGBoost,67.0,69.5313
2026-01-04,Onion,XGBoost,67.0,72.7154
2026-01-05,Onion,XGBoost,67.0,69.9123
2026-01-06,Onion,XGBoost,67.0,68.3727
2026-01-07,Onion,XGBoost,67.0,67.2385
2026-01-08,Onion,XGBoost,67.0,67.5001
2026-01-09,Onion,XGBoost,65.0,67.0127
2026-01-10,Onion,XGBoost,65.0,65.3602
2026-01-11,Onion,XGBoost,65.0,63.3698
2026-01-12,Onion,XGBoost,65.0,62.4406
2026-01-13,Onion,XGBoost,65.0,63.5892
2026-01-14,Onion,XGBoost,60.0,63.997
2026-01-15,Onion,XGBoost,60.0,60.2495
2026-01-16,Onion,XGBoost,60.0,60.1861
2026-01-17,Onion,XGBoost,60.0,59.3072
2026-01-18,Onion,XGBoost,55.0,59.0411
2026-01-19,Onion,XGBoost,55.0,55.4471
2026-01-20,Onion,XGBoost,60.0,56.4346
2026-01-21,Onion,XGBoost,59.8925,59.1893
2026-01-22,Onion,XGBoost,59.8925,58.7916
2026-01-23,Onion,XGBoost,55.0,58.9741
2026-01-24,Onion,XGBoost,55.0,54.9694
2026-01-25,Onion,XGBoost,55.0,55.34
2026-01-26,Onion,XGBoost,55.0,55.2069
2026-01-27,Onion,XGBoost,55.0,55.8976
2026-01-28,Onion,XGBoost,55.0,56.5374
2026-01-29,Onion,XGBoost,59.8925,54.9812
2026-01-30,Onion,XGBoost,59.8925,57.0019
2026-01-31,Onion,XGBoost,55.0,60.0121
2026-02-01,Onion,XGBoost,55.0,56.6647
2026-02-02,Onion,XGBoost,55.0,55.4707
2026-02-03,Onion,XGBoost,52.0,55.6503
2026-02-04,Onion,XGBoost,52.0,52.9862
2026-02-05,Onion,XGBoost,52.0,53.1353
2026-02-06,Onion,XGBoost,52.0,52.3344
2026-02-07,Onion,XGBoost,52.0,52.7336
2026-02-08,Onion,XGBoost,52.0,53.2523
2026-02-09,Onion,XGBoost,55.0,52.3254
2026-02-10,Onion,XGBoost,55.0,53.5777
2026-02-11,Onion,XGBoost,53.3333,54.6348
2026-02-12,Onion,XGBoost,51.6667,53.237
2026-02-13,Onion,XGBoost,50.0,51.7178
2026-02-14,Onion,XGBoost,50.0,50.2642
2026-02-15,Onion,XGBoost,55.0,50.257
2026-02-16,Onion,XGBoost,55.0,53.7642
2026-02-17,Onion,XGBoost,55.0,54.9354
2026-02-18,Onion,XGBoost,57.0,55.1457
2026-02-19,Onion,XGBoost,57.0,56.8377
2026-02-20,Onion,XGBoost,55.0,57.9458
2026-02-21,Onion,XGBoost,50.0,54.9681
2026-02-22,Onion,XGBoost,50.0,50.7624
2026-02-23,Onion,XGBoost,50.0,49.9396
2026-02-24,Onion,XGBoost,50.0,49.967
2026-02-25,Onion,XGBoost,50.0,50.0771
2026-02-26,Onion,XGBoost,50.0,50.0034
2026-02-27,Onion,XGBoost,50.0,50.1672
2026-02-28,Onion,XGBoost,47.0,50.046
2026-03-01,Onion,XGBoost,50.0,47.5912
2026-03-02,Onion,XGBoost,50.0,48.5968
2026-03-03,Onion,XGBoost,50.0,50.1003
2026-03-04,Onion,XGBoost,45.0,50.3028
2026-03-05,Onion,XGBoost,45.0,45.5098
2026-03-06,Onion,XGBoost,45.0,45.4058
2026-03-07,Onion,XGBoost,45.0,45.4897
2026-03-08,Onion,XGBoost,42.0,45.5883
2026-03-09,Onion,XGBoost,42.0,42.5581
2026-03-10,Onion,XGBoost,42.0,41.8521
2026-03-11,Onion,XGBoost,42.0,42.5162
2026-03-12,Onion,XGBoost,40.0,42.4826
2026-03-13,Onion,XGBoost,40.0,40.2363
2026-03-14,Onion,XGBoost,40.0,40.1094
2026-03-15,Onion,XGBoost,40.0,39.5511
2026-03-16,Onion,XGBoost,40.0,40.3211
2026-03-17,Onion,XGBoost,39.625,40.4369
2026-03-18,Onion,XGBoost,39.25,40.4061
2026-03-19,Onion,XGBoost,38.875,39.9051
2026-03-20,Onion,XGBoost,38.5,39.4729
2026-03-21,Onion,XGBoost,38.125,39.0309
2026-03-22,Onion,XGBoost,37.75,38.7644
2026-03-23,Onion,XGBoost,37.375,37.8212
2026-03-24,Onion,XGBoost,37.0,37.4201
2026-03-25,Onion,XGBoost,37.0,37.273
2026-03-26,Onion,XGBoost,37.0,37.2866
2026-03-27,Onion,XGBoost,37.0,37.8349
2026-03-28,Onion,XGBoost,37.0,37.2983
2026-03-29,Onion,XGBoost,37.0,37.7486
2026-03-30,Onion,XGBoost,37.0,36.5446
2026-03-31,Onion,XGBoost,37.0,36.8363
2026-04-01,Onion,XGBoost,37.0,37.4561
2026-04-02,Onion,XGBoost,37.0,37.3787
2026-04-03,Onion,XGBoost,37.0,37.2987
2026-04-04,Onion,XGBoost,37.0,36.6499
2026-04-05,Onion,XGBoost,37.0,37.3406
2026-04-06,Onion,XGBoost,37.0,37.2262
2026-04-07,Onion,XGBoost,37.0,37.5123
2026-04-08,Onion,XGBoost,37.0,37.6151
2026-04-09,Onion,XGBoost,37.0,37.5068
2026-04-10,Onion,XGBoost,37.0,37.1049
2026-04-11,Onion,XGBoost,35.0,37.1911
2026-04-12,Onion,XGBoost,35.0,36.1774
2026-04-13,Onion,XGBoost,37.0,35.5122
2026-04-14,Onion,XGBoost,40.0,37.3141
2026-04-15,Onion,XGBoost,40.0,40.72
2026-04-16,Onion,XGBoost,37.0,40.2903
2026-04-17,Onion,XGBoost,45.0,38.0215
2026-04-18,Onion,XGBoost,45.0,45.6937
2026-04-19,Onion,XGBoost,42.0,46.5617
2026-04-20,Onion,XGBoost,42.0,42.9781
2026-04-21,Onion,XGBoost,40.0,43.1079
2026-04-22,Onion,XGBoost,40.0,41.277
2026-04-23,Onion,XGBoost,40.0,41.1596
2026-04-24,Onion,XGBoost,37.0,40.5092
2026-04-25,Onion,XGBoost,37.0,37.6645
2026-04-26,Onion,XGBoost,37.0,38.2597
2026-04-27,Onion,XGBoost,37.0,37.9206
2026-04-28,Onion,XGBoost,37.0,37.9
2026-04-29,Onion,XGBoost,37.0,37.8671
2026-04-30,Onion,XGBoost,37.0,37.2735
2026-05-01,Onion,XGBoost,37.0,37.0209
2026-05-02,Onion,XGBoost,37.0,37.2651
2026-05-03,Onion,XGBoost,37.0,37.2144
2026-05-04,Onion,XGBoost,37.0,37.115
2026-05-05,Onion,XGBoost,37.0,37.0665
2026-05-06,Onion,XGBoost,37.0,37.2107
2026-05-07,Onion,XGBoost,37.0,37.2235
2026-05-08,Onion,XGBoost,37.0,36.8417
2026-05-09,Onion,XGBoost,37.0,36.4947
2026-05-10,Onion,XGBoost,37.0,36.555
2026-05-11,Onion,XGBoost,37.0,36.3247
2026-05-12,Onion,XGBoost,37.0,36.3014
2026-05-13,Onion,XGBoost,37.0,36.4915
2026-05-14,Onion,XGBoost,40.0,36.5855
2026-05-15,Onion,XGBoost,45.0,39.4516
2026-05-16,Onion,XGBoost,45.0,44.5782
2026-05-17,Onion,XGBoost,45.0,46.075
2026-05-18,Onion,XGBoost,45.0,45.4334
2026-05-19,Onion,XGBoost,45.0,45.5568
2026-05-20,Onion,XGBoost,45.0,46.1625
2026-05-21,Onion,XGBoost,45.0,45.5225
2026-05-22,Onion,XGBoost,45.0,45.473
2026-05-23,Onion,XGBoost,45.0,46.4149
2026-05-24,Onion,XGBoost,45.0,46.0941
2026-05-25,Onion,XGBoost,45.0,46.1337
2026-05-26,Onion,XGBoost,45.0,45.5686
2026-05-27,Onion,XGBoost,45.0,45.7673
2026-05-28,Onion,XGBoost,45.0,45.6912
2026-05-29,Onion,XGBoost,45.0,45.813
2026-05-30,Onion,XGBoost,45.0,45.2072
2026-05-31,Onion,XGBoost,45.0,45.7579
2026-06-01,Onion,XGBoost,45.0,44.8372
2026-06-02,Onion,XGBoost,45.0,44.9544
2026-06-03,Onion,XGBoost,45.0,45.2025
2026-06-04,Onion,XGBoost,42.0,44.8752
2026-06-05,Onion,XGBoost,42.0,42.3329
2026-06-06,Onion,XGBoost,42.0,42.5221
2026-06-07,Onion,XGBoost,42.0,42.6562
2026-06-08,Onion,XGBoost,42.0,42.0874
2026-06-09,Onion,XGBoost,42.0,42.1314
2026-06-10,Onion,XGBoost,42.0,41.793
2026-06-11,Onion,XGBoost,40.0,41.8446
2026-06-12,Onion,XGBoost,40.0,40.6348
2026-06-13,Onion,XGBoost,40.0,40.123
2026-06-14,Onion,XGBoost,40.0,40.0389
2026-06-15,Onion,XGBoost,40.0,39.8291
2026-06-16,Onion,XGBoost,40.0,40.019
2026-06-17,Onion,XGBoost,40.0,40.0494
2026-06-18,Onion,XGBoost,40.0,40.084
2026-06-19,Onion,XGBoost,40.0,39.9155
2026-06-20,Onion,XGBoost,40.0,39.9212
2026-06-21,Onion,XGBoost,40.0,39.7903
2026-06-22,Onion,XGBoost,42.0,39.5241
2026-06-23,Onion,XGBoost,42.0,41.6022
2026-06-24,Onion,XGBoost,42.0,42.0189
2026-06-25,Onion,XGBoost,42.0,41.9984
2026-06-26,Onion,XGBoost,42.0,41.8602
2026-06-27,Onion,XGBoost,42.0,42.7375
2026-06-28,Onion,XGBoost,42.0,43.0074
2026-06-29,Onion,XGBoost,40.0,41.2347
2026-06-30,Onion,XGBoost,40.0,39.9201
2026-01-02,Onion,LSTM,67.0,67.02050018310547
2026-01-03,Onion,LSTM,67.0,65.64720153808594
2026-01-04,Onion,LSTM,67.0,65.95760345458984
2026-01-05,Onion,LSTM,67.0,65.88780212402344
2026-01-06,Onion,LSTM,67.0,65.8218002319336
2026-01-07,Onion,LSTM,67.0,65.93489837646484
2026-01-08,Onion,LSTM,67.0,66.15869903564453
2026-01-09,Onion,LSTM,65.0,66.40370178222656
2026-01-10,Onion,LSTM,65.0,64.70469665527344
2026-01-11,Onion,LSTM,65.0,64.57649993896484
2026-01-12,Onion,LSTM,65.0,64.77339935302734
2026-01-13,Onion,LSTM,65.0,64.8761978149414
2026-01-14,Onion,LSTM,60.0,64.91390228271484
2026-01-15,Onion,LSTM,60.0,60.22850036621094
2026-01-16,Onion,LSTM,60.0,59.44490051269531
2026-01-17,Onion,LSTM,60.0,59.637001037597656
2026-01-18,Onion,LSTM,55.0,59.71480178833008
2026-01-19,Onion,LSTM,55.0,55.11800003051758
2026-01-20,Onion,LSTM,60.0,54.24700164794922
2026-01-21,Onion,LSTM,59.8925,59.03150177001953
2026-01-22,Onion,LSTM,59.8925,59.89870071411133
2026-01-23,Onion,LSTM,55.0,59.73149871826172
2026-01-24,Onion,LSTM,55.0,55.20840072631836
2026-01-25,Onion,LSTM,55.0,54.41859817504883
2026-01-26,Onion,LSTM,55.0,54.63589859008789
2026-01-27,Onion,LSTM,55.0,54.740699768066406
2026-01-28,Onion,LSTM,55.0,54.732200622558594
2026-01-29,Onion,LSTM,59.8925,54.72019958496094
2026-01-30,Onion,LSTM,59.8925,59.21480178833008
2026-01-31,Onion,LSTM,55.0,60.06669998168945
2026-02-01,Onion,LSTM,55.0,55.449100494384766
2026-02-02,Onion,LSTM,55.0,54.5452995300293
2026-02-03,Onion,LSTM,52.0,54.73759841918945
2026-02-04,Onion,LSTM,52.0,52.14310073852539
2026-02-05,Onion,LSTM,52.0,51.571800231933594
2026-02-06,Onion,LSTM,52.0,51.63560104370117
2026-02-07,Onion,LSTM,52.0,51.68389892578125
2026-02-08,Onion,LSTM,52.0,51.68920135498047
2026-02-09,Onion,LSTM,55.0,51.70069885253906
2026-02-10,Onion,LSTM,55.0,54.417301177978516
2026-02-11,Onion,LSTM,53.3333,54.99039840698242
2026-02-12,Onion,LSTM,51.6667,53.42380142211914
2026-02-13,Onion,LSTM,50.0,51.604801177978516
2026-02-14,Onion,LSTM,50.0,49.894901275634766
2026-02-15,Onion,LSTM,55.0,49.67610168457031
2026-02-16,Onion,LSTM,55.0,54.21969985961914
2026-02-17,Onion,LSTM,55.0,55.14759826660156
2026-02-18,Onion,LSTM,57.0,54.97439956665039
2026-02-19,Onion,LSTM,57.0,56.7036018371582
2026-02-20,Onion,LSTM,55.0,57.07680130004883
2026-02-21,Onion,LSTM,50.0,55.21849822998047
2026-02-22,Onion,LSTM,50.0,50.36920166015625
2026-02-23,Onion,LSTM,50.0,49.49020004272461
2026-02-24,Onion,LSTM,50.0,49.66339874267578
2026-02-25,Onion,LSTM,50.0,49.73529815673828
2026-02-26,Onion,LSTM,50.0,49.707801818847656
2026-02-27,Onion,LSTM,50.0,49.69179916381836
2026-02-28,Onion,LSTM,47.0,49.70830154418945
2026-03-01,Onion,LSTM,50.0,47.12630081176758
2026-03-02,Onion,LSTM,50.0,49.197601318359375
2026-03-03,Onion,LSTM,50.0,49.895301818847656
2026-03-04,Onion,LSTM,45.0,49.89350128173828
2026-03-05,Onion,LSTM,45.0,45.51839828491211
2026-03-06,Onion,LSTM,45.0,44.537200927734375
2026-03-07,Onion,LSTM,45.0,44.69609832763672
2026-03-08,Onion,LSTM,42.0,44.8213996887207
2026-03-09,Onion,LSTM,42.0,42.29290008544922
2026-03-10,Onion,LSTM,42.0,41.674400329589844
2026-03-11,Onion,LSTM,42.0,41.76850128173828
2026-03-12,Onion,LSTM,40.0,41.87049865722656
2026-03-13,Onion,LSTM,40.0,40.239898681640625
2026-03-14,Onion,LSTM,40.0,39.84349822998047
2026-03-15,Onion,LSTM,40.0,39.92169952392578
2026-03-16,Onion,LSTM,40.0,40.00400161743164
2026-03-17,Onion,LSTM,39.625,40.03969955444336
2026-03-18,Onion,LSTM,39.25,39.7505989074707
2026-03-19,Onion,LSTM,38.875,39.38209915161133
2026-03-20,Onion,LSTM,38.5,39.02149963378906
2026-03-21,Onion,LSTM,38.125,38.667198181152344
2026-03-22,Onion,LSTM,37.75,38.31740188598633
2026-03-23,Onion,LSTM,37.375,38.00230026245117
2026-03-24,Onion,LSTM,37.0,37.68600082397461
2026-03-25,Onion,LSTM,37.0,37.37009811401367
2026-03-26,Onion,LSTM,37.0,37.32659912109375
2026-03-27,Onion,LSTM,37.0,37.355098724365234
2026-03-28,Onion,LSTM,37.0,37.37590026855469
2026-03-29,Onion,LSTM,37.0,37.38759994506836
2026-03-30,Onion,LSTM,37.0,37.397499084472656
2026-03-31,Onion,LSTM,37.0,37.407100677490234
2026-04-01,Onion,LSTM,37.0,37.41550064086914
2026-04-02,Onion,LSTM,37.0,37.422000885009766
2026-04-03,Onion,LSTM,37.0,37.42649841308594
2026-04-04,Onion,LSTM,37.0,37.429500579833984
2026-04-05,Onion,LSTM,37.0,37.43119812011719
2026-04-06,Onion,LSTM,37.0,37.432098388671875
2026-04-07,Onion,LSTM,37.0,37.43239974975586
2026-04-08,Onion,LSTM,37.0,37.43239974975586
2026-04-09,Onion,LSTM,37.0,37.43230056762695
2026-04-10,Onion,LSTM,37.0,37.432098388671875
2026-04-11,Onion,LSTM,35.0,37.431800842285156
2026-04-12,Onion,LSTM,35.0,35.9911994934082
2026-04-13,Onion,LSTM,37.0,35.60689926147461
2026-04-14,Onion,LSTM,40.0,37.09170150756836
2026-04-15,Onion,LSTM,40.0,39.85100173950195
2026-04-16,Onion,LSTM,37.0,40.46480178833008
2026-04-17,Onion,LSTM,45.0,37.935699462890625
2026-04-18,Onion,LSTM,45.0,43.84379959106445
2026-04-19,Onion,LSTM,42.0,45.574798583984375
2026-04-20,Onion,LSTM,42.0,42.90679931640625
2026-04-21,Onion,LSTM,40.0,42.09560012817383
2026-04-22,Onion,LSTM,40.0,40.452598571777344
2026-04-23,Onion,LSTM,40.0,40.088401794433594
2026-04-24,Onion,LSTM,37.0,40.11539840698242
2026-04-25,Onion,LSTM,37.0,37.717498779296875
2026-04-26,Onion,LSTM,37.0,37.13719940185547
2026-04-27,Onion,LSTM,37.0,37.194698333740234
2026-04-28,Onion,LSTM,37.0,37.27360153198242
2026-04-29,Onion,LSTM,37.0,37.300899505615234
2026-04-30,Onion,LSTM,37.0,37.31719970703125
2026-05-01,Onion,LSTM,37.0,37.339298248291016
2026-05-02,Onion,LSTM,37.0,37.36399841308594
2026-05-03,Onion,LSTM,37.0,37.38639831542969
2026-05-04,Onion,LSTM,37.0,37.403900146484375
2026-05-05,Onion,LSTM,37.0,37.41659927368164
2026-05-06,Onion,LSTM,37.0,37.42490005493164
2026-05-07,Onion,LSTM,37.0,37.43000030517578
2026-05-08,Onion,LSTM,37.0,37.432701110839844
2026-05-09,Onion,LSTM,37.0,37.433799743652344
2026-05-10,Onion,LSTM,37.0,37.433998107910156
2026-05-11,Onion,LSTM,37.0,37.43370056152344
2026-05-12,Onion,LSTM,37.0,37.43320083618164
2026-05-13,Onion,LSTM,37.0,37.432701110839844
2026-05-14,Onion,LSTM,40.0,37.43220138549805
2026-05-15,Onion,LSTM,45.0,39.757598876953125
2026-05-16,Onion,LSTM,45.0,44.61259841918945
2026-05-17,Onion,LSTM,45.0,45.56840133666992
2026-05-18,Onion,LSTM,45.0,45.36289978027344
2026-05-19,Onion,LSTM,45.0,45.23469924926758
2026-05-20,Onion,LSTM,45.0,45.21979904174805
2026-05-21,Onion,LSTM,45.0,45.20650100708008
2026-05-22,Onion,LSTM,45.0,45.16830062866211
2026-05-23,Onion,LSTM,45.0,45.11920166015625
2026-05-24,Onion,LSTM,45.0,45.073001861572266
2026-05-25,Onion,LSTM,45.0,45.035701751708984
2026-05-26,Onion,LSTM,45.0,45.008201599121094
2026-05-27,Onion,LSTM,45.0,44.989601135253906
2026-05-28,Onion,LSTM,45.0,44.97800064086914
2026-05-29,Onion,LSTM,45.0,44.97159957885742
2026-05-30,Onion,LSTM,45.0,44.96879959106445
2026-05-31,Onion,LSTM,45.0,44.968101501464844
2026-06-01,Onion,LSTM,45.0,44.96849822998047
2026-06-02,Onion,LSTM,45.0,44.96950149536133
2026-06-03,Onion,LSTM,45.0,44.97060012817383
2026-06-04,Onion,LSTM,42.0,44.97159957885742
2026-06-05,Onion,LSTM,42.0,42.429901123046875
2026-06-06,Onion,LSTM,42.0,41.8119010925293
2026-06-07,Onion,LSTM,42.0,41.88930130004883
2026-06-08,Onion,LSTM,42.0,41.96369934082031
2026-06-09,Onion,LSTM,42.0,41.975399017333984
2026-06-10,Onion,LSTM,42.0,41.97819900512695
2026-06-11,Onion,LSTM,40.0,41.99079895019531
2026-06-12,Onion,LSTM,40.0,40.3390007019043
2026-06-13,Onion,LSTM,40.0,39.935001373291016
2026-06-14,Onion,LSTM,40.0,39.99829864501953
2026-06-15,Onion,LSTM,40.0,40.06119918823242
2026-06-16,Onion,LSTM,40.0,40.07849884033203
2026-06-17,Onion,LSTM,40.0,40.08580017089844
2026-06-18,Onion,LSTM,40.0,40.096900939941406
2026-06-19,Onion,LSTM,40.0,40.11040115356445
2026-06-20,Onion,LSTM,40.0,40.12289810180664
2026-06-21,Onion,LSTM,40.0,40.13290023803711
2026-06-22,Onion,LSTM,42.0,40.140098571777344
2026-06-23,Onion,LSTM,42.0,41.81629943847656
2026-06-24,Onion,LSTM,42.0,42.239200592041016
2026-06-25,Onion,LSTM,42.0,42.191200256347656
2026-06-26,Onion,LSTM,42.0,42.14189910888672
2026-06-27,Onion,LSTM,42.0,42.13420104980469
2026-06-28,Onion,LSTM,42.0,42.13240051269531
2026-06-29,Onion,LSTM,40.0,42.124000549316406
2026-06-30,Onion,LSTM,40.0,40.440399169921875
2026-01-02,Onion,Ensemble,67.0,67.0757
2026-01-03,Onion,Ensemble,67.0,67.6367
2026-01-04,Onion,Ensemble,67.0,68.0954
2026-01-05,Onion,Ensemble,67.0,67.4773
2026-01-06,Onion,Ensemble,67.0,66.6994
2026-01-07,Onion,Ensemble,67.0,66.4684
2026-01-08,Onion,Ensemble,67.0,66.5813
2026-01-09,Onion,Ensemble,65.0,66.8297
2026-01-10,Onion,Ensemble,65.0,64.8242
2026-01-11,Onion,Ensemble,65.0,64.5071
2026-01-12,Onion,Ensemble,65.0,64.1875
2026-01-13,Onion,Ensemble,65.0,64.6022
2026-01-14,Onion,Ensemble,60.0,64.7058
2026-01-15,Onion,Ensemble,60.0,59.8026
2026-01-16,Onion,Ensemble,60.0,60.0363
2026-01-17,Onion,Ensemble,60.0,59.623
2026-01-18,Onion,Ensemble,55.0,59.666
2026-01-19,Onion,Ensemble,55.0,54.7889
2026-01-20,Onion,Ensemble,60.0,55.3661
2026-01-21,Onion,Ensemble,59.8925,59.6069
2026-01-22,Onion,Ensemble,59.8925,59.4128
2026-01-23,Onion,Ensemble,55.0,59.6403
2026-01-24,Onion,Ensemble,55.0,54.6818
2026-01-25,Onion,Ensemble,55.0,55.0018
2026-01-26,Onion,Ensemble,55.0,54.8788
2026-01-27,Onion,Ensemble,55.0,55.3007
2026-01-28,Onion,Ensemble,55.0,55.3025
2026-01-29,Onion,Ensemble,59.8925,54.9158
2026-01-30,Onion,Ensemble,59.8925,59.0959
2026-01-31,Onion,Ensemble,55.0,59.7867
2026-02-01,Onion,Ensemble,55.0,55.3194
2026-02-02,Onion,Ensemble,55.0,55.1677
2026-02-03,Onion,Ensemble,52.0,55.0181
2026-02-04,Onion,Ensemble,52.0,52.1302
2026-02-05,Onion,Ensemble,52.0,52.4119
2026-02-06,Onion,Ensemble,52.0,51.9111
2026-02-07,Onion,Ensemble,52.0,52.0011
2026-02-08,Onion,Ensemble,52.0,52.2481
2026-02-09,Onion,Ensemble,55.0,51.9762
2026-02-10,Onion,Ensemble,55.0,54.5568
2026-02-11,Onion,Ensemble,53.3333,54.772
2026-02-12,Onion,Ensemble,51.6667,53.2449
2026-02-13,Onion,Ensemble,50.0,51.5982
2026-02-14,Onion,Ensemble,50.0,49.9801
2026-02-15,Onion,Ensemble,55.0,50.0178
2026-02-16,Onion,Ensemble,55.0,54.816
2026-02-17,Onion,Ensemble,55.0,54.8025
2026-02-18,Onion,Ensemble,57.0,55.0687
2026-02-19,Onion,Ensemble,57.0,56.9315
2026-02-20,Onion,Ensemble,55.0,57.1681
2026-02-21,Onion,Ensemble,50.0,54.9492
2026-02-22,Onion,Ensemble,50.0,50.1734
2026-02-23,Onion,Ensemble,50.0,49.9842
2026-02-24,Onion,Ensemble,50.0,49.8277
2026-02-25,Onion,Ensemble,50.0,50.0065
2026-02-26,Onion,Ensemble,50.0,49.8846
2026-02-27,Onion,Ensemble,50.0,49.9019
2026-02-28,Onion,Ensemble,47.0,49.7932
2026-03-01,Onion,Ensemble,50.0,46.9984
2026-03-02,Onion,Ensemble,50.0,49.6837
2026-03-03,Onion,Ensemble,50.0,49.8127
2026-03-04,Onion,Ensemble,45.0,50.1057
2026-03-05,Onion,Ensemble,45.0,44.9277
2026-03-06,Onion,Ensemble,45.0,45.1942
2026-03-07,Onion,Ensemble,45.0,44.8839
2026-03-08,Onion,Ensemble,42.0,45.2232
2026-03-09,Onion,Ensemble,42.0,41.9996
2026-03-10,Onion,Ensemble,42.0,42.0021
2026-03-11,Onion,Ensemble,42.0,41.8863
2026-03-12,Onion,Ensemble,40.0,42.1339
2026-03-13,Onion,Ensemble,40.0,39.978
2026-03-14,Onion,Ensemble,40.0,40.0805
2026-03-15,Onion,Ensemble,40.0,39.7362
2026-03-16,Onion,Ensemble,40.0,40.1197
2026-03-17,Onion,Ensemble,39.625,40.1179
2026-03-18,Onion,Ensemble,39.25,39.8684
2026-03-19,Onion,Ensemble,38.875,39.4108
2026-03-20,Onion,Ensemble,38.5,39.0849
2026-03-21,Onion,Ensemble,38.125,38.6828
2026-03-22,Onion,Ensemble,37.75,38.3597
2026-03-23,Onion,Ensemble,37.375,37.8406
2026-03-24,Onion,Ensemble,37.0,37.4721
2026-03-25,Onion,Ensemble,37.0,37.1798
2026-03-26,Onion,Ensemble,37.0,37.1991
2026-03-27,Onion,Ensemble,37.0,37.338
2026-03-28,Onion,Ensemble,37.0,37.2048
2026-03-29,Onion,Ensemble,37.0,37.3287
2026-03-30,Onion,Ensemble,37.0,37.004
2026-03-31,Onion,Ensemble,37.0,37.0872
2026-04-01,Onion,Ensemble,37.0,37.2693
2026-04-02,Onion,Ensemble,37.0,37.2483
2026-04-03,Onion,Ensemble,37.0,37.2294
2026-04-04,Onion,Ensemble,37.0,37.0523
2026-04-05,Onion,Ensemble,37.0,37.2423
2026-04-06,Onion,Ensemble,37.0,37.2111
2026-04-07,Onion,Ensemble,37.0,37.2896
2026-04-08,Onion,Ensemble,37.0,37.3171
2026-04-09,Onion,Ensemble,37.0,37.2875
2026-04-10,Onion,Ensemble,37.0,37.1773
2026-04-11,Onion,Ensemble,35.0,37.2009
2026-04-12,Onion,Ensemble,35.0,35.5178
2026-04-13,Onion,Ensemble,37.0,35.4407
2026-04-14,Onion,Ensemble,40.0,37.2334
2026-04-15,Onion,Ensemble,40.0,40.2858
2026-04-16,Onion,Ensemble,37.0,40.1265
2026-04-17,Onion,Ensemble,45.0,37.4165
2026-04-18,Onion,Ensemble,45.0,45.446
2026-04-19,Onion,Ensemble,42.0,45.2295
2026-04-20,Onion,Ensemble,42.0,42.5416
2026-04-21,Onion,Ensemble,40.0,42.4813
2026-04-22,Onion,Ensemble,40.0,40.329
2026-04-23,Onion,Ensemble,40.0,40.3826
2026-04-24,Onion,Ensemble,37.0,40.3577
2026-04-25,Onion,Ensemble,37.0,37.1827
2026-04-26,Onion,Ensemble,37.0,37.4749
2026-04-27,Onion,Ensemble,37.0,37.2794
2026-04-28,Onion,Ensemble,37.0,37.3001
2026-04-29,Onion,Ensemble,37.0,37.3453
2026-04-30,Onion,Ensemble,37.0,37.1847
2026-05-01,Onion,Ensemble,37.0,37.0346
2026-05-02,Onion,Ensemble,37.0,37.2144
2026-05-03,Onion,Ensemble,37.0,37.186
2026-05-04,Onion,Ensemble,37.0,37.1731
2026-05-05,Onion,Ensemble,37.0,37.1641
2026-05-06,Onion,Ensemble,37.0,37.2036
2026-05-07,Onion,Ensemble,37.0,37.2091
2026-05-08,Onion,Ensemble,37.0,37.1112
2026-05-09,Onion,Ensemble,37.0,37.0098
2026-05-10,Onion,Ensemble,37.0,37.0278
2026-05-11,Onion,Ensemble,37.0,36.9641
2026-05-12,Onion,Ensemble,37.0,36.9576
2026-05-13,Onion,Ensemble,37.0,37.0096
2026-05-14,Onion,Ensemble,40.0,37.0352
2026-05-15,Onion,Ensemble,45.0,39.9844
2026-05-16,Onion,Ensemble,45.0,44.9776
2026-05-17,Onion,Ensemble,45.0,45.3051
2026-05-18,Onion,Ensemble,45.0,45.2976
2026-05-19,Onion,Ensemble,45.0,45.2074
2026-05-20,Onion,Ensemble,45.0,45.4034
2026-05-21,Onion,Ensemble,45.0,45.2851
2026-05-22,Onion,Ensemble,45.0,45.2996
2026-05-23,Onion,Ensemble,45.0,45.413
2026-05-24,Onion,Ensemble,45.0,45.337
2026-05-25,Onion,Ensemble,45.0,45.319
2026-05-26,Onion,Ensemble,45.0,45.1602
2026-05-27,Onion,Ensemble,45.0,45.2059
2026-05-28,Onion,Ensemble,45.0,45.177
2026-05-29,Onion,Ensemble,45.0,45.2055
2026-05-30,Onion,Ensemble,45.0,45.047
2026-05-31,Onion,Ensemble,45.0,45.1957
2026-06-01,Onion,Ensemble,45.0,44.9448
2026-06-02,Onion,Ensemble,45.0,44.9769
2026-06-03,Onion,Ensemble,45.0,45.0454
2026-06-04,Onion,Ensemble,42.0,44.9564
2026-06-05,Onion,Ensemble,42.0,42.0212
2026-06-06,Onion,Ensemble,42.0,42.2157
2026-06-07,Onion,Ensemble,42.0,42.0972
2026-06-08,Onion,Ensemble,42.0,42.0314
2026-06-09,Onion,Ensemble,42.0,42.02
2026-06-10,Onion,Ensemble,42.0,41.9389
2026-06-11,Onion,Ensemble,40.0,41.8781
2026-06-12,Onion,Ensemble,40.0,40.1597
2026-06-13,Onion,Ensemble,40.0,40.0938
2026-06-14,Onion,Ensemble,40.0,39.9834
2026-06-15,Onion,Ensemble,40.0,39.9863
2026-06-16,Onion,Ensemble,40.0,40.0277
2026-06-17,Onion,Ensemble,40.0,40.0449
2026-06-18,Onion,Ensemble,40.0,40.0105
2026-06-19,Onion,Ensemble,40.0,40.0237
2026-06-20,Onion,Ensemble,40.0,40.0152
2026-06-21,Onion,Ensemble,40.0,39.9901
2026-06-22,Onion,Ensemble,42.0,39.9171
2026-06-23,Onion,Ensemble,42.0,41.9737
2026-06-24,Onion,Ensemble,42.0,41.9956
2026-06-25,Onion,Ensemble,42.0,42.098
2026-06-26,Onion,Ensemble,42.0,41.9966
2026-06-27,Onion,Ensemble,42.0,42.2535
2026-06-28,Onion,Ensemble,42.0,42.3192
2026-06-29,Onion,Ensemble,40.0,41.884
2026-06-30,Onion,Ensemble,40.0,39.9743
2026-01-02,Onion,Seasonal Naive,67.0,100.0
2026-01-03,Onion,Seasonal Naive,67.0,100.0
2026-01-04,Onion,Seasonal Naive,67.0,100.0
2026-01-05,Onion,Seasonal Naive,67.0,100.0
2026-01-06,Onion,Seasonal Naive,67.0,90.0
2026-01-07,Onion,Seasonal Naive,67.0,78.5
2026-01-08,Onion,Seasonal Naive,67.0,67.0
2026-01-09,Onion,Seasonal Naive,65.0,67.0
2026-01-10,Onion,Seasonal Naive,65.0,67.0
2026-01-11,Onion,Seasonal Naive,65.0,67.0
2026-01-12,Onion,Seasonal Naive,65.0,67.0
2026-01-13,Onion,Seasonal Naive,65.0,67.0
2026-01-14,Onion,Seasonal Naive,60.0,67.0
2026-01-15,Onion,Seasonal Naive,60.0,67.0
2026-01-16,Onion,Seasonal Naive,60.0,65.0
2026-01-17,Onion,Seasonal Naive,60.0,65.0
2026-01-18,Onion,Seasonal Naive,55.0,65.0
2026-01-19,Onion,Seasonal Naive,55.0,65.0
2026-01-20,Onion,Seasonal Naive,60.0,65.0
2026-01-21,Onion,Seasonal Naive,59.8925,60.0
2026-01-22,Onion,Seasonal Naive,59.8925,60.0
2026-01-23,Onion,Seasonal Naive,55.0,60.0
2026-01-24,Onion,Seasonal Naive,55.0,60.0
2026-01-25,Onion,Seasonal Naive,55.0,55.0
2026-01-26,Onion,Seasonal Naive,55.0,55.0
2026-01-27,Onion,Seasonal Naive,55.0,60.0
2026-01-28,Onion,Seasonal Naive,55.0,59.8925
2026-01-29,Onion,Seasonal Naive,59.8925,59.8925
2026-01-30,Onion,Seasonal Naive,59.8925,55.0
2026-01-31,Onion,Seasonal Naive,55.0,55.0
2026-02-01,Onion,Seasonal Naive,55.0,55.0
2026-02-02,Onion,Seasonal Naive,55.0,55.0
2026-02-03,Onion,Seasonal Naive,52.0,55.0
2026-02-04,Onion,Seasonal Naive,52.0,55.0
2026-02-05,Onion,Seasonal Naive,52.0,59.8925
2026-02-06,Onion,Seasonal Naive,52.0,59.8925
2026-02-07,Onion,Seasonal Naive,52.0,55.0
2026-02-08,Onion,Seasonal Naive,52.0,55.0
2026-02-09,Onion,Seasonal Naive,55.0,55.0
2026-02-10,Onion,Seasonal Naive,55.0,52.0
2026-02-11,Onion,Seasonal Naive,53.3333,52.0
2026-02-12,Onion,Seasonal Naive,51.6667,52.0
2026-02-13,Onion,Seasonal Naive,50.0,52.0
2026-02-14,Onion,Seasonal Naive,50.0,52.0
2026-02-15,Onion,Seasonal Naive,55.0,52.0
2026-02-16,Onion,Seasonal Naive,55.0,55.0
2026-02-17,Onion,Seasonal Naive,55.0,55.0
2026-02-18,Onion,Seasonal Naive,57.0,53.3333
2026-02-19,Onion,Seasonal Naive,57.0,51.6667
2026-02-20,Onion,Seasonal Naive,55.0,50.0
2026-02-21,Onion,Seasonal Naive,50.0,50.0
2026-02-22,Onion,Seasonal Naive,50.0,55.0
2026-02-23,Onion,Seasonal Naive,50.0,55.0
2026-02-24,Onion,Seasonal Naive,50.0,55.0
2026-02-25,Onion,Seasonal Naive,50.0,57.0
2026-02-26,Onion,Seasonal Naive,50.0,57.0
2026-02-27,Onion,Seasonal Naive,50.0,55.0
2026-02-28,Onion,Seasonal Naive,47.0,50.0
2026-03-01,Onion,Seasonal Naive,50.0,50.0
2026-03-02,Onion,Seasonal Naive,50.0,50.0
2026-03-03,Onion,Seasonal Naive,50.0,50.0
2026-03-04,Onion,Seasonal Naive,45.0,50.0
2026-03-05,Onion,Seasonal Naive,45.0,50.0
2026-03-06,Onion,Seasonal Naive,45.0,50.0
2026-03-07,Onion,Seasonal Naive,45.0,47.0
2026-03-08,Onion,Seasonal Naive,42.0,50.0
2026-03-09,Onion,Seasonal Naive,42.0,50.0
2026-03-10,Onion,Seasonal Naive,42.0,50.0
2026-03-11,Onion,Seasonal Naive,42.0,45.0
2026-03-12,Onion,Seasonal Naive,40.0,45.0
2026-03-13,Onion,Seasonal Naive,40.0,45.0
2026-03-14,Onion,Seasonal Naive,40.0,45.0
2026-03-15,Onion,Seasonal Naive,40.0,42.0
2026-03-16,Onion,Seasonal Naive,40.0,42.0
2026-03-17,Onion,Seasonal Naive,39.625,42.0
2026-03-18,Onion,Seasonal Naive,39.25,42.0
2026-03-19,Onion,Seasonal Naive,38.875,40.0
2026-03-20,Onion,Seasonal Naive,38.5,40.0
2026-03-21,Onion,Seasonal Naive,38.125,40.0
2026-03-22,Onion,Seasonal Naive,37.75,40.0
2026-03-23,Onion,Seasonal Naive,37.375,40.0
2026-03-24,Onion,Seasonal Naive,37.0,39.625
2026-03-25,Onion,Seasonal Naive,37.0,39.25
2026-03-26,Onion,Seasonal Naive,37.0,38.875
2026-03-27,Onion,Seasonal Naive,37.0,38.5
2026-03-28,Onion,Seasonal Naive,37.0,38.125
2026-03-29,Onion,Seasonal Naive,37.0,37.75
2026-03-30,Onion,Seasonal Naive,37.0,37.375
2026-03-31,Onion,Seasonal Naive,37.0,37.0
2026-04-01,Onion,Seasonal Naive,37.0,37.0
2026-04-02,Onion,Seasonal Naive,37.0,37.0
2026-04-03,Onion,Seasonal Naive,37.0,37.0
2026-04-04,Onion,Seasonal Naive,37.0,37.0
2026-04-05,Onion,Seasonal Naive,37.0,37.0
2026-04-06,Onion,Seasonal Naive,37.0,37.0
2026-04-07,Onion,Seasonal Naive,37.0,37.0
2026-04-08,Onion,Seasonal Naive,37.0,37.0
2026-04-09,Onion,Seasonal Naive,37.0,37.0
2026-04-10,Onion,Seasonal Naive,37.0,37.0
2026-04-11,Onion,Seasonal Naive,35.0,37.0
2026-04-12,Onion,Seasonal Naive,35.0,37.0
2026-04-13,Onion,Seasonal Naive,37.0,37.0
2026-04-14,Onion,Seasonal Naive,40.0,37.0
2026-04-15,Onion,Seasonal Naive,40.0,37.0
2026-04-16,Onion,Seasonal Naive,37.0,37.0
2026-04-17,Onion,Seasonal Naive,45.0,37.0
2026-04-18,Onion,Seasonal Naive,45.0,35.0
2026-04-19,Onion,Seasonal Naive,42.0,35.0
2026-04-20,Onion,Seasonal Naive,42.0,37.0
2026-04-21,Onion,Seasonal Naive,40.0,40.0
2026-04-22,Onion,Seasonal Naive,40.0,40.0
2026-04-23,Onion,Seasonal Naive,40.0,37.0
2026-04-24,Onion,Seasonal Naive,37.0,45.0
2026-04-25,Onion,Seasonal Naive,37.0,45.0
2026-04-26,Onion,Seasonal Naive,37.0,42.0
2026-04-27,Onion,Seasonal Naive,37.0,42.0
2026-04-28,Onion,Seasonal Naive,37.0,40.0
2026-04-29,Onion,Seasonal Naive,37.0,40.0
2026-04-30,Onion,Seasonal Naive,37.0,40.0
2026-05-01,Onion,Seasonal Naive,37.0,37.0
2026-05-02,Onion,Seasonal Naive,37.0,37.0
2026-05-03,Onion,Seasonal Naive,37.0,37.0
2026-05-04,Onion,Seasonal Naive,37.0,37.0
2026-05-05,Onion,Seasonal Naive,37.0,37.0
2026-05-06,Onion,Seasonal Naive,37.0,37.0
2026-05-07,Onion,Seasonal Naive,37.0,37.0
2026-05-08,Onion,Seasonal Naive,37.0,37.0
2026-05-09,Onion,Seasonal Naive,37.0,37.0
2026-05-10,Onion,Seasonal Naive,37.0,37.0
2026-05-11,Onion,Seasonal Naive,37.0,37.0
2026-05-12,Onion,Seasonal Naive,37.0,37.0
2026-05-13,Onion,Seasonal Naive,37.0,37.0
2026-05-14,Onion,Seasonal Naive,40.0,37.0
2026-05-15,Onion,Seasonal Naive,45.0,37.0
2026-05-16,Onion,Seasonal Naive,45.0,37.0
2026-05-17,Onion,Seasonal Naive,45.0,37.0
2026-05-18,Onion,Seasonal Naive,45.0,37.0
2026-05-19,Onion,Seasonal Naive,45.0,37.0
2026-05-20,Onion,Seasonal Naive,45.0,37.0
2026-05-21,Onion,Seasonal Naive,45.0,40.0
2026-05-22,Onion,Seasonal Naive,45.0,45.0
2026-05-23,Onion,Seasonal Naive,45.0,45.0
2026-05-24,Onion,Seasonal Naive,45.0,45.0
2026-05-25,Onion,Seasonal Naive,45.0,45.0
2026-05-26,Onion,Seasonal Naive,45.0,45.0
2026-05-27,Onion,Seasonal Naive,45.0,45.0
2026-05-28,Onion,Seasonal Naive,45.0,45.0
2026-05-29,Onion,Seasonal Naive,45.0,45.0
2026-05-30,Onion,Seasonal Naive,45.0,45.0
2026-05-31,Onion,Seasonal Naive,45.0,45.0
2026-06-01,Onion,Seasonal Naive,45.0,45.0
2026-06-02,Onion,Seasonal Naive,45.0,45.0
2026-06-03,Onion,Seasonal Naive,45.0,45.0
2026-06-04,Onion,Seasonal Naive,42.0,45.0
2026-06-05,Onion,Seasonal Naive,42.0,45.0
2026-06-06,Onion,Seasonal Naive,42.0,45.0
2026-06-07,Onion,Seasonal Naive,42.0,45.0
2026-06-08,Onion,Seasonal Naive,42.0,45.0
2026-06-09,Onion,Seasonal Naive,42.0,45.0
2026-06-10,Onion,Seasonal Naive,42.0,45.0
2026-06-11,Onion,Seasonal Naive,40.0,42.0
2026-06-12,Onion,Seasonal Naive,40.0,42.0
2026-06-13,Onion,Seasonal Naive,40.0,42.0
2026-06-14,Onion,Seasonal Naive,40.0,42.0
2026-06-15,Onion,Seasonal Naive,40.0,42.0
2026-06-16,Onion,Seasonal Naive,40.0,42.0
2026-06-17,Onion,Seasonal Naive,40.0,42.0
2026-06-18,Onion,Seasonal Naive,40.0,40.0
2026-06-19,Onion,Seasonal Naive,40.0,40.0
2026-06-20,Onion,Seasonal Naive,40.0,40.0
2026-06-21,Onion,Seasonal Naive,40.0,40.0
2026-06-22,Onion,Seasonal Naive,42.0,40.0
2026-06-23,Onion,Seasonal Naive,42.0,40.0
2026-06-24,Onion,Seasonal Naive,42.0,40.0
2026-06-25,Onion,Seasonal Naive,42.0,40.0
2026-06-26,Onion,Seasonal Naive,42.0,40.0
2026-06-27,Onion,Seasonal Naive,42.0,40.0
2026-06-28,Onion,Seasonal Naive,42.0,40.0
2026-06-29,Onion,Seasonal Naive,40.0,42.0
2026-06-30,Onion,Seasonal Naive,40.0,42.0
2026-01-02,Potato,SARIMA,25.0,24.859
2026-01-03,Potato,SARIMA,25.0,24.8676
2026-01-04,Potato,SARIMA,25.0,24.8869
2026-01-05,Potato,SARIMA,25.0,24.8906
2026-01-06,Potato,SARIMA,25.0,24.9037
2026-01-07,Potato,SARIMA,25.0,24.9168
2026-01-08,Potato,SARIMA,30.0,24.9307
2026-01-09,Potato,SARIMA,30.0,29.8173
2026-01-10,Potato,SARIMA,30.0,29.9082
2026-01-11,Potato,SARIMA,30.0,29.9865
2026-01-12,Potato,SARIMA,32.0,30.0512
2026-01-13,Potato,SARIMA,32.0,32.053
2026-01-14,Potato,SARIMA,30.0,32.1251
2026-01-15,Potato,SARIMA,30.0,30.0216
2026-01-16,Potato,SARIMA,30.0,30.2369
2026-01-17,Potato,SARIMA,30.0,30.242
2026-01-18,Potato,SARIMA,30.0,30.2395
2026-01-19,Potato,SARIMA,30.0,30.1465
2026-01-20,Potato,SARIMA,27.0,30.2148
2026-01-21,Potato,SARIMA,27.0,27.3589
2026-01-22,Potato,SARIMA,27.0,27.2021
2026-01-23,Potato,SARIMA,25.0,27.1489
2026-01-24,Potato,SARIMA,25.0,25.1442
2026-01-25,Potato,SARIMA,22.7761,25.0644
2026-01-26,Potato,SARIMA,22.7761,22.8253
2026-01-27,Potato,SARIMA,25.0,22.8638
2026-01-28,Potato,SARIMA,25.0,24.8373
2026-01-29,Potato,SARIMA,25.0,24.8078
2026-01-30,Potato,SARIMA,25.0,24.8762
2026-01-31,Potato,SARIMA,25.0,24.7866
2026-02-01,Potato,SARIMA,25.0,24.8787
2026-02-02,Potato,SARIMA,25.0,24.792
2026-02-03,Potato,SARIMA,25.0,24.7121
2026-02-04,Potato,SARIMA,25.0,24.8107
2026-02-05,Potato,SARIMA,25.0,24.8275
2026-02-06,Potato,SARIMA,25.0,24.8498
2026-02-07,Potato,SARIMA,25.0,24.8663
2026-02-08,Potato,SARIMA,25.0,24.8904
2026-02-09,Potato,SARIMA,22.0,24.9064
2026-02-10,Potato,SARIMA,22.0,21.9977
2026-02-11,Potato,SARIMA,22.0,21.9722
2026-02-12,Potato,SARIMA,22.0,21.9488
2026-02-13,Potato,SARIMA,22.0,21.931
2026-02-14,Potato,SARIMA,22.0,21.9179
2026-02-15,Potato,SARIMA,22.0,21.9096
2026-02-16,Potato,SARIMA,22.0,22.0311
2026-02-17,Potato,SARIMA,22.0,21.9068
2026-02-18,Potato,SARIMA,22.0,21.9068
2026-02-19,Potato,SARIMA,22.0,21.9092
2026-02-20,Potato,SARIMA,22.0,21.9137
2026-02-21,Potato,SARIMA,22.0,21.9199
2026-02-22,Potato,SARIMA,22.0,21.9273
2026-02-23,Potato,SARIMA,22.0,21.9407
2026-02-24,Potato,SARIMA,22.0,21.944
2026-02-25,Potato,SARIMA,22.0,21.9526
2026-02-26,Potato,SARIMA,22.0,21.961
2026-02-27,Potato,SARIMA,22.0,21.9691
2026-02-28,Potato,SARIMA,22.0,21.9766
2026-03-01,Potato,SARIMA,22.0,21.9835
2026-03-02,Potato,SARIMA,22.0,21.99
2026-03-03,Potato,SARIMA,22.0,21.9952
2026-03-04,Potato,SARIMA,19.0,21.9998
2026-03-05,Potato,SARIMA,19.0,19.0796
2026-03-06,Potato,SARIMA,19.0,19.0357
2026-03-07,Potato,SARIMA,19.0,18.9982
2026-03-08,Potato,SARIMA,19.0,18.9672
2026-03-09,Potato,SARIMA,19.0,18.9424
2026-03-10,Potato,SARIMA,19.0,18.9234
2026-03-11,Potato,SARIMA,19.0,19.036
2026-03-12,Potato,SARIMA,19.0,18.9042
2026-03-13,Potato,SARIMA,19.0,18.8977
2026-03-14,Potato,SARIMA,19.0,18.8951
2026-03-15,Potato,SARIMA,19.0,18.896
2026-03-16,Potato,SARIMA,19.0,18.8995
2026-03-17,Potato,SARIMA,19.0,18.9053
2026-03-18,Potato,SARIMA,19.0,18.918
2026-03-19,Potato,SARIMA,19.0,18.9214
2026-03-20,Potato,SARIMA,19.0,18.9306
2026-03-21,Potato,SARIMA,19.0,18.9402
2026-03-22,Potato,SARIMA,19.0,18.9498
2026-03-23,Potato,SARIMA,19.0,18.9592
2026-03-24,Potato,SARIMA,19.0,18.9681
2026-03-25,Potato,SARIMA,19.0,18.9766
2026-03-26,Potato,SARIMA,19.0,18.9839
2026-03-27,Potato,SARIMA,19.0,18.9906
2026-03-28,Potato,SARIMA,19.0,18.9964
2026-03-29,Potato,SARIMA,22.0,19.0013
2026-03-30,Potato,SARIMA,22.0,21.9294
2026-03-31,Potato,SARIMA,22.0,21.9796
2026-04-01,Potato,SARIMA,22.0,22.0219
2026-04-02,Potato,SARIMA,22.0,22.0563
2026-04-03,Potato,SARIMA,22.0,22.0833
2026-04-04,Potato,SARIMA,22.0,22.1034
2026-04-05,Potato,SARIMA,22.0,21.9909
2026-04-06,Potato,SARIMA,27.0,22.1221
2026-04-07,Potato,SARIMA,25.0,27.0007
2026-04-08,Potato,SARIMA,27.0,25.1306
2026-04-09,Potato,SARIMA,27.0,27.1121
2026-04-10,Potato,SARIMA,27.0,27.1656
2026-04-11,Potato,SARIMA,27.0,27.2054
2026-04-12,Potato,SARIMA,27.0,27.2273
2026-04-13,Potato,SARIMA,27.0,27.0382
2026-04-14,Potato,SARIMA,27.0,27.334
2026-04-15,Potato,SARIMA,25.0,27.1694
2026-04-16,Potato,SARIMA,22.0,25.2951
2026-04-17,Potato,SARIMA,22.0,22.3284
2026-04-18,Potato,SARIMA,22.0,22.2389
2026-04-19,Potato,SARIMA,22.0,22.1577
2026-04-20,Potato,SARIMA,22.0,22.0776
2026-04-21,Potato,SARIMA,22.0,22.0281
2026-04-22,Potato,SARIMA,22.0,22.0535
2026-04-23,Potato,SARIMA,22.0,22.059
2026-04-24,Potato,SARIMA,22.0,21.9016
2026-04-25,Potato,SARIMA,22.0,21.874
2026-04-26,Potato,SARIMA,22.0,21.8545
2026-04-27,Potato,SARIMA,22.0,21.8421
2026-04-28,Potato,SARIMA,22.0,21.837
2026-04-29,Potato,SARIMA,22.0,21.8402
2026-04-30,Potato,SARIMA,22.0,21.8466
2026-05-01,Potato,SARIMA,22.0,21.8495
2026-05-02,Potato,SARIMA,22.0,21.8603
2026-05-03,Potato,SARIMA,22.0,21.8732
2026-05-04,Potato,SARIMA,22.0,21.8873
2026-05-05,Potato,SARIMA,22.0,21.9023
2026-05-06,Potato,SARIMA,22.0,21.9175
2026-05-07,Potato,SARIMA,22.0,21.9324
2026-05-08,Potato,SARIMA,22.0,21.9463
2026-05-09,Potato,SARIMA,22.0,21.9596
2026-05-10,Potato,SARIMA,22.0,21.9717
2026-05-11,Potato,SARIMA,22.0,21.9825
2026-05-12,Potato,SARIMA,22.0,21.992
2026-05-13,Potato,SARIMA,22.0,22.0001
2026-05-14,Potato,SARIMA,22.0,22.0068
2026-05-15,Potato,SARIMA,22.0,22.0122
2026-05-16,Potato,SARIMA,22.0,22.0163
2026-05-17,Potato,SARIMA,22.0,22.0192
2026-05-18,Potato,SARIMA,22.0,22.0211
2026-05-19,Potato,SARIMA,22.0,22.0221
2026-05-20,Potato,SARIMA,23.957,22.0224
2026-05-21,Potato,SARIMA,22.0,23.9294
2026-05-22,Potato,SARIMA,22.0,22.0516
2026-05-23,Potato,SARIMA,22.0,22.0455
2026-05-24,Potato,SARIMA,22.0,22.0392
2026-05-25,Potato,SARIMA,22.0,22.0329
2026-05-26,Potato,SARIMA,22.0,22.0267
2026-05-27,Potato,SARIMA,22.0,21.9385
2026-05-28,Potato,SARIMA,22.0,22.0956
2026-05-29,Potato,SARIMA,22.0,22.0117
2026-05-30,Potato,SARIMA,22.0,22.0071
2026-05-31,Potato,SARIMA,22.0,22.0031
2026-06-01,Potato,SARIMA,22.0,21.9997
2026-06-02,Potato,SARIMA,22.0,21.9969
2026-06-03,Potato,SARIMA,22.0,21.9912
2026-06-04,Potato,SARIMA,22.0,21.9963
2026-06-05,Potato,SARIMA,22.0,21.9917
2026-06-06,Potato,SARIMA,22.0,21.991
2026-06-07,Potato,SARIMA,22.0,21.9905
2026-06-08,Potato,SARIMA,22.0,21.9905
2026-06-09,Potato,SARIMA,22.0,21.9907
2026-06-10,Potato,SARIMA,22.0,21.991
2026-06-11,Potato,SARIMA,22.0,21.9918
2026-06-12,Potato,SARIMA,22.0,21.9924
2026-06-13,Potato,SARIMA,22.0,21.9933
2026-06-14,Potato,SARIMA,22.0,21.9941
2026-06-15,Potato,SARIMA,22.0,21.995
2026-06-16,Potato,SARIMA,22.0,21.9959
2026-06-17,Potato,SARIMA,22.0,21.9967
2026-06-18,Potato,SARIMA,22.0,21.9975
2026-06-19,Potato,SARIMA,22.0,21.9982
2026-06-20,Potato,SARIMA,22.0,21.9989
2026-06-21,Potato,SARIMA,22.0,21.9994
2026-06-22,Potato,SARIMA,27.0,21.9999
2026-06-23,Potato,SARIMA,27.0,26.8737
2026-06-24,Potato,SARIMA,27.0,26.9525
2026-06-25,Potato,SARIMA,27.0,27.0191
2026-06-26,Potato,SARIMA,27.0,27.0738
2026-06-27,Potato,SARIMA,27.0,27.1172
2026-06-28,Potato,SARIMA,27.0,27.1499
2026-06-29,Potato,SARIMA,27.0,26.9624
2026-06-30,Potato,SARIMA,27.0,27.1817
2026-01-02,Potato,XGBoost,25.0,25.1748
2026-01-03,Potato,XGBoost,25.0,25.1816
2026-01-04,Potato,XGBoost,25.0,25.2601
2026-01-05,Potato,XGBoost,25.0,24.7748
2026-01-06,Potato,XGBoost,25.0,25.087
2026-01-07,Potato,XGBoost,25.0,25.5416
2026-01-08,Potato,XGBoost,30.0,25.1389
2026-01-09,Potato,XGBoost,30.0,28.0953
2026-01-10,Potato,XGBoost,30.0,28.4104
2026-01-11,Potato,XGBoost,30.0,28.6742
2026-01-12,Potato,XGBoost,32.0,28.31
2026-01-13,Potato,XGBoost,32.0,29.4223
2026-01-14,Potato,XGBoost,30.0,29.8855
2026-01-15,Potato,XGBoost,30.0,28.5555
2026-01-16,Potato,XGBoost,30.0,29.855
2026-01-17,Potato,XGBoost,30.0,29.8967
2026-01-18,Potato,XGBoost,30.0,30.0798
2026-01-19,Potato,XGBoost,30.0,30.0991
2026-01-20,Potato,XGBoost,27.0,30.1799
2026-01-21,Potato,XGBoost,27.0,27.4919
2026-01-22,Potato,XGBoost,27.0,26.7644
2026-01-23,Potato,XGBoost,25.0,26.8352
2026-01-24,Potato,XGBoost,25.0,24.9826
2026-01-25,Potato,XGBoost,22.7761,25.0015
2026-01-26,Potato,XGBoost,22.7761,23.0112
2026-01-27,Potato,XGBoost,25.0,22.9838
2026-01-28,Potato,XGBoost,25.0,25.1355
2026-01-29,Potato,XGBoost,25.0,24.7996
2026-01-30,Potato,XGBoost,25.0,24.7057
2026-01-31,Potato,XGBoost,25.0,24.7422
2026-02-01,Potato,XGBoost,25.0,24.6924
2026-02-02,Potato,XGBoost,25.0,24.6556
2026-02-03,Potato,XGBoost,25.0,25.0095
2026-02-04,Potato,XGBoost,25.0,24.9644
2026-02-05,Potato,XGBoost,25.0,24.9055
2026-02-06,Potato,XGBoost,25.0,24.773
2026-02-07,Potato,XGBoost,25.0,24.8068
2026-02-08,Potato,XGBoost,25.0,25.095
2026-02-09,Potato,XGBoost,22.0,24.7606
2026-02-10,Potato,XGBoost,22.0,22.1224
2026-02-11,Potato,XGBoost,22.0,22.0475
2026-02-12,Potato,XGBoost,22.0,21.8622
2026-02-13,Potato,XGBoost,22.0,21.8687
2026-02-14,Potato,XGBoost,22.0,21.6613
2026-02-15,Potato,XGBoost,22.0,21.9908
2026-02-16,Potato,XGBoost,22.0,22.212
2026-02-17,Potato,XGBoost,22.0,22.0312
2026-02-18,Potato,XGBoost,22.0,21.967
2026-02-19,Potato,XGBoost,22.0,21.8941
2026-02-20,Potato,XGBoost,22.0,21.8719
2026-02-21,Potato,XGBoost,22.0,21.9269
2026-02-22,Potato,XGBoost,22.0,22.1156
2026-02-23,Potato,XGBoost,22.0,21.979
2026-02-24,Potato,XGBoost,22.0,22.0655
2026-02-25,Potato,XGBoost,22.0,21.9417
2026-02-26,Potato,XGBoost,22.0,21.9645
2026-02-27,Potato,XGBoost,22.0,22.0827
2026-02-28,Potato,XGBoost,22.0,22.2798
2026-03-01,Potato,XGBoost,22.0,22.0642
2026-03-02,Potato,XGBoost,22.0,22.1875
2026-03-03,Potato,XGBoost,22.0,22.0082
2026-03-04,Potato,XGBoost,19.0,22.0229
2026-03-05,Potato,XGBoost,19.0,19.7085
2026-03-06,Potato,XGBoost,19.0,19.4255
2026-03-07,Potato,XGBoost,19.0,19.3409
2026-03-08,Potato,XGBoost,19.0,19.4997
2026-03-09,Potato,XGBoost,19.0,19.6887
2026-03-10,Potato,XGBoost,19.0,20.0015
2026-03-11,Potato,XGBoost,19.0,20.2828
2026-03-12,Potato,XGBoost,19.0,19.5122
2026-03-13,Potato,XGBoost,19.0,19.5844
2026-03-14,Potato,XGBoost,19.0,19.5135
2026-03-15,Potato,XGBoost,19.0,19.4219
2026-03-16,Potato,XGBoost,19.0,19.6299
2026-03-17,Potato,XGBoost,19.0,19.4541
2026-03-18,Potato,XGBoost,19.0,20.456
2026-03-19,Potato,XGBoost,19.0,20.4099
2026-03-20,Potato,XGBoost,19.0,20.5455
2026-03-21,Potato,XGBoost,19.0,20.5906
2026-03-22,Potato,XGBoost,19.0,20.6494
2026-03-23,Potato,XGBoost,19.0,20.6944
2026-03-24,Potato,XGBoost,19.0,20.7586
2026-03-25,Potato,XGBoost,19.0,20.8373
2026-03-26,Potato,XGBoost,19.0,20.5859
2026-03-27,Potato,XGBoost,19.0,20.7126
2026-03-28,Potato,XGBoost,19.0,20.7443
2026-03-29,Potato,XGBoost,22.0,20.8398
2026-03-30,Potato,XGBoost,22.0,21.656
2026-03-31,Potato,XGBoost,22.0,22.2039
2026-04-01,Potato,XGBoost,22.0,22.1172
2026-04-02,Potato,XGBoost,22.0,22.0829
2026-04-03,Potato,XGBoost,22.0,22.1394
2026-04-04,Potato,XGBoost,22.0,22.2738
2026-04-05,Potato,XGBoost,22.0,22.7227
2026-04-06,Potato,XGBoost,27.0,22.4724
2026-04-07,Potato,XGBoost,25.0,26.7232
2026-04-08,Potato,XGBoost,27.0,25.5439
2026-04-09,Potato,XGBoost,27.0,26.4625
2026-04-10,Potato,XGBoost,27.0,26.588
2026-04-11,Potato,XGBoost,27.0,26.6082
2026-04-12,Potato,XGBoost,27.0,27.0764
2026-04-13,Potato,XGBoost,27.0,26.7999
2026-04-14,Potato,XGBoost,27.0,27.5025
2026-04-15,Potato,XGBoost,25.0,27.742
2026-04-16,Potato,XGBoost,22.0,25.7785
2026-04-17,Potato,XGBoost,22.0,22.8777
2026-04-18,Potato,XGBoost,22.0,22.0105
2026-04-19,Potato,XGBoost,22.0,22.4875
2026-04-20,Potato,XGBoost,22.0,22.025
2026-04-21,Potato,XGBoost,22.0,22.1197
2026-04-22,Potato,XGBoost,22.0,22.2674
2026-04-23,Potato,XGBoost,22.0,22.0224
2026-04-24,Potato,XGBoost,22.0,21.847
2026-04-25,Potato,XGBoost,22.0,21.8776
2026-04-26,Potato,XGBoost,22.0,21.9334
2026-04-27,Potato,XGBoost,22.0,21.7538
2026-04-28,Potato,XGBoost,22.0,21.7858
2026-04-29,Potato,XGBoost,22.0,21.923
2026-04-30,Potato,XGBoost,22.0,22.0354
2026-05-01,Potato,XGBoost,22.0,21.8872
2026-05-02,Potato,XGBoost,22.0,21.882
2026-05-03,Potato,XGBoost,22.0,22.1086
2026-05-04,Potato,XGBoost,22.0,21.9318
2026-05-05,Potato,XGBoost,22.0,21.7316
2026-05-06,Potato,XGBoost,22.0,21.785
2026-05-07,Potato,XGBoost,22.0,21.9525
2026-05-08,Potato,XGBoost,22.0,21.9397
2026-05-09,Potato,XGBoost,22.0,22.0162
2026-05-10,Potato,XGBoost,22.0,22.2311
2026-05-11,Potato,XGBoost,22.0,21.9536
2026-05-12,Potato,XGBoost,22.0,21.9104
2026-05-13,Potato,XGBoost,22.0,21.9094
2026-05-14,Potato,XGBoost,22.0,21.9269
2026-05-15,Potato,XGBoost,22.0,21.8976
2026-05-16,Potato,XGBoost,22.0,21.9266
2026-05-17,Potato,XGBoost,22.0,21.959
2026-05-18,Potato,XGBoost,22.0,21.9501
2026-05-19,Potato,XGBoost,22.0,21.9528
2026-05-20,Potato,XGBoost,23.957,21.9408
2026-05-21,Potato,XGBoost,22.0,22.6022
2026-05-22,Potato,XGBoost,22.0,22.1545
2026-05-23,Potato,XGBoost,22.0,21.9089
2026-05-24,Potato,XGBoost,22.0,21.9433
2026-05-25,Potato,XGBoost,22.0,21.8509
2026-05-26,Potato,XGBoost,22.0,21.8782
2026-05-27,Potato,XGBoost,22.0,21.9294
2026-05-28,Potato,XGBoost,22.0,21.9682
2026-05-29,Potato,XGBoost,22.0,22.0171
2026-05-30,Potato,XGBoost,22.0,21.995
2026-05-31,Potato,XGBoost,22.0,22.0381
2026-06-01,Potato,XGBoost,22.0,21.9017
2026-06-02,Potato,XGBoost,22.0,21.9036
2026-06-03,Potato,XGBoost,22.0,21.8902
2026-06-04,Potato,XGBoost,22.0,21.9232
2026-06-05,Potato,XGBoost,22.0,21.9288
2026-06-06,Potato,XGBoost,22.0,21.9292
2026-06-07,Potato,XGBoost,22.0,22.0383
2026-06-08,Potato,XGBoost,22.0,21.9178
2026-06-09,Potato,XGBoost,22.0,21.9625
2026-06-10,Potato,XGBoost,22.0,21.9453
2026-06-11,Potato,XGBoost,22.0,21.9467
2026-06-12,Potato,XGBoost,22.0,21.9324
2026-06-13,Potato,XGBoost,22.0,21.9381
2026-06-14,Potato,XGBoost,22.0,22.0331
2026-06-15,Potato,XGBoost,22.0,21.9025
2026-06-16,Potato,XGBoost,22.0,21.9407
2026-06-17,Potato,XGBoost,22.0,21.936
2026-06-18,Potato,XGBoost,22.0,21.9574
2026-06-19,Potato,XGBoost,22.0,21.9729
2026-06-20,Potato,XGBoost,22.0,22.0022
2026-06-21,Potato,XGBoost,22.0,22.1864
2026-06-22,Potato,XGBoost,27.0,22.6667
2026-06-23,Potato,XGBoost,27.0,26.3859
2026-06-24,Potato,XGBoost,27.0,26.8686
2026-06-25,Potato,XGBoost,27.0,26.3238
2026-06-26,Potato,XGBoost,27.0,26.1923
2026-06-27,Potato,XGBoost,27.0,26.3018
2026-06-28,Potato,XGBoost,27.0,26.5937
2026-06-29,Potato,XGBoost,27.0,26.9288
2026-06-30,Potato,XGBoost,27.0,27.4751
2026-01-02,Potato,LSTM,25.0,24.839799880981445
2026-01-03,Potato,LSTM,25.0,24.85219955444336
2026-01-04,Potato,LSTM,25.0,24.862499237060547
2026-01-05,Potato,LSTM,25.0,24.870500564575195
2026-01-06,Potato,LSTM,25.0,24.876399993896484
2026-01-07,Potato,LSTM,25.0,24.880399703979492
2026-01-08,Potato,LSTM,30.0,24.88319969177246
2026-01-09,Potato,LSTM,30.0,28.39459991455078
2026-01-10,Potato,LSTM,30.0,30.05459976196289
2026-01-11,Potato,LSTM,30.0,30.0851993560791
2026-01-12,Potato,LSTM,32.0,29.85099983215332
2026-01-13,Potato,LSTM,32.0,31.30299949645996
2026-01-14,Potato,LSTM,30.0,32.04130172729492
2026-01-15,Potato,LSTM,30.0,30.585100173950195
2026-01-16,Potato,LSTM,30.0,29.81220054626465
2026-01-17,Potato,LSTM,30.0,29.76569938659668
2026-01-18,Potato,LSTM,30.0,29.855499267578125
2026-01-19,Potato,LSTM,30.0,29.851200103759766
2026-01-20,Potato,LSTM,27.0,29.794200897216797
2026-01-21,Potato,LSTM,27.0,27.588499069213867
2026-01-22,Potato,LSTM,27.0,26.58650016784668
2026-01-23,Potato,LSTM,25.0,26.555200576782227
2026-01-24,Potato,LSTM,25.0,25.302900314331055
2026-01-25,Potato,LSTM,22.7761,24.678600311279297
2026-01-26,Potato,LSTM,22.7761,23.15730094909668
2026-01-27,Potato,LSTM,25.0,22.54640007019043
2026-01-28,Potato,LSTM,25.0,23.97450065612793
2026-01-29,Potato,LSTM,25.0,24.798200607299805
2026-01-30,Potato,LSTM,25.0,24.866500854492188
2026-01-31,Potato,LSTM,25.0,24.770200729370117
2026-02-01,Potato,LSTM,25.0,24.76140022277832
2026-02-02,Potato,LSTM,25.0,24.81170082092285
2026-02-03,Potato,LSTM,25.0,24.856800079345703
2026-02-04,Potato,LSTM,25.0,24.879199981689453
2026-02-05,Potato,LSTM,25.0,24.88789939880371
2026-02-06,Potato,LSTM,25.0,24.892099380493164
2026-02-07,Potato,LSTM,25.0,24.894500732421875
2026-02-08,Potato,LSTM,25.0,24.89539909362793
2026-02-09,Potato,LSTM,22.0,24.895000457763672
2026-02-10,Potato,LSTM,22.0,22.922399520874023
2026-02-11,Potato,LSTM,22.0,22.005800247192383
2026-02-12,Potato,LSTM,22.0,21.957199096679688
2026-02-13,Potato,LSTM,22.0,22.082000732421875
2026-02-14,Potato,LSTM,22.0,22.116300582885742
2026-02-15,Potato,LSTM,22.0,22.093700408935547
2026-02-16,Potato,LSTM,22.0,22.078699111938477
2026-02-17,Potato,LSTM,22.0,22.085399627685547
2026-02-18,Potato,LSTM,22.0,22.101999282836914
2026-02-19,Potato,LSTM,22.0,22.118499755859375
2026-02-20,Potato,LSTM,22.0,22.132099151611328
2026-02-21,Potato,LSTM,22.0,22.14299964904785
2026-02-22,Potato,LSTM,22.0,22.151899337768555
2026-02-23,Potato,LSTM,22.0,22.159000396728516
2026-02-24,Potato,LSTM,22.0,22.1643009185791
2026-02-25,Potato,LSTM,22.0,22.168100357055664
2026-02-26,Potato,LSTM,22.0,22.170700073242188
2026-02-27,Potato,LSTM,22.0,22.172399520874023
2026-02-28,Potato,LSTM,22.0,22.17340087890625
2026-03-01,Potato,LSTM,22.0,22.173900604248047
2026-03-02,Potato,LSTM,22.0,22.1742000579834
2026-03-03,Potato,LSTM,22.0,22.174299240112305
2026-03-04,Potato,LSTM,19.0,22.174299240112305
2026-03-05,Potato,LSTM,19.0,20.328699111938477
2026-03-06,Potato,LSTM,19.0,19.530500411987305
2026-03-07,Potato,LSTM,19.0,19.481599807739258
2026-03-08,Potato,LSTM,19.0,19.59160041809082
2026-03-09,Potato,LSTM,19.0,19.62849998474121
2026-03-10,Potato,LSTM,19.0,19.61400032043457
2026-03-11,Potato,LSTM,19.0,19.6023006439209
2026-03-12,Potato,LSTM,19.0,19.607500076293945
2026-03-13,Potato,LSTM,19.0,19.621299743652344
2026-03-14,Potato,LSTM,19.0,19.635299682617188
2026-03-15,Potato,LSTM,19.0,19.646799087524414
2026-03-16,Potato,LSTM,19.0,19.6560001373291
2026-03-17,Potato,LSTM,19.0,19.663400650024414
2026-03-18,Potato,LSTM,19.0,19.669200897216797
2026-03-19,Potato,LSTM,19.0,19.673500061035156
2026-03-20,Potato,LSTM,19.0,19.676599502563477
2026-03-21,Potato,LSTM,19.0,19.678800582885742
2026-03-22,Potato,LSTM,19.0,19.680099487304688
2026-03-23,Potato,LSTM,19.0,19.680999755859375
2026-03-24,Potato,LSTM,19.0,19.681400299072266
2026-03-25,Potato,LSTM,19.0,19.681699752807617
2026-03-26,Potato,LSTM,19.0,19.681699752807617
2026-03-27,Potato,LSTM,19.0,19.681699752807617
2026-03-28,Potato,LSTM,19.0,19.681699752807617
2026-03-29,Potato,LSTM,22.0,19.68160057067871
2026-03-30,Potato,LSTM,22.0,21.416799545288086
2026-03-31,Potato,LSTM,22.0,22.331499099731445
2026-04-01,Potato,LSTM,22.0,22.38719940185547
2026-04-02,Potato,LSTM,22.0,22.26259994506836
2026-04-03,Potato,LSTM,22.0,22.226499557495117
2026-04-04,Potato,LSTM,22.0,22.24839973449707
2026-04-05,Potato,LSTM,22.0,22.263900756835938
2026-04-06,Potato,LSTM,27.0,22.25819969177246
2026-04-07,Potato,LSTM,25.0,25.540599822998047
2026-04-08,Potato,LSTM,27.0,25.77199935913086
2026-04-09,Potato,LSTM,27.0,26.553800582885742
2026-04-10,Potato,LSTM,27.0,26.943700790405273
2026-04-11,Potato,LSTM,27.0,26.998699188232422
2026-04-12,Potato,LSTM,27.0,26.97089958190918
2026-04-13,Potato,LSTM,27.0,26.957000732421875
2026-04-14,Potato,LSTM,27.0,26.950000762939453
2026-04-15,Potato,LSTM,25.0,26.933700561523438
2026-04-16,Potato,LSTM,22.0,25.520999908447266
2026-04-17,Potato,LSTM,22.0,22.875099182128906
2026-04-18,Potato,LSTM,22.0,21.91320037841797
2026-04-19,Potato,LSTM,22.0,21.933000564575195
2026-04-20,Potato,LSTM,22.0,22.067100524902344
2026-04-21,Potato,LSTM,22.0,22.076499938964844
2026-04-22,Potato,LSTM,22.0,22.037700653076172
2026-04-23,Potato,LSTM,22.0,22.023399353027344
2026-04-24,Potato,LSTM,22.0,22.038799285888672
2026-04-25,Potato,LSTM,22.0,22.065000534057617
2026-04-26,Potato,LSTM,22.0,22.089799880981445
2026-04-27,Potato,LSTM,22.0,22.11039924621582
2026-04-28,Potato,LSTM,22.0,22.127399444580078
2026-04-29,Potato,LSTM,22.0,22.14109992980957
2026-04-30,Potato,LSTM,22.0,22.15180015563965
2026-05-01,Potato,LSTM,22.0,22.159799575805664
2026-05-02,Potato,LSTM,22.0,22.16550064086914
2026-05-03,Potato,LSTM,22.0,22.16939926147461
2026-05-04,Potato,LSTM,22.0,22.171899795532227
2026-05-05,Potato,LSTM,22.0,22.17340087890625
2026-05-06,Potato,LSTM,22.0,22.174299240112305
2026-05-07,Potato,LSTM,22.0,22.17460060119629
2026-05-08,Potato,LSTM,22.0,22.174699783325195
2026-05-09,Potato,LSTM,22.0,22.17460060119629
2026-05-10,Potato,LSTM,22.0,22.17449951171875
2026-05-11,Potato,LSTM,22.0,22.174299240112305
2026-05-12,Potato,LSTM,22.0,22.174100875854492
2026-05-13,Potato,LSTM,22.0,22.173900604248047
2026-05-14,Potato,LSTM,22.0,22.173799514770508
2026-05-15,Potato,LSTM,22.0,22.1737003326416
2026-05-16,Potato,LSTM,22.0,22.173599243164062
2026-05-17,Potato,LSTM,22.0,22.173599243164062
2026-05-18,Potato,LSTM,22.0,22.173599243164062
2026-05-19,Potato,LSTM,22.0,22.173599243164062
2026-05-20,Potato,LSTM,23.957,22.173599243164062
2026-05-21,Potato,LSTM,22.0,23.416200637817383
2026-05-22,Potato,LSTM,22.0,22.771499633789062
2026-05-23,Potato,LSTM,22.0,22.204700469970703
2026-05-24,Potato,LSTM,22.0,22.09079933166504
2026-05-25,Potato,LSTM,22.0,22.150299072265625
2026-05-26,Potato,LSTM,22.0,22.187999725341797
2026-05-27,Potato,LSTM,22.0,22.183300018310547
2026-05-28,Potato,LSTM,22.0,22.169300079345703
2026-05-29,Potato,LSTM,22.0,22.162900924682617
2026-05-30,Potato,LSTM,22.0,22.163000106811523
2026-05-31,Potato,LSTM,22.0,22.164899826049805
2026-06-01,Potato,LSTM,22.0,22.16659927368164
2026-06-02,Potato,LSTM,22.0,22.16790008544922
2026-06-03,Potato,LSTM,22.0,22.169099807739258
2026-06-04,Potato,LSTM,22.0,22.17020034790039
2026-06-05,Potato,LSTM,22.0,22.171199798583984
2026-06-06,Potato,LSTM,22.0,22.172000885009766
2026-06-07,Potato,LSTM,22.0,22.172500610351562
2026-06-08,Potato,LSTM,22.0,22.17300033569336
2026-06-09,Potato,LSTM,22.0,22.173200607299805
2026-06-10,Potato,LSTM,22.0,22.17340087890625
2026-06-11,Potato,LSTM,22.0,22.173599243164062
2026-06-12,Potato,LSTM,22.0,22.173599243164062
2026-06-13,Potato,LSTM,22.0,22.1737003326416
2026-06-14,Potato,LSTM,22.0,22.1737003326416
2026-06-15,Potato,LSTM,22.0,22.1737003326416
2026-06-16,Potato,LSTM,22.0,22.1737003326416
2026-06-17,Potato,LSTM,22.0,22.1737003326416
2026-06-18,Potato,LSTM,22.0,22.1737003326416
2026-06-19,Potato,LSTM,22.0,22.1737003326416
2026-06-20,Potato,LSTM,22.0,22.173599243164062
2026-06-21,Potato,LSTM,22.0,22.173599243164062
2026-06-22,Potato,LSTM,27.0,22.173599243164062
2026-06-23,Potato,LSTM,27.0,25.466299057006836
2026-06-24,Potato,LSTM,27.0,27.098899841308594
2026-06-25,Potato,LSTM,27.0,27.157100677490234
2026-06-26,Potato,LSTM,27.0,26.928600311279297
2026-06-27,Potato,LSTM,27.0,26.884300231933594
2026-06-28,Potato,LSTM,27.0,26.93899917602539
2026-06-29,Potato,LSTM,27.0,26.969600677490234
2026-06-30,Potato,LSTM,27.0,26.956199645996094
2026-01-02,Potato,Ensemble,25.0,24.9376
2026-01-03,Potato,Ensemble,25.0,24.9469
2026-01-04,Potato,Ensemble,25.0,24.9793
2026-01-05,Potato,Ensemble,25.0,24.8536
2026-01-06,Potato,Ensemble,25.0,24.9444
2026-01-07,Potato,Ensemble,25.0,25.0728
2026-01-08,Potato,Ensemble,30.0,24.972
2026-01-09,Potato,Ensemble,30.0,28.9277
2026-01-10,Potato,Ensemble,30.0,29.552
2026-01-11,Potato,Ensemble,30.0,29.6655
2026-01-12,Potato,Ensemble,32.0,29.5254
2026-01-13,Potato,Ensemble,32.0,31.1235
2026-01-14,Potato,Ensemble,30.0,31.5012
2026-01-15,Potato,Ensemble,30.0,29.7998
2026-01-16,Potato,Ensemble,30.0,30.0067
2026-01-17,Potato,Ensemble,30.0,30.006
2026-01-18,Potato,Ensemble,30.0,30.0809
2026-01-19,Potato,Ensemble,30.0,30.0447
2026-01-20,Potato,Ensemble,27.0,30.0786
2026-01-21,Potato,Ensemble,27.0,27.4637
2026-01-22,Potato,Ensemble,27.0,26.8993
2026-01-23,Potato,Ensemble,25.0,26.8859
2026-01-24,Potato,Ensemble,25.0,25.1489
2026-01-25,Potato,Ensemble,22.7761,24.9312
2026-01-26,Potato,Ensemble,22.7761,22.9752
2026-01-27,Potato,Ensemble,25.0,22.8001
2026-01-28,Potato,Ensemble,25.0,24.6567
2026-01-29,Potato,Ensemble,25.0,24.8027
2026-01-30,Potato,Ensemble,25.0,24.8277
2026-01-31,Potato,Ensemble,25.0,24.7698
2026-02-01,Potato,Ensemble,25.0,24.7935
2026-02-02,Potato,Ensemble,25.0,24.7615
2026-02-03,Potato,Ensemble,25.0,24.8353
2026-02-04,Potato,Ensemble,25.0,24.8724
2026-02-05,Potato,Ensemble,25.0,24.8666
2026-02-06,Potato,Ensemble,25.0,24.8421
2026-02-07,Potato,Ensemble,25.0,24.8589
2026-02-08,Potato,Ensemble,25.0,24.9466
2026-02-09,Potato,Ensemble,22.0,24.864
2026-02-10,Potato,Ensemble,22.0,22.3101
2026-02-11,Potato,Ensemble,22.0,22.0025
2026-02-12,Potato,Ensemble,22.0,21.9282
2026-02-13,Potato,Ensemble,22.0,21.9599
2026-02-14,Potato,Ensemble,22.0,21.9092
2026-02-15,Potato,Ensemble,22.0,21.9868
2026-02-16,Potato,Ensemble,22.0,22.0938
2026-02-17,Potato,Ensemble,22.0,21.994
2026-02-18,Potato,Ensemble,22.0,21.9818
2026-02-19,Potato,Ensemble,22.0,21.9683
2026-02-20,Potato,Ensemble,22.0,21.9685
2026-02-21,Potato,Ensemble,22.0,21.9891
2026-02-22,Potato,Ensemble,22.0,22.0454
2026-02-23,Potato,Ensemble,22.0,22.0168
2026-02-24,Potato,Ensemble,22.0,22.043
2026-02-25,Potato,Ensemble,22.0,22.0147
2026-02-26,Potato,Ensemble,22.0,22.0252
2026-02-27,Potato,Ensemble,22.0,22.0608
2026-02-28,Potato,Ensemble,22.0,22.117
2026-03-01,Potato,Ensemble,22.0,22.0626
2026-03-02,Potato,Ensemble,22.0,22.0984
2026-03-03,Potato,Ensemble,22.0,22.0527
2026-03-04,Potato,Ensemble,19.0,22.0586
2026-03-05,Potato,Ensemble,19.0,19.6246
2026-03-06,Potato,Ensemble,19.0,19.2892
2026-03-07,Potato,Ensemble,19.0,19.2357
2026-03-08,Potato,Ensemble,19.0,19.2979
2026-03-09,Potato,Ensemble,19.0,19.3489
2026-03-10,Potato,Ensemble,19.0,19.42
2026-03-11,Potato,Ensemble,19.0,19.5401
2026-03-12,Potato,Ensemble,19.0,19.2789
2026-03-13,Potato,Ensemble,19.0,19.2996
2026-03-14,Potato,Ensemble,19.0,19.2838
2026-03-15,Potato,Ensemble,19.0,19.2631
2026-03-16,Potato,Ensemble,19.0,19.323
2026-03-17,Potato,Ensemble,19.0,19.2807
2026-03-18,Potato,Ensemble,19.0,19.5558
2026-03-19,Potato,Ensemble,19.0,19.5462
2026-03-20,Potato,Ensemble,19.0,19.5874
2026-03-21,Potato,Ensemble,19.0,19.6042
2026-03-22,Potato,Ensemble,19.0,19.6245
2026-03-23,Potato,Ensemble,19.0,19.6408
2026-03-24,Potato,Ensemble,19.0,19.662
2026-03-25,Potato,Ensemble,19.0,19.6867
2026-03-26,Potato,Ensemble,19.0,19.6227
2026-03-27,Potato,Ensemble,19.0,19.6594
2026-03-28,Potato,Ensemble,19.0,19.6704
2026-03-29,Potato,Ensemble,22.0,19.698
2026-03-30,Potato,Ensemble,22.0,21.7016
2026-03-31,Potato,Ensemble,22.0,22.1458
2026-04-01,Potato,Ensemble,22.0,22.1576
2026-04-02,Potato,Ensemble,22.0,22.1257
2026-04-03,Potato,Ensemble,22.0,22.1415
2026-04-04,Potato,Ensemble,22.0,22.1927
2026-04-05,Potato,Ensemble,22.0,22.2689
2026-04-06,Potato,Ensemble,27.0,22.2568
2026-04-07,Potato,Ensemble,25.0,26.486
2026-04-08,Potato,Ensemble,27.0,25.4346
2026-04-09,Potato,Ensemble,27.0,26.77
2026-04-10,Potato,Ensemble,27.0,26.9443
2026-04-11,Potato,Ensemble,27.0,26.9834
2026-04-12,Potato,Ensemble,27.0,27.1096
2026-04-13,Potato,Ensemble,27.0,26.95
2026-04-14,Potato,Ensemble,27.0,27.2632
2026-04-15,Potato,Ensemble,25.0,27.2513
2026-04-16,Potato,Ensemble,22.0,25.4925
2026-04-17,Potato,Ensemble,22.0,22.6402
2026-04-18,Potato,Ensemble,22.0,22.0795
2026-04-19,Potato,Ensemble,22.0,22.1781
2026-04-20,Potato,Ensemble,22.0,22.0604
2026-04-21,Potato,Ensemble,22.0,22.0672
2026-04-22,Potato,Ensemble,22.0,22.1059
2026-04-23,Potato,Ensemble,22.0,22.0385
2026-04-24,Potato,Ensemble,22.0,21.9284
2026-04-25,Potato,Ensemble,22.0,21.9326
2026-04-26,Potato,Ensemble,22.0,21.9466
2026-04-27,Potato,Ensemble,22.0,21.8995
2026-04-28,Potato,Ensemble,22.0,21.911
2026-04-29,Potato,Ensemble,22.0,21.9531
2026-04-30,Potato,Ensemble,22.0,21.9892
2026-05-01,Potato,Ensemble,22.0,21.9532
2026-05-02,Potato,Ensemble,22.0,21.9582
2026-05-03,Potato,Ensemble,22.0,22.0255
2026-05-04,Potato,Ensemble,22.0,21.9851
2026-05-05,Potato,Ensemble,22.0,21.9385
2026-05-06,Potato,Ensemble,22.0,21.9596
2026-05-07,Potato,Ensemble,22.0,22.0109
2026-05-08,Potato,Ensemble,22.0,22.0135
2026-05-09,Potato,Ensemble,22.0,22.0396
2026-05-10,Potato,Ensemble,22.0,22.1022
2026-05-11,Potato,Ensemble,22.0,22.0327
2026-05-12,Potato,Ensemble,22.0,22.0251
2026-05-13,Potato,Ensemble,22.0,22.0283
2026-05-14,Potato,Ensemble,22.0,22.0358
2026-05-15,Potato,Ensemble,22.0,22.0303
2026-05-16,Potato,Ensemble,22.0,22.0398
2026-05-17,Potato,Ensemble,22.0,22.0497
2026-05-18,Potato,Ensemble,22.0,22.0482
2026-05-19,Potato,Ensemble,22.0,22.0493
2026-05-20,Potato,Ensemble,23.957,22.0462
2026-05-21,Potato,Ensemble,22.0,23.4198
2026-05-22,Potato,Ensemble,22.0,22.2964
2026-05-23,Potato,Ensemble,22.0,22.0571
2026-05-24,Potato,Ensemble,22.0,22.0291
2026-05-25,Potato,Ensemble,22.0,22.0197
2026-05-26,Potato,Ensemble,22.0,22.0356
2026-05-27,Potato,Ensemble,22.0,22.0099
2026-05-28,Potato,Ensemble,22.0,22.0838
2026-05-29,Potato,Ensemble,22.0,22.0588
2026-05-30,Potato,Ensemble,22.0,22.0509
2026-05-31,Potato,Ensemble,22.0,22.0613
2026-06-01,Potato,Ensemble,22.0,22.0239
2026-06-02,Potato,Ensemble,22.0,22.0236
2026-06-03,Potato,Ensemble,22.0,22.0179
2026-06-04,Potato,Ensemble,22.0,22.0293
2026-06-05,Potato,Ensemble,22.0,22.0291
2026-06-06,Potato,Ensemble,22.0,22.0291
2026-06-07,Potato,Ensemble,22.0,22.0582
2026-06-08,Potato,Ensemble,22.0,22.0261
2026-06-09,Potato,Ensemble,22.0,22.0382
2026-06-10,Potato,Ensemble,22.0,22.0338
2026-06-11,Potato,Ensemble,22.0,22.0346
2026-06-12,Potato,Ensemble,22.0,22.0311
2026-06-13,Potato,Ensemble,22.0,22.033
2026-06-14,Potato,Ensemble,22.0,22.0587
2026-06-15,Potato,Ensemble,22.0,22.0242
2026-06-16,Potato,Ensemble,22.0,22.0348
2026-06-17,Potato,Ensemble,22.0,22.0339
2026-06-18,Potato,Ensemble,22.0,22.04
2026-06-19,Potato,Ensemble,22.0,22.0444
2026-06-20,Potato,Ensemble,22.0,22.0525
2026-06-21,Potato,Ensemble,22.0,22.102
2026-06-22,Potato,Ensemble,27.0,22.2305
2026-06-23,Potato,Ensemble,27.0,26.3186
2026-06-24,Potato,Ensemble,27.0,26.9742
2026-06-25,Potato,Ensemble,27.0,26.8749
2026-06-26,Potato,Ensemble,27.0,26.7944
2026-06-27,Potato,Ensemble,27.0,26.829
2026-06-28,Potato,Ensemble,27.0,26.9376
2026-06-29,Potato,Ensemble,27.0,26.9556
2026-06-30,Potato,Ensemble,27.0,27.1921
2026-01-02,Potato,Seasonal Naive,25.0,25.0
2026-01-03,Potato,Seasonal Naive,25.0,25.0
2026-01-04,Potato,Seasonal Naive,25.0,25.0
2026-01-05,Potato,Seasonal Naive,25.0,25.0
2026-01-06,Potato,Seasonal Naive,25.0,25.0
2026-01-07,Potato,Seasonal Naive,25.0,25.0
2026-01-08,Potato,Seasonal Naive,30.0,25.0
2026-01-09,Potato,Seasonal Naive,30.0,25.0
2026-01-10,Potato,Seasonal Naive,30.0,25.0
2026-01-11,Potato,Seasonal Naive,30.0,25.0
2026-01-12,Potato,Seasonal Naive,32.0,25.0
2026-01-13,Potato,Seasonal Naive,32.0,25.0
2026-01-14,Potato,Seasonal Naive,30.0,25.0
2026-01-15,Potato,Seasonal Naive,30.0,30.0
2026-01-16,Potato,Seasonal Naive,30.0,30.0
2026-01-17,Potato,Seasonal Naive,30.0,30.0
2026-01-18,Potato,Seasonal Naive,30.0,30.0
2026-01-19,Potato,Seasonal Naive,30.0,32.0
2026-01-20,Potato,Seasonal Naive,27.0,32.0
2026-01-21,Potato,Seasonal Naive,27.0,30.0
2026-01-22,Potato,Seasonal Naive,27.0,30.0
2026-01-23,Potato,Seasonal Naive,25.0,30.0
2026-01-24,Potato,Seasonal Naive,25.0,30.0
2026-01-25,Potato,Seasonal Naive,22.7761,30.0
2026-01-26,Potato,Seasonal Naive,22.7761,30.0
2026-01-27,Potato,Seasonal Naive,25.0,27.0
2026-01-28,Potato,Seasonal Naive,25.0,27.0
2026-01-29,Potato,Seasonal Naive,25.0,27.0
2026-01-30,Potato,Seasonal Naive,25.0,25.0
2026-01-31,Potato,Seasonal Naive,25.0,25.0
2026-02-01,Potato,Seasonal Naive,25.0,22.7761
2026-02-02,Potato,Seasonal Naive,25.0,22.7761
2026-02-03,Potato,Seasonal Naive,25.0,25.0
2026-02-04,Potato,Seasonal Naive,25.0,25.0
2026-02-05,Potato,Seasonal Naive,25.0,25.0
2026-02-06,Potato,Seasonal Naive,25.0,25.0
2026-02-07,Potato,Seasonal Naive,25.0,25.0
2026-02-08,Potato,Seasonal Naive,25.0,25.0
2026-02-09,Potato,Seasonal Naive,22.0,25.0
2026-02-10,Potato,Seasonal Naive,22.0,25.0
2026-02-11,Potato,Seasonal Naive,22.0,25.0
2026-02-12,Potato,Seasonal Naive,22.0,25.0
2026-02-13,Potato,Seasonal Naive,22.0,25.0
2026-02-14,Potato,Seasonal Naive,22.0,25.0
2026-02-15,Potato,Seasonal Naive,22.0,25.0
2026-02-16,Potato,Seasonal Naive,22.0,22.0
2026-02-17,Potato,Seasonal Naive,22.0,22.0
2026-02-18,Potato,Seasonal Naive,22.0,22.0
2026-02-19,Potato,Seasonal Naive,22.0,22.0
2026-02-20,Potato,Seasonal Naive,22.0,22.0
2026-02-21,Potato,Seasonal Naive,22.0,22.0
2026-02-22,Potato,Seasonal Naive,22.0,22.0
2026-02-23,Potato,Seasonal Naive,22.0,22.0
2026-02-24,Potato,Seasonal Naive,22.0,22.0
2026-02-25,Potato,Seasonal Naive,22.0,22.0
2026-02-26,Potato,Seasonal Naive,22.0,22.0
2026-02-27,Potato,Seasonal Naive,22.0,22.0
2026-02-28,Potato,Seasonal Naive,22.0,22.0
2026-03-01,Potato,Seasonal Naive,22.0,22.0
2026-03-02,Potato,Seasonal Naive,22.0,22.0
2026-03-03,Potato,Seasonal Naive,22.0,22.0
2026-03-04,Potato,Seasonal Naive,19.0,22.0
2026-03-05,Potato,Seasonal Naive,19.0,22.0
2026-03-06,Potato,Seasonal Naive,19.0,22.0
2026-03-07,Potato,Seasonal Naive,19.0,22.0
2026-03-08,Potato,Seasonal Naive,19.0,22.0
2026-03-09,Potato,Seasonal Naive,19.0,22.0
2026-03-10,Potato,Seasonal Naive,19.0,22.0
2026-03-11,Potato,Seasonal Naive,19.0,19.0
2026-03-12,Potato,Seasonal Naive,19.0,19.0
2026-03-13,Potato,Seasonal Naive,19.0,19.0
2026-03-14,Potato,Seasonal Naive,19.0,19.0
2026-03-15,Potato,Seasonal Naive,19.0,19.0
2026-03-16,Potato,Seasonal Naive,19.0,19.0
2026-03-17,Potato,Seasonal Naive,19.0,19.0
2026-03-18,Potato,Seasonal Naive,19.0,19.0
2026-03-19,Potato,Seasonal Naive,19.0,19.0
2026-03-20,Potato,Seasonal Naive,19.0,19.0
2026-03-21,Potato,Seasonal Naive,19.0,19.0
2026-03-22,Potato,Seasonal Naive,19.0,19.0
2026-03-23,Potato,Seasonal Naive,19.0,19.0
2026-03-24,Potato,Seasonal Naive,19.0,19.0
2026-03-25,Potato,Seasonal Naive,19.0,19.0
2026-03-26,Potato,Seasonal Naive,19.0,19.0
2026-03-27,Potato,Seasonal Naive,19.0,19.0
2026-03-28,Potato,Seasonal Naive,19.0,19.0
2026-03-29,Potato,Seasonal Naive,22.0,19.0
2026-03-30,Potato,Seasonal Naive,22.0,19.0
2026-03-31,Potato,Seasonal Naive,22.0,19.0
2026-04-01,Potato,Seasonal Naive,22.0,19.0
2026-04-02,Potato,Seasonal Naive,22.0,19.0
2026-04-03,Potato,Seasonal Naive,22.0,19.0
2026-04-04,Potato,Seasonal Naive,22.0,19.0
2026-04-05,Potato,Seasonal Naive,22.0,22.0
2026-04-06,Potato,Seasonal Naive,27.0,22.0
2026-04-07,Potato,Seasonal Naive,25.0,22.0
2026-04-08,Potato,Seasonal Naive,27.0,22.0
2026-04-09,Potato,Seasonal Naive,27.0,22.0
2026-04-10,Potato,Seasonal Naive,27.0,22.0
2026-04-11,Potato,Seasonal Naive,27.0,22.0
2026-04-12,Potato,Seasonal Naive,27.0,22.0
2026-04-13,Potato,Seasonal Naive,27.0,27.0
2026-04-14,Potato,Seasonal Naive,27.0,25.0
2026-04-15,Potato,Seasonal Naive,25.0,27.0
2026-04-16,Potato,Seasonal Naive,22.0,27.0
2026-04-17,Potato,Seasonal Naive,22.0,27.0
2026-04-18,Potato,Seasonal Naive,22.0,27.0
2026-04-19,Potato,Seasonal Naive,22.0,27.0
2026-04-20,Potato,Seasonal Naive,22.0,27.0
2026-04-21,Potato,Seasonal Naive,22.0,27.0
2026-04-22,Potato,Seasonal Naive,22.0,25.0
2026-04-23,Potato,Seasonal Naive,22.0,22.0
2026-04-24,Potato,Seasonal Naive,22.0,22.0
2026-04-25,Potato,Seasonal Naive,22.0,22.0
2026-04-26,Potato,Seasonal Naive,22.0,22.0
2026-04-27,Potato,Seasonal Naive,22.0,22.0
2026-04-28,Potato,Seasonal Naive,22.0,22.0
2026-04-29,Potato,Seasonal Naive,22.0,22.0
2026-04-30,Potato,Seasonal Naive,22.0,22.0
2026-05-01,Potato,Seasonal Naive,22.0,22.0
2026-05-02,Potato,Seasonal Naive,22.0,22.0
2026-05-03,Potato,Seasonal Naive,22.0,22.0
2026-05-04,Potato,Seasonal Naive,22.0,22.0
2026-05-05,Potato,Seasonal Naive,22.0,22.0
2026-05-06,Potato,Seasonal Naive,22.0,22.0
2026-05-07,Potato,Seasonal Naive,22.0,22.0
2026-05-08,Potato,Seasonal Naive,22.0,22.0
2026-05-09,Potato,Seasonal Naive,22.0,22.0
2026-05-10,Potato,Seasonal Naive,22.0,22.0
2026-05-11,Potato,Seasonal Naive,22.0,22.0
2026-05-12,Potato,Seasonal Naive,22.0,22.0
2026-05-13,Potato,Seasonal Naive,22.0,22.0
2026-05-14,Potato,Seasonal Naive,22.0,22.0
2026-05-15,Potato,Seasonal Naive,22.0,22.0
2026-05-16,Potato,Seasonal Naive,22.0,22.0
2026-05-17,Potato,Seasonal Naive,22.0,22.0
2026-05-18,Potato,Seasonal Naive,22.0,22.0
2026-05-19,Potato,Seasonal Naive,22.0,22.0
2026-05-20,Potato,Seasonal Naive,23.957,22.0
2026-05-21,Potato,Seasonal Naive,22.0,22.0
2026-05-22,Potato,Seasonal Naive,22.0,22.0
2026-05-23,Potato,Seasonal Naive,22.0,22.0
2026-05-24,Potato,Seasonal Naive,22.0,22.0
2026-05-25,Potato,Seasonal Naive,22.0,22.0
2026-05-26,Potato,Seasonal Naive,22.0,22.0
2026-05-27,Potato,Seasonal Naive,22.0,23.957
2026-05-28,Potato,Seasonal Naive,22.0,22.0
2026-05-29,Potato,Seasonal Naive,22.0,22.0
2026-05-30,Potato,Seasonal Naive,22.0,22.0
2026-05-31,Potato,Seasonal Naive,22.0,22.0
2026-06-01,Potato,Seasonal Naive,22.0,22.0
2026-06-02,Potato,Seasonal Naive,22.0,22.0
2026-06-03,Potato,Seasonal Naive,22.0,22.0
2026-06-04,Potato,Seasonal Naive,22.0,22.0
2026-06-05,Potato,Seasonal Naive,22.0,22.0
2026-06-06,Potato,Seasonal Naive,22.0,22.0
2026-06-07,Potato,Seasonal Naive,22.0,22.0
2026-06-08,Potato,Seasonal Naive,22.0,22.0
2026-06-09,Potato,Seasonal Naive,22.0,22.0
2026-06-10,Potato,Seasonal Naive,22.0,22.0
2026-06-11,Potato,Seasonal Naive,22.0,22.0
2026-06-12,Potato,Seasonal Naive,22.0,22.0
2026-06-13,Potato,Seasonal Naive,22.0,22.0
2026-06-14,Potato,Seasonal Naive,22.0,22.0
2026-06-15,Potato,Seasonal Naive,22.0,22.0
2026-06-16,Potato,Seasonal Naive,22.0,22.0
2026-06-17,Potato,Seasonal Naive,22.0,22.0
2026-06-18,Potato,Seasonal Naive,22.0,22.0
2026-06-19,Potato,Seasonal Naive,22.0,22.0
2026-06-20,Potato,Seasonal Naive,22.0,22.0
2026-06-21,Potato,Seasonal Naive,22.0,22.0
2026-06-22,Potato,Seasonal Naive,27.0,22.0
2026-06-23,Potato,Seasonal Naive,27.0,22.0
2026-06-24,Potato,Seasonal Naive,27.0,22.0
2026-06-25,Potato,Seasonal Naive,27.0,22.0
2026-06-26,Potato,Seasonal Naive,27.0,22.0
2026-06-27,Potato,Seasonal Naive,27.0,22.0
2026-06-28,Potato,Seasonal Naive,27.0,22.0
2026-06-29,Potato,Seasonal Naive,27.0,27.0
2026-06-30,Potato,Seasonal Naive,27.0,27.0
2026-01-02,Soybean Oil,SARIMA,178.0,178.0033
2026-01-03,Soybean Oil,SARIMA,178.0,178.0031
2026-01-04,Soybean Oil,SARIMA,178.0,177.9896
2026-01-05,Soybean Oil,SARIMA,178.0,177.9926
2026-01-06,Soybean Oil,SARIMA,178.0,178.0058
2026-01-07,Soybean Oil,SARIMA,178.0,178.0038
2026-01-08,Soybean Oil,SARIMA,179.0,177.9951
2026-01-09,Soybean Oil,SARIMA,179.0,178.9489
2026-01-10,Soybean Oil,SARIMA,179.0,179.0603
2026-01-11,Soybean Oil,SARIMA,179.0,179.0224
2026-01-12,Soybean Oil,SARIMA,179.0,178.9533
2026-01-13,Soybean Oil,SARIMA,179.0,178.9952
2026-01-14,Soybean Oil,SARIMA,180.0,179.0336
2026-01-15,Soybean Oil,SARIMA,180.0,180.0151
2026-01-16,Soybean Oil,SARIMA,180.0,180.0368
2026-01-17,Soybean Oil,SARIMA,180.0,180.026
2026-01-18,Soybean Oil,SARIMA,180.0,179.9684
2026-01-19,Soybean Oil,SARIMA,180.0,179.989
2026-01-20,Soybean Oil,SARIMA,180.0,180.0245
2026-01-21,Soybean Oil,SARIMA,180.0,180.0711
2026-01-22,Soybean Oil,SARIMA,180.0,179.9811
2026-01-23,Soybean Oil,SARIMA,180.0,179.9984
2026-01-24,Soybean Oil,SARIMA,180.0,180.0105
2026-01-25,Soybean Oil,SARIMA,180.0,179.9987
2026-01-26,Soybean Oil,SARIMA,180.0,179.993
2026-01-27,Soybean Oil,SARIMA,180.0,180.0025
2026-01-28,Soybean Oil,SARIMA,180.0,179.9996
2026-01-29,Soybean Oil,SARIMA,180.0,179.9974
2026-01-30,Soybean Oil,SARIMA,180.0,179.9979
2026-01-31,Soybean Oil,SARIMA,180.0,180.0025
2026-02-01,Soybean Oil,SARIMA,180.0,180.0009
2026-02-02,Soybean Oil,SARIMA,180.0,179.998
2026-02-03,Soybean Oil,SARIMA,180.0,179.9998
2026-02-04,Soybean Oil,SARIMA,180.0,180.0017
2026-02-05,Soybean Oil,SARIMA,180.0,179.9998
2026-02-06,Soybean Oil,SARIMA,180.0,179.999
2026-02-07,Soybean Oil,SARIMA,180.0,180.0003
2026-02-08,Soybean Oil,SARIMA,180.0,180.0006
2026-02-09,Soybean Oil,SARIMA,180.0,179.9996
2026-02-10,Soybean Oil,SARIMA,180.0,179.9997
2026-02-11,Soybean Oil,SARIMA,180.0,180.0003
2026-02-12,Soybean Oil,SARIMA,180.0,180.0002
2026-02-13,Soybean Oil,SARIMA,180.0,179.9997
2026-02-14,Soybean Oil,SARIMA,180.0,180.0
2026-02-15,Soybean Oil,SARIMA,180.0,180.0002
2026-02-16,Soybean Oil,SARIMA,180.0,180.0
2026-02-17,Soybean Oil,SARIMA,180.0,179.9999
2026-02-18,Soybean Oil,SARIMA,180.0,180.0
2026-02-19,Soybean Oil,SARIMA,180.0,180.0001
2026-02-20,Soybean Oil,SARIMA,180.0,180.0
2026-02-21,Soybean Oil,SARIMA,180.0,180.0
2026-02-22,Soybean Oil,SARIMA,180.0,180.0
2026-02-23,Soybean Oil,SARIMA,180.0,180.0
2026-02-24,Soybean Oil,SARIMA,180.0,180.0
2026-02-25,Soybean Oil,SARIMA,180.0,180.0
2026-02-26,Soybean Oil,SARIMA,180.0,180.0
2026-02-27,Soybean Oil,SARIMA,180.0,180.0
2026-02-28,Soybean Oil,SARIMA,180.0,180.0
2026-03-01,Soybean Oil,SARIMA,180.0,180.0
2026-03-02,Soybean Oil,SARIMA,180.0,180.0
2026-03-03,Soybean Oil,SARIMA,180.0,180.0
2026-03-04,Soybean Oil,SARIMA,180.0,180.0
2026-03-05,Soybean Oil,SARIMA,180.0,180.0
2026-03-06,Soybean Oil,SARIMA,180.0,180.0
2026-03-07,Soybean Oil,SARIMA,180.0,180.0
2026-03-08,Soybean Oil,SARIMA,180.0,180.0
2026-03-09,Soybean Oil,SARIMA,180.0,180.0
2026-03-10,Soybean Oil,SARIMA,185.0,180.0
2026-03-11,Soybean Oil,SARIMA,189.0,184.7523
2026-03-12,Soybean Oil,SARIMA,189.0,189.0813
2026-03-13,Soybean Oil,SARIMA,189.0,189.3329
2026-03-14,Soybean Oil,SARIMA,189.0,188.8677
2026-03-15,Soybean Oil,SARIMA,189.0,188.7978
2026-03-16,Soybean Oil,SARIMA,189.0,189.1382
2026-03-17,Soybean Oil,SARIMA,189.0,189.4544
2026-03-18,Soybean Oil,SARIMA,189.0,189.1716
2026-03-19,Soybean Oil,SARIMA,189.0,188.9455
2026-03-20,Soybean Oil,SARIMA,189.0,189.0728
2026-03-21,Soybean Oil,SARIMA,189.0,189.0215
2026-03-22,Soybean Oil,SARIMA,189.0,188.9444
2026-03-23,Soybean Oil,SARIMA,189.0,188.9976
2026-03-24,Soybean Oil,SARIMA,189.0,189.0156
2026-03-25,Soybean Oil,SARIMA,189.0,188.9725
2026-03-26,Soybean Oil,SARIMA,189.0,188.9746
2026-03-27,Soybean Oil,SARIMA,189.0,189.0125
2026-03-28,Soybean Oil,SARIMA,189.0,189.0149
2026-03-29,Soybean Oil,SARIMA,190.0,188.9879
2026-03-30,Soybean Oil,SARIMA,190.0,189.9428
2026-03-31,Soybean Oil,SARIMA,190.0,190.0677
2026-04-01,Soybean Oil,SARIMA,190.0,190.0263
2026-04-02,Soybean Oil,SARIMA,190.0,189.9482
2026-04-03,Soybean Oil,SARIMA,190.0,189.9943
2026-04-04,Soybean Oil,SARIMA,190.0,190.0374
2026-04-05,Soybean Oil,SARIMA,190.0,190.0644
2026-04-06,Soybean Oil,SARIMA,190.0,189.9784
2026-04-07,Soybean Oil,SARIMA,190.0,190.0049
2026-04-08,Soybean Oil,SARIMA,190.0,190.0139
2026-04-09,Soybean Oil,SARIMA,190.0,189.9934
2026-04-10,Soybean Oil,SARIMA,190.0,189.9918
2026-04-11,Soybean Oil,SARIMA,190.0,190.0065
2026-04-12,Soybean Oil,SARIMA,188.0,189.9995
2026-04-13,Soybean Oil,SARIMA,188.0,188.0933
2026-04-14,Soybean Oil,SARIMA,187.0,187.8867
2026-04-15,Soybean Oil,SARIMA,188.0,187.0102
2026-04-16,Soybean Oil,SARIMA,188.0,187.9825
2026-04-17,Soybean Oil,SARIMA,188.0,188.0415
2026-04-18,Soybean Oil,SARIMA,187.0,188.0028
2026-04-19,Soybean Oil,SARIMA,187.0,186.8824
2026-04-20,Soybean Oil,SARIMA,187.0,186.9421
2026-04-21,Soybean Oil,SARIMA,187.0,186.9364
2026-04-22,Soybean Oil,SARIMA,190.0,187.1047
2026-04-23,Soybean Oil,SARIMA,190.0,189.846
2026-04-24,Soybean Oil,SARIMA,190.0,190.1409
2026-04-25,Soybean Oil,SARIMA,186.0,190.0065
2026-04-26,Soybean Oil,SARIMA,186.0,186.0888
2026-04-27,Soybean Oil,SARIMA,186.0,185.7543
2026-04-28,Soybean Oil,SARIMA,187.0,186.0048
2026-04-29,Soybean Oil,SARIMA,187.0,187.3242
2026-04-30,Soybean Oil,SARIMA,187.0,187.0267
2026-05-01,Soybean Oil,SARIMA,187.0,186.8998
2026-05-02,Soybean Oil,SARIMA,187.0,186.7331
2026-05-03,Soybean Oil,SARIMA,187.0,187.0549
2026-05-04,Soybean Oil,SARIMA,190.0,186.9966
2026-05-05,Soybean Oil,SARIMA,190.0,189.8821
2026-05-06,Soybean Oil,SARIMA,190.0,190.1682
2026-05-07,Soybean Oil,SARIMA,190.0,190.085
2026-05-08,Soybean Oil,SARIMA,190.0,189.8543
2026-05-09,Soybean Oil,SARIMA,190.0,189.9925
2026-05-10,Soybean Oil,SARIMA,192.0,190.1086
2026-05-11,Soybean Oil,SARIMA,190.0,192.1006
2026-05-12,Soybean Oil,SARIMA,190.0,190.1423
2026-05-13,Soybean Oil,SARIMA,190.0,189.9429
2026-05-14,Soybean Oil,SARIMA,190.0,189.9109
2026-05-15,Soybean Oil,SARIMA,190.0,190.0607
2026-05-16,Soybean Oil,SARIMA,190.0,190.0471
2026-05-17,Soybean Oil,SARIMA,190.0,190.0845
2026-05-18,Soybean Oil,SARIMA,190.0,189.8331
2026-05-19,Soybean Oil,SARIMA,190.0,190.0272
2026-05-20,Soybean Oil,SARIMA,190.0,190.0109
2026-05-21,Soybean Oil,SARIMA,190.0,189.9787
2026-05-22,Soybean Oil,SARIMA,190.0,189.9972
2026-05-23,Soybean Oil,SARIMA,190.0,190.0156
2026-05-24,Soybean Oil,SARIMA,190.0,189.989
2026-05-25,Soybean Oil,SARIMA,190.0,189.9996
2026-05-26,Soybean Oil,SARIMA,190.0,190.0045
2026-05-27,Soybean Oil,SARIMA,190.0,190.0061
2026-05-28,Soybean Oil,SARIMA,190.0,189.9955
2026-05-29,Soybean Oil,SARIMA,190.0,189.9968
2026-05-30,Soybean Oil,SARIMA,190.0,190.0039
2026-05-31,Soybean Oil,SARIMA,190.0,190.002
2026-06-01,Soybean Oil,SARIMA,190.0,189.9963
2026-06-02,Soybean Oil,SARIMA,190.0,189.9997
2026-06-03,Soybean Oil,SARIMA,190.0,190.0022
2026-06-04,Soybean Oil,SARIMA,190.0,189.9997
2026-06-05,Soybean Oil,SARIMA,190.0,189.9985
2026-06-06,Soybean Oil,SARIMA,190.0,190.0005
2026-06-07,Soybean Oil,SARIMA,190.0,190.0009
2026-06-08,Soybean Oil,SARIMA,190.0,189.9995
2026-06-09,Soybean Oil,SARIMA,190.0,189.9995
2026-06-10,Soybean Oil,SARIMA,190.0,190.0005
2026-06-11,Soybean Oil,SARIMA,190.0,190.0002
2026-06-12,Soybean Oil,SARIMA,190.0,189.9996
2026-06-13,Soybean Oil,SARIMA,190.0,189.9999
2026-06-14,Soybean Oil,SARIMA,190.0,190.0003
2026-06-15,Soybean Oil,SARIMA,190.0,190.0
2026-06-16,Soybean Oil,SARIMA,190.0,189.9998
2026-06-17,Soybean Oil,SARIMA,190.0,190.0001
2026-06-18,Soybean Oil,SARIMA,190.0,190.0001
2026-06-19,Soybean Oil,SARIMA,190.0,189.9999
2026-06-20,Soybean Oil,SARIMA,190.0,189.9999
2026-06-21,Soybean Oil,SARIMA,190.0,190.0001
2026-06-22,Soybean Oil,SARIMA,189.0,190.0
2026-06-23,Soybean Oil,SARIMA,189.0,189.0495
2026-06-24,Soybean Oil,SARIMA,189.0,188.9441
2026-06-25,Soybean Oil,SARIMA,190.0,188.9782
2026-06-26,Soybean Oil,SARIMA,190.0,189.9944
2026-06-27,Soybean Oil,SARIMA,190.0,190.0611
2026-06-28,Soybean Oil,SARIMA,190.0,189.99
2026-06-29,Soybean Oil,SARIMA,190.0,189.8907
2026-06-30,Soybean Oil,SARIMA,190.0,190.0127
2026-01-02,Soybean Oil,XGBoost,178.0,178.043
2026-01-03,Soybean Oil,XGBoost,178.0,178.1641
2026-01-04,Soybean Oil,XGBoost,178.0,178.2035
2026-01-05,Soybean Oil,XGBoost,178.0,178.1344
2026-01-06,Soybean Oil,XGBoost,178.0,178.2055
2026-01-07,Soybean Oil,XGBoost,178.0,178.0526
2026-01-08,Soybean Oil,XGBoost,179.0,178.1296
2026-01-09,Soybean Oil,XGBoost,179.0,178.8893
2026-01-10,Soybean Oil,XGBoost,179.0,179.4371
2026-01-11,Soybean Oil,XGBoost,179.0,179.0941
2026-01-12,Soybean Oil,XGBoost,179.0,179.014
2026-01-13,Soybean Oil,XGBoost,179.0,178.9689
2026-01-14,Soybean Oil,XGBoost,180.0,178.8582
2026-01-15,Soybean Oil,XGBoost,180.0,179.4705
2026-01-16,Soybean Oil,XGBoost,180.0,179.7359
2026-01-17,Soybean Oil,XGBoost,180.0,179.8945
2026-01-18,Soybean Oil,XGBoost,180.0,179.8229
2026-01-19,Soybean Oil,XGBoost,180.0,179.9844
2026-01-20,Soybean Oil,XGBoost,180.0,180.3342
2026-01-21,Soybean Oil,XGBoost,180.0,180.0463
2026-01-22,Soybean Oil,XGBoost,180.0,180.2611
2026-01-23,Soybean Oil,XGBoost,180.0,180.0315
2026-01-24,Soybean Oil,XGBoost,180.0,179.9325
2026-01-25,Soybean Oil,XGBoost,180.0,180.2433
2026-01-26,Soybean Oil,XGBoost,180.0,180.5071
2026-01-27,Soybean Oil,XGBoost,180.0,180.5729
2026-01-28,Soybean Oil,XGBoost,180.0,180.0796
2026-01-29,Soybean Oil,XGBoost,180.0,180.3769
2026-01-30,Soybean Oil,XGBoost,180.0,180.231
2026-01-31,Soybean Oil,XGBoost,180.0,180.1909
2026-02-01,Soybean Oil,XGBoost,180.0,180.3615
2026-02-02,Soybean Oil,XGBoost,180.0,180.1418
2026-02-03,Soybean Oil,XGBoost,180.0,180.1855
2026-02-04,Soybean Oil,XGBoost,180.0,180.1012
2026-02-05,Soybean Oil,XGBoost,180.0,180.2201
2026-02-06,Soybean Oil,XGBoost,180.0,180.2342
2026-02-07,Soybean Oil,XGBoost,180.0,180.1463
2026-02-08,Soybean Oil,XGBoost,180.0,180.2537
2026-02-09,Soybean Oil,XGBoost,180.0,180.0366
2026-02-10,Soybean Oil,XGBoost,180.0,180.0759
2026-02-11,Soybean Oil,XGBoost,180.0,179.9612
2026-02-12,Soybean Oil,XGBoost,180.0,179.9542
2026-02-13,Soybean Oil,XGBoost,180.0,179.8973
2026-02-14,Soybean Oil,XGBoost,180.0,179.7214
2026-02-15,Soybean Oil,XGBoost,180.0,179.7988
2026-02-16,Soybean Oil,XGBoost,180.0,179.8073
2026-02-17,Soybean Oil,XGBoost,180.0,179.8407
2026-02-18,Soybean Oil,XGBoost,180.0,179.7677
2026-02-19,Soybean Oil,XGBoost,180.0,180.0168
2026-02-20,Soybean Oil,XGBoost,180.0,181.4114
2026-02-21,Soybean Oil,XGBoost,180.0,180.5507
2026-02-22,Soybean Oil,XGBoost,180.0,180.7867
2026-02-23,Soybean Oil,XGBoost,180.0,180.6311
2026-02-24,Soybean Oil,XGBoost,180.0,180.8429
2026-02-25,Soybean Oil,XGBoost,180.0,180.457
2026-02-26,Soybean Oil,XGBoost,180.0,180.5168
2026-02-27,Soybean Oil,XGBoost,180.0,180.4868
2026-02-28,Soybean Oil,XGBoost,180.0,180.4855
2026-03-01,Soybean Oil,XGBoost,180.0,179.9865
2026-03-02,Soybean Oil,XGBoost,180.0,179.8214
2026-03-03,Soybean Oil,XGBoost,180.0,179.9999
2026-03-04,Soybean Oil,XGBoost,180.0,179.9804
2026-03-05,Soybean Oil,XGBoost,180.0,180.0366
2026-03-06,Soybean Oil,XGBoost,180.0,180.0979
2026-03-07,Soybean Oil,XGBoost,180.0,179.9861
2026-03-08,Soybean Oil,XGBoost,180.0,180.308
2026-03-09,Soybean Oil,XGBoost,180.0,180.4468
2026-03-10,Soybean Oil,XGBoost,185.0,180.18
2026-03-11,Soybean Oil,XGBoost,189.0,184.9219
2026-03-12,Soybean Oil,XGBoost,189.0,188.8649
2026-03-13,Soybean Oil,XGBoost,189.0,188.2904
2026-03-14,Soybean Oil,XGBoost,189.0,188.314
2026-03-15,Soybean Oil,XGBoost,189.0,187.912
2026-03-16,Soybean Oil,XGBoost,189.0,188.9712
2026-03-17,Soybean Oil,XGBoost,189.0,189.0987
2026-03-18,Soybean Oil,XGBoost,189.0,189.0579
2026-03-19,Soybean Oil,XGBoost,189.0,188.6982
2026-03-20,Soybean Oil,XGBoost,189.0,188.4874
2026-03-21,Soybean Oil,XGBoost,189.0,188.3744
2026-03-22,Soybean Oil,XGBoost,189.0,188.0014
2026-03-23,Soybean Oil,XGBoost,189.0,188.1725
2026-03-24,Soybean Oil,XGBoost,189.0,188.7271
2026-03-25,Soybean Oil,XGBoost,189.0,188.8734
2026-03-26,Soybean Oil,XGBoost,189.0,189.3151
2026-03-27,Soybean Oil,XGBoost,189.0,189.2269
2026-03-28,Soybean Oil,XGBoost,189.0,189.0589
2026-03-29,Soybean Oil,XGBoost,190.0,188.6151
2026-03-30,Soybean Oil,XGBoost,190.0,189.0531
2026-03-31,Soybean Oil,XGBoost,190.0,189.6378
2026-04-01,Soybean Oil,XGBoost,190.0,189.486
2026-04-02,Soybean Oil,XGBoost,190.0,189.4033
2026-04-03,Soybean Oil,XGBoost,190.0,189.3158
2026-04-04,Soybean Oil,XGBoost,190.0,189.1292
2026-04-05,Soybean Oil,XGBoost,190.0,189.2677
2026-04-06,Soybean Oil,XGBoost,190.0,189.7054
2026-04-07,Soybean Oil,XGBoost,190.0,189.8631
2026-04-08,Soybean Oil,XGBoost,190.0,189.8146
2026-04-09,Soybean Oil,XGBoost,190.0,190.6328
2026-04-10,Soybean Oil,XGBoost,190.0,189.9693
2026-04-11,Soybean Oil,XGBoost,190.0,189.9679
2026-04-12,Soybean Oil,XGBoost,188.0,189.7878
2026-04-13,Soybean Oil,XGBoost,188.0,187.3701
2026-04-14,Soybean Oil,XGBoost,187.0,188.0608
2026-04-15,Soybean Oil,XGBoost,188.0,186.7705
2026-04-16,Soybean Oil,XGBoost,188.0,187.9054
2026-04-17,Soybean Oil,XGBoost,188.0,187.8806
2026-04-18,Soybean Oil,XGBoost,187.0,187.6205
2026-04-19,Soybean Oil,XGBoost,187.0,186.313
2026-04-20,Soybean Oil,XGBoost,187.0,186.9028
2026-04-21,Soybean Oil,XGBoost,187.0,186.9504
2026-04-22,Soybean Oil,XGBoost,190.0,187.2787
2026-04-23,Soybean Oil,XGBoost,190.0,189.5467
2026-04-24,Soybean Oil,XGBoost,190.0,189.7041
2026-04-25,Soybean Oil,XGBoost,186.0,189.5658
2026-04-26,Soybean Oil,XGBoost,186.0,186.1004
2026-04-27,Soybean Oil,XGBoost,186.0,185.7848
2026-04-28,Soybean Oil,XGBoost,187.0,185.8415
2026-04-29,Soybean Oil,XGBoost,187.0,186.8535
2026-04-30,Soybean Oil,XGBoost,187.0,186.6833
2026-05-01,Soybean Oil,XGBoost,187.0,186.4974
2026-05-02,Soybean Oil,XGBoost,187.0,186.4739
2026-05-03,Soybean Oil,XGBoost,187.0,186.997
2026-05-04,Soybean Oil,XGBoost,190.0,186.9684
2026-05-05,Soybean Oil,XGBoost,190.0,190.2253
2026-05-06,Soybean Oil,XGBoost,190.0,190.4145
2026-05-07,Soybean Oil,XGBoost,190.0,190.7796
2026-05-08,Soybean Oil,XGBoost,190.0,190.4606
2026-05-09,Soybean Oil,XGBoost,190.0,190.5253
2026-05-10,Soybean Oil,XGBoost,192.0,190.6522
2026-05-11,Soybean Oil,XGBoost,190.0,191.784
2026-05-12,Soybean Oil,XGBoost,190.0,189.429
2026-05-13,Soybean Oil,XGBoost,190.0,189.8995
2026-05-14,Soybean Oil,XGBoost,190.0,189.9409
2026-05-15,Soybean Oil,XGBoost,190.0,189.9139
2026-05-16,Soybean Oil,XGBoost,190.0,189.7706
2026-05-17,Soybean Oil,XGBoost,190.0,189.5292
2026-05-18,Soybean Oil,XGBoost,190.0,189.7176
2026-05-19,Soybean Oil,XGBoost,190.0,189.9727
2026-05-20,Soybean Oil,XGBoost,190.0,189.9071
2026-05-21,Soybean Oil,XGBoost,190.0,190.215
2026-05-22,Soybean Oil,XGBoost,190.0,189.8573
2026-05-23,Soybean Oil,XGBoost,190.0,189.7829
2026-05-24,Soybean Oil,XGBoost,190.0,189.9103
2026-05-25,Soybean Oil,XGBoost,190.0,189.9452
2026-05-26,Soybean Oil,XGBoost,190.0,189.9153
2026-05-27,Soybean Oil,XGBoost,190.0,189.9559
2026-05-28,Soybean Oil,XGBoost,190.0,189.9712
2026-05-29,Soybean Oil,XGBoost,190.0,189.9267
2026-05-30,Soybean Oil,XGBoost,190.0,189.8193
2026-05-31,Soybean Oil,XGBoost,190.0,189.9396
2026-06-01,Soybean Oil,XGBoost,190.0,189.802
2026-06-02,Soybean Oil,XGBoost,190.0,189.9042
2026-06-03,Soybean Oil,XGBoost,190.0,189.8442
2026-06-04,Soybean Oil,XGBoost,190.0,189.8028
2026-06-05,Soybean Oil,XGBoost,190.0,189.7535
2026-06-06,Soybean Oil,XGBoost,190.0,189.6424
2026-06-07,Soybean Oil,XGBoost,190.0,189.7401
2026-06-08,Soybean Oil,XGBoost,190.0,189.7301
2026-06-09,Soybean Oil,XGBoost,190.0,189.7863
2026-06-10,Soybean Oil,XGBoost,190.0,189.6068
2026-06-11,Soybean Oil,XGBoost,190.0,189.6612
2026-06-12,Soybean Oil,XGBoost,190.0,189.6514
2026-06-13,Soybean Oil,XGBoost,190.0,189.54
2026-06-14,Soybean Oil,XGBoost,190.0,189.6008
2026-06-15,Soybean Oil,XGBoost,190.0,189.6101
2026-06-16,Soybean Oil,XGBoost,190.0,189.7243
2026-06-17,Soybean Oil,XGBoost,190.0,189.6276
2026-06-18,Soybean Oil,XGBoost,190.0,189.7158
2026-06-19,Soybean Oil,XGBoost,190.0,189.7019
2026-06-20,Soybean Oil,XGBoost,190.0,189.6923
2026-06-21,Soybean Oil,XGBoost,190.0,189.7535
2026-06-22,Soybean Oil,XGBoost,189.0,189.7167
2026-06-23,Soybean Oil,XGBoost,189.0,188.9256
2026-06-24,Soybean Oil,XGBoost,189.0,189.0859
2026-06-25,Soybean Oil,XGBoost,190.0,189.0347
2026-06-26,Soybean Oil,XGBoost,190.0,190.3719
2026-06-27,Soybean Oil,XGBoost,190.0,190.0351
2026-06-28,Soybean Oil,XGBoost,190.0,190.1289
2026-06-29,Soybean Oil,XGBoost,190.0,190.0754
2026-06-30,Soybean Oil,XGBoost,190.0,189.9257
2026-01-02,Soybean Oil,LSTM,178.0,178.1558074951172
2026-01-03,Soybean Oil,LSTM,178.0,178.09559631347656
2026-01-04,Soybean Oil,LSTM,178.0,178.03359985351562
2026-01-05,Soybean Oil,LSTM,178.0,177.9770050048828
2026-01-06,Soybean Oil,LSTM,178.0,177.93020629882812
2026-01-07,Soybean Oil,LSTM,178.0,177.89520263671875
2026-01-08,Soybean Oil,LSTM,179.0,177.87179565429688
2026-01-09,Soybean Oil,LSTM,179.0,177.9429931640625
2026-01-10,Soybean Oil,LSTM,179.0,178.0753936767578
2026-01-11,Soybean Oil,LSTM,179.0,178.2407989501953
2026-01-12,Soybean Oil,LSTM,179.0,178.41439819335938
2026-01-13,Soybean Oil,LSTM,179.0,178.57679748535156
2026-01-14,Soybean Oil,LSTM,180.0,178.71499633789062
2026-01-15,Soybean Oil,LSTM,180.0,178.90679931640625
2026-01-16,Soybean Oil,LSTM,180.0,179.11880493164062
2026-01-17,Soybean Oil,LSTM,180.0,179.32760620117188
2026-01-18,Soybean Oil,LSTM,180.0,179.5155029296875
2026-01-19,Soybean Oil,LSTM,180.0,179.67100524902344
2026-01-20,Soybean Oil,LSTM,180.0,179.7886962890625
2026-01-21,Soybean Oil,LSTM,180.0,179.8690948486328
2026-01-22,Soybean Oil,LSTM,180.0,179.9163055419922
2026-01-23,Soybean Oil,LSTM,180.0,179.93600463867188
2026-01-24,Soybean Oil,LSTM,180.0,179.93499755859375
2026-01-25,Soybean Oil,LSTM,180.0,179.92010498046875
2026-01-26,Soybean Oil,LSTM,180.0,179.8975067138672
2026-01-27,Soybean Oil,LSTM,180.0,179.8719940185547
2026-01-28,Soybean Oil,LSTM,180.0,179.84739685058594
2026-01-29,Soybean Oil,LSTM,180.0,179.8260040283203
2026-01-30,Soybean Oil,LSTM,180.0,179.8090057373047
2026-01-31,Soybean Oil,LSTM,180.0,179.79690551757812
2026-02-01,Soybean Oil,LSTM,180.0,179.78939819335938
2026-02-02,Soybean Oil,LSTM,180.0,179.78579711914062
2026-02-03,Soybean Oil,LSTM,180.0,179.7852020263672
2026-02-04,Soybean Oil,LSTM,180.0,179.7866973876953
2026-02-05,Soybean Oil,LSTM,180.0,179.7895050048828
2026-02-06,Soybean Oil,LSTM,180.0,179.7928924560547
2026-02-07,Soybean Oil,LSTM,180.0,179.79629516601562
2026-02-08,Soybean Oil,LSTM,180.0,179.79910278320312
2026-02-09,Soybean Oil,LSTM,180.0,179.80160522460938
2026-02-10,Soybean Oil,LSTM,180.0,179.80360412597656
2026-02-11,Soybean Oil,LSTM,180.0,179.8050994873047
2026-02-12,Soybean Oil,LSTM,180.0,179.8061065673828
2026-02-13,Soybean Oil,LSTM,180.0,179.8065948486328
2026-02-14,Soybean Oil,LSTM,180.0,179.8065948486328
2026-02-15,Soybean Oil,LSTM,180.0,179.8065948486328
2026-02-16,Soybean Oil,LSTM,180.0,179.8065948486328
2026-02-17,Soybean Oil,LSTM,180.0,179.8065948486328
2026-02-18,Soybean Oil,LSTM,180.0,179.8065948486328
2026-02-19,Soybean Oil,LSTM,180.0,179.8065948486328
2026-02-20,Soybean Oil,LSTM,180.0,179.8065948486328
2026-02-21,Soybean Oil,LSTM,180.0,179.8065948486328
2026-02-22,Soybean Oil,LSTM,180.0,179.8065948486328
2026-02-23,Soybean Oil,LSTM,180.0,179.8065948486328
2026-02-24,Soybean Oil,LSTM,180.0,179.8065948486328
2026-02-25,Soybean Oil,LSTM,180.0,179.8065948486328
2026-02-26,Soybean Oil,LSTM,180.0,179.8065948486328
2026-02-27,Soybean Oil,LSTM,180.0,179.8065948486328
2026-02-28,Soybean Oil,LSTM,180.0,179.8065948486328
2026-03-01,Soybean Oil,LSTM,180.0,179.8065948486328
2026-03-02,Soybean Oil,LSTM,180.0,179.8065948486328
2026-03-03,Soybean Oil,LSTM,180.0,179.8065948486328
2026-03-04,Soybean Oil,LSTM,180.0,179.8065948486328
2026-03-05,Soybean Oil,LSTM,180.0,179.8065948486328
2026-03-06,Soybean Oil,LSTM,180.0,179.8065948486328
2026-03-07,Soybean Oil,LSTM,180.0,179.8065948486328
2026-03-08,Soybean Oil,LSTM,180.0,179.8065948486328
2026-03-09,Soybean Oil,LSTM,180.0,179.8065948486328
2026-03-10,Soybean Oil,LSTM,185.0,179.8065948486328
2026-03-11,Soybean Oil,LSTM,189.0,180.22779846191406
2026-03-12,Soybean Oil,LSTM,189.0,181.2451934814453
2026-03-13,Soybean Oil,LSTM,189.0,182.5959930419922
2026-03-14,Soybean Oil,LSTM,189.0,184.05859375
2026-03-15,Soybean Oil,LSTM,189.0,185.45559692382812
2026-03-16,Soybean Oil,LSTM,189.0,186.6656036376953
2026-03-17,Soybean Oil,LSTM,189.0,187.6239013671875
2026-03-18,Soybean Oil,LSTM,189.0,188.31300354003906
2026-03-19,Soybean Oil,LSTM,189.0,188.74929809570312
2026-03-20,Soybean Oil,LSTM,189.0,188.97019958496094
2026-03-21,Soybean Oil,LSTM,189.0,189.022705078125
2026-03-22,Soybean Oil,LSTM,189.0,188.95579528808594
2026-03-23,Soybean Oil,LSTM,189.0,188.8148956298828
2026-03-24,Soybean Oil,LSTM,189.0,188.63819885253906
2026-03-25,Soybean Oil,LSTM,189.0,188.45550537109375
2026-03-26,Soybean Oil,LSTM,189.0,188.28770446777344
2026-03-27,Soybean Oil,LSTM,189.0,188.1479949951172
2026-03-28,Soybean Oil,LSTM,189.0,188.04220581054688
2026-03-29,Soybean Oil,LSTM,190.0,187.97120666503906
2026-03-30,Soybean Oil,LSTM,190.0,188.01510620117188
2026-03-31,Soybean Oil,LSTM,190.0,188.13360595703125
2026-04-01,Soybean Oil,LSTM,190.0,188.29469299316406
2026-04-02,Soybean Oil,LSTM,190.0,188.47019958496094
2026-04-03,Soybean Oil,LSTM,190.0,188.6383056640625
2026-04-04,Soybean Oil,LSTM,190.0,188.78399658203125
2026-04-05,Soybean Oil,LSTM,190.0,188.89920043945312
2026-04-06,Soybean Oil,LSTM,190.0,188.98150634765625
2026-04-07,Soybean Oil,LSTM,190.0,189.03280639648438
2026-04-08,Soybean Oil,LSTM,190.0,189.0574951171875
2026-04-09,Soybean Oil,LSTM,190.0,189.06190490722656
2026-04-10,Soybean Oil,LSTM,190.0,189.05079650878906
2026-04-11,Soybean Oil,LSTM,190.0,189.031494140625
2026-04-12,Soybean Oil,LSTM,188.0,189.01010131835938
2026-04-13,Soybean Oil,LSTM,188.0,188.82269287109375
2026-04-14,Soybean Oil,LSTM,187.0,188.54100036621094
2026-04-15,Soybean Oil,LSTM,188.0,188.1324005126953
2026-04-16,Soybean Oil,LSTM,188.0,187.75750732421875
2026-04-17,Soybean Oil,LSTM,188.0,187.43829345703125
2026-04-18,Soybean Oil,LSTM,187.0,187.1907958984375
2026-04-19,Soybean Oil,LSTM,187.0,186.93519592285156
2026-04-20,Soybean Oil,LSTM,187.0,186.70089721679688
2026-04-21,Soybean Oil,LSTM,187.0,186.50180053710938
2026-04-22,Soybean Oil,LSTM,190.0,186.3455047607422
2026-04-23,Soybean Oil,LSTM,190.0,186.485107421875
2026-04-24,Soybean Oil,LSTM,190.0,186.8148956298828
2026-04-25,Soybean Oil,LSTM,186.0,187.25140380859375
2026-04-26,Soybean Oil,LSTM,186.0,187.38800048828125
2026-04-27,Soybean Oil,LSTM,186.0,187.30580139160156
2026-04-28,Soybean Oil,LSTM,187.0,187.0684051513672
2026-04-29,Soybean Oil,LSTM,187.0,186.82330322265625
2026-04-30,Soybean Oil,LSTM,187.0,186.59449768066406
2026-05-01,Soybean Oil,LSTM,187.0,186.40220642089844
2026-05-02,Soybean Oil,LSTM,187.0,186.2563934326172
2026-05-03,Soybean Oil,LSTM,187.0,186.15890502929688
2026-05-04,Soybean Oil,LSTM,190.0,186.10519409179688
2026-05-05,Soybean Oil,LSTM,190.0,186.33920288085938
2026-05-06,Soybean Oil,LSTM,190.0,186.74839782714844
2026-05-07,Soybean Oil,LSTM,190.0,187.24600219726562
2026-05-08,Soybean Oil,LSTM,190.0,187.75840759277344
2026-05-09,Soybean Oil,LSTM,190.0,188.2303924560547
2026-05-10,Soybean Oil,LSTM,192.0,188.62660217285156
2026-05-11,Soybean Oil,LSTM,190.0,189.0966033935547
2026-05-12,Soybean Oil,LSTM,190.0,189.40199279785156
2026-05-13,Soybean Oil,LSTM,190.0,189.57069396972656
2026-05-14,Soybean Oil,LSTM,190.0,189.62539672851562
2026-05-15,Soybean Oil,LSTM,190.0,189.59469604492188
2026-05-16,Soybean Oil,LSTM,190.0,189.50689697265625
2026-05-17,Soybean Oil,LSTM,190.0,189.38890075683594
2026-05-18,Soybean Oil,LSTM,190.0,189.26199340820312
2026-05-19,Soybean Oil,LSTM,190.0,189.1425018310547
2026-05-20,Soybean Oil,LSTM,190.0,189.04029846191406
2026-05-21,Soybean Oil,LSTM,190.0,188.96080017089844
2026-05-22,Soybean Oil,LSTM,190.0,188.90530395507812
2026-05-23,Soybean Oil,LSTM,190.0,188.87159729003906
2026-05-24,Soybean Oil,LSTM,190.0,188.8574981689453
2026-05-25,Soybean Oil,LSTM,190.0,188.85809326171875
2026-05-26,Soybean Oil,LSTM,190.0,188.86959838867188
2026-05-27,Soybean Oil,LSTM,190.0,188.88580322265625
2026-05-28,Soybean Oil,LSTM,190.0,188.90350341796875
2026-05-29,Soybean Oil,LSTM,190.0,188.92010498046875
2026-05-30,Soybean Oil,LSTM,190.0,188.93460083007812
2026-05-31,Soybean Oil,LSTM,190.0,188.9459991455078
2026-06-01,Soybean Oil,LSTM,190.0,188.9541015625
2026-06-02,Soybean Oil,LSTM,190.0,188.9591064453125
2026-06-03,Soybean Oil,LSTM,190.0,188.96170043945312
2026-06-04,Soybean Oil,LSTM,190.0,188.9615936279297
2026-06-05,Soybean Oil,LSTM,190.0,188.96090698242188
2026-06-06,Soybean Oil,LSTM,190.0,188.9597930908203
2026-06-07,Soybean Oil,LSTM,190.0,188.9586944580078
2026-06-08,Soybean Oil,LSTM,190.0,188.9575958251953
2026-06-09,Soybean Oil,LSTM,190.0,188.95680236816406
2026-06-10,Soybean Oil,LSTM,190.0,188.95570373535156
2026-06-11,Soybean Oil,LSTM,190.0,188.95570373535156
2026-06-12,Soybean Oil,LSTM,190.0,188.95570373535156
2026-06-13,Soybean Oil,LSTM,190.0,188.95570373535156
2026-06-14,Soybean Oil,LSTM,190.0,188.95570373535156
2026-06-15,Soybean Oil,LSTM,190.0,188.95570373535156
2026-06-16,Soybean Oil,LSTM,190.0,188.95570373535156
2026-06-17,Soybean Oil,LSTM,190.0,188.95570373535156
2026-06-18,Soybean Oil,LSTM,190.0,188.95570373535156
2026-06-19,Soybean Oil,LSTM,190.0,188.95570373535156
2026-06-20,Soybean Oil,LSTM,190.0,188.95570373535156
2026-06-21,Soybean Oil,LSTM,190.0,188.95570373535156
2026-06-22,Soybean Oil,LSTM,189.0,188.95570373535156
2026-06-23,Soybean Oil,LSTM,189.0,188.87240600585938
2026-06-24,Soybean Oil,LSTM,189.0,188.7406005859375
2026-06-25,Soybean Oil,LSTM,190.0,188.5854949951172
2026-06-26,Soybean Oil,LSTM,190.0,188.51170349121094
2026-06-27,Soybean Oil,LSTM,190.0,188.50010681152344
2026-06-28,Soybean Oil,LSTM,190.0,188.53550720214844
2026-06-29,Soybean Oil,LSTM,190.0,188.60159301757812
2026-06-30,Soybean Oil,LSTM,190.0,188.68299865722656
2026-01-02,Soybean Oil,Ensemble,178.0,178.035
2026-01-03,Soybean Oil,Ensemble,178.0,178.0628
2026-01-04,Soybean Oil,Ensemble,178.0,178.0585
2026-01-05,Soybean Oil,Ensemble,178.0,178.0324
2026-01-06,Soybean Oil,Ensemble,178.0,178.0548
2026-01-07,Soybean Oil,Ensemble,178.0,178.004
2026-01-08,Soybean Oil,Ensemble,179.0,178.0186
2026-01-09,Soybean Oil,Ensemble,179.0,178.7994
2026-01-10,Soybean Oil,Ensemble,179.0,179.0424
2026-01-11,Soybean Oil,Ensemble,179.0,178.9411
2026-01-12,Soybean Oil,Ensemble,179.0,178.9006
2026-01-13,Soybean Oil,Ensemble,179.0,178.9325
2026-01-14,Soybean Oil,Ensemble,180.0,178.9401
2026-01-15,Soybean Oil,Ensemble,180.0,179.7089
2026-01-16,Soybean Oil,Ensemble,180.0,179.8276
2026-01-17,Soybean Oil,Ensemble,180.0,179.8956
2026-01-18,Soybean Oil,Ensemble,180.0,179.866
2026-01-19,Soybean Oil,Ensemble,180.0,179.9459
2026-01-20,Soybean Oil,Ensemble,180.0,180.085
2026-01-21,Soybean Oil,Ensemble,180.0,180.0373
2026-01-22,Soybean Oil,Ensemble,180.0,180.0552
2026-01-23,Soybean Oil,Ensemble,180.0,180.0
2026-01-24,Soybean Oil,Ensemble,180.0,179.9775
2026-01-25,Soybean Oil,Ensemble,180.0,180.0606
2026-01-26,Soybean Oil,Ensemble,180.0,180.1322
2026-01-27,Soybean Oil,Ensemble,180.0,180.1538
2026-01-28,Soybean Oil,Ensemble,180.0,180.0032
2026-01-29,Soybean Oil,Ensemble,180.0,180.0869
2026-01-30,Soybean Oil,Ensemble,180.0,180.0419
2026-01-31,Soybean Oil,Ensemble,180.0,180.0312
2026-02-01,Soybean Oil,Ensemble,180.0,180.0796
2026-02-02,Soybean Oil,Ensemble,180.0,180.0126
2026-02-03,Soybean Oil,Ensemble,180.0,180.0265
2026-02-04,Soybean Oil,Ensemble,180.0,180.0029
2026-02-05,Soybean Oil,Ensemble,180.0,180.0372
2026-02-06,Soybean Oil,Ensemble,180.0,180.0414
2026-02-07,Soybean Oil,Ensemble,180.0,180.0167
2026-02-08,Soybean Oil,Ensemble,180.0,180.0489
2026-02-09,Soybean Oil,Ensemble,180.0,179.9846
2026-02-10,Soybean Oil,Ensemble,180.0,179.9965
2026-02-11,Soybean Oil,Ensemble,180.0,179.9631
2026-02-12,Soybean Oil,Ensemble,180.0,179.9611
2026-02-13,Soybean Oil,Ensemble,180.0,179.9442
2026-02-14,Soybean Oil,Ensemble,180.0,179.8924
2026-02-15,Soybean Oil,Ensemble,180.0,179.9153
2026-02-16,Soybean Oil,Ensemble,180.0,179.9177
2026-02-17,Soybean Oil,Ensemble,180.0,179.9275
2026-02-18,Soybean Oil,Ensemble,180.0,179.9061
2026-02-19,Soybean Oil,Ensemble,180.0,179.9796
2026-02-20,Soybean Oil,Ensemble,180.0,180.3913
2026-02-21,Soybean Oil,Ensemble,180.0,180.1372
2026-02-22,Soybean Oil,Ensemble,180.0,180.2069
2026-02-23,Soybean Oil,Ensemble,180.0,180.1609
2026-02-24,Soybean Oil,Ensemble,180.0,180.2235
2026-02-25,Soybean Oil,Ensemble,180.0,180.1096
2026-02-26,Soybean Oil,Ensemble,180.0,180.1272
2026-02-27,Soybean Oil,Ensemble,180.0,180.1183
2026-02-28,Soybean Oil,Ensemble,180.0,180.1179
2026-03-01,Soybean Oil,Ensemble,180.0,179.9707
2026-03-02,Soybean Oil,Ensemble,180.0,179.9219
2026-03-03,Soybean Oil,Ensemble,180.0,179.9746
2026-03-04,Soybean Oil,Ensemble,180.0,179.9688
2026-03-05,Soybean Oil,Ensemble,180.0,179.9854
2026-03-06,Soybean Oil,Ensemble,180.0,180.0035
2026-03-07,Soybean Oil,Ensemble,180.0,179.9705
2026-03-08,Soybean Oil,Ensemble,180.0,180.0656
2026-03-09,Soybean Oil,Ensemble,180.0,180.1065
2026-03-10,Soybean Oil,Ensemble,185.0,180.0278
2026-03-11,Soybean Oil,Ensemble,189.0,184.2088
2026-03-12,Soybean Oil,Ensemble,189.0,187.9895
2026-03-13,Soybean Oil,Ensemble,189.0,188.1414
2026-03-14,Soybean Oil,Ensemble,189.0,188.0734
2026-03-15,Soybean Oil,Ensemble,189.0,188.0979
2026-03-16,Soybean Oil,Ensemble,189.0,188.7645
2026-03-17,Soybean Oil,Ensemble,189.0,189.1093
2026-03-18,Soybean Oil,Ensemble,189.0,189.0254
2026-03-19,Soybean Oil,Ensemble,189.0,188.8467
2026-03-20,Soybean Oil,Ensemble,189.0,188.8865
2026-03-21,Soybean Oil,Ensemble,189.0,188.8306
2026-03-22,Soybean Oil,Ensemble,189.0,188.6675
2026-03-23,Soybean Oil,Ensemble,189.0,188.7301
2026-03-24,Soybean Oil,Ensemble,189.0,188.8809
2026-03-25,Soybean Oil,Ensemble,189.0,188.8754
2026-03-26,Soybean Oil,Ensemble,189.0,188.985
2026-03-27,Soybean Oil,Ensemble,189.0,188.9624
2026-03-28,Soybean Oil,Ensemble,189.0,188.9003
2026-03-29,Soybean Oil,Ensemble,190.0,188.7445
2026-03-30,Soybean Oil,Ensemble,190.0,189.4273
2026-03-31,Soybean Oil,Ensemble,190.0,189.6871
2026-04-01,Soybean Oil,Ensemble,190.0,189.6396
2026-04-02,Soybean Oil,Ensemble,190.0,189.5935
2026-04-03,Soybean Oil,Ensemble,190.0,189.6161
2026-04-04,Soybean Oil,Ensemble,190.0,189.6049
2026-04-05,Soybean Oil,Ensemble,190.0,189.6764
2026-04-06,Soybean Oil,Ensemble,190.0,189.767
2026-04-07,Soybean Oil,Ensemble,190.0,189.8355
2026-04-08,Soybean Oil,Ensemble,190.0,189.8296
2026-04-09,Soybean Oil,Ensemble,190.0,190.0599
2026-04-10,Soybean Oil,Ensemble,190.0,189.8617
2026-04-11,Soybean Oil,Ensemble,190.0,189.8672
2026-04-12,Soybean Oil,Ensemble,188.0,189.8072
2026-04-13,Soybean Oil,Ensemble,188.0,187.9755
2026-04-14,Soybean Oil,Ensemble,187.0,188.024
2026-04-15,Soybean Oil,Ensemble,188.0,187.0866
2026-04-16,Soybean Oil,Ensemble,188.0,187.9302
2026-04-17,Soybean Oil,Ensemble,188.0,187.9149
2026-04-18,Soybean Oil,Ensemble,187.0,187.7834
2026-04-19,Soybean Oil,Ensemble,187.0,186.7212
2026-04-20,Soybean Oil,Ensemble,187.0,186.8988
2026-04-21,Soybean Oil,Ensemble,187.0,186.8836
2026-04-22,Soybean Oil,Ensemble,190.0,187.0565
2026-04-23,Soybean Oil,Ensemble,190.0,189.3167
2026-04-24,Soybean Oil,Ensemble,190.0,189.5756
2026-04-25,Soybean Oil,Ensemble,186.0,189.515
2026-04-26,Soybean Oil,Ensemble,186.0,186.2627
2026-04-27,Soybean Oil,Ensemble,186.0,185.9668
2026-04-28,Soybean Oil,Ensemble,187.0,186.0961
2026-04-29,Soybean Oil,Ensemble,187.0,187.1195
2026-04-30,Soybean Oil,Ensemble,187.0,186.8686
2026-05-01,Soybean Oil,Ensemble,187.0,186.7157
2026-05-02,Soybean Oil,Ensemble,187.0,186.594
2026-05-03,Soybean Oil,Ensemble,187.0,186.9202
2026-05-04,Soybean Oil,Ensemble,190.0,186.8713
2026-05-05,Soybean Oil,Ensemble,190.0,189.5186
2026-05-06,Soybean Oil,Ensemble,190.0,189.7923
2026-05-07,Soybean Oil,Ensemble,190.0,189.9177
2026-05-08,Soybean Oil,Ensemble,190.0,189.7584
2026-05-09,Soybean Oil,Ensemble,190.0,189.9186
2026-05-10,Soybean Oil,Ensemble,192.0,190.0747
2026-05-11,Soybean Oil,Ensemble,190.0,191.6131
2026-05-12,Soybean Oil,Ensemble,190.0,189.8346
2026-05-13,Soybean Oil,Ensemble,190.0,189.8813
2026-05-14,Soybean Oil,Ensemble,190.0,189.8823
2026-05-15,Soybean Oil,Ensemble,190.0,189.9562
2026-05-16,Soybean Oil,Ensemble,190.0,189.8946
2026-05-17,Soybean Oil,Ensemble,190.0,189.8293
2026-05-18,Soybean Oil,Ensemble,190.0,189.7241
2026-05-19,Soybean Oil,Ensemble,190.0,189.8951
2026-05-20,Soybean Oil,Ensemble,190.0,189.8529
2026-05-21,Soybean Oil,Ensemble,190.0,189.9149
2026-05-22,Soybean Oil,Ensemble,190.0,189.8127
2026-05-23,Soybean Oil,Ensemble,190.0,189.7968
2026-05-24,Soybean Oil,Ensemble,190.0,189.8173
2026-05-25,Soybean Oil,Ensemble,190.0,189.8338
2026-05-26,Soybean Oil,Ensemble,190.0,189.8293
2026-05-27,Soybean Oil,Ensemble,190.0,189.8443
2026-05-28,Soybean Oil,Ensemble,190.0,189.8451
2026-05-29,Soybean Oil,Ensemble,190.0,189.8348
2026-05-30,Soybean Oil,Ensemble,190.0,189.8091
2026-05-31,Soybean Oil,Ensemble,190.0,189.8451
2026-06-01,Soybean Oil,Ensemble,190.0,189.8022
2026-06-02,Soybean Oil,Ensemble,190.0,189.835
2026-06-03,Soybean Oil,Ensemble,190.0,189.819
2026-06-04,Soybean Oil,Ensemble,190.0,189.8054
2026-06-05,Soybean Oil,Ensemble,190.0,189.7901
2026-06-06,Soybean Oil,Ensemble,190.0,189.7583
2026-06-07,Soybean Oil,Ensemble,190.0,189.7872
2026-06-08,Soybean Oil,Ensemble,190.0,189.7833
2026-06-09,Soybean Oil,Ensemble,190.0,189.7998
2026-06-10,Soybean Oil,Ensemble,190.0,189.7472
2026-06-11,Soybean Oil,Ensemble,190.0,189.7631
2026-06-12,Soybean Oil,Ensemble,190.0,189.7598
2026-06-13,Soybean Oil,Ensemble,190.0,189.7272
2026-06-14,Soybean Oil,Ensemble,190.0,189.7453
2026-06-15,Soybean Oil,Ensemble,190.0,189.7479
2026-06-16,Soybean Oil,Ensemble,190.0,189.7815
2026-06-17,Soybean Oil,Ensemble,190.0,189.7531
2026-06-18,Soybean Oil,Ensemble,190.0,189.7792
2026-06-19,Soybean Oil,Ensemble,190.0,189.775
2026-06-20,Soybean Oil,Ensemble,190.0,189.7721
2026-06-21,Soybean Oil,Ensemble,190.0,189.7903
2026-06-22,Soybean Oil,Ensemble,189.0,189.7794
2026-06-23,Soybean Oil,Ensemble,189.0,188.9897
2026-06-24,Soybean Oil,Ensemble,189.0,188.9593
2026-06-25,Soybean Oil,Ensemble,190.0,188.9434
2026-06-26,Soybean Oil,Ensemble,190.0,189.9113
2026-06-27,Soybean Oil,Ensemble,190.0,189.8487
2026-06-28,Soybean Oil,Ensemble,190.0,189.8402
2026-06-29,Soybean Oil,Ensemble,190.0,189.7761
2026-06-30,Soybean Oil,Ensemble,190.0,189.8126
2026-01-02,Soybean Oil,Seasonal Naive,178.0,178.0
2026-01-03,Soybean Oil,Seasonal Naive,178.0,178.0
2026-01-04,Soybean Oil,Seasonal Naive,178.0,178.0
2026-01-05,Soybean Oil,Seasonal Naive,178.0,178.0
2026-01-06,Soybean Oil,Seasonal Naive,178.0,178.0
2026-01-07,Soybean Oil,Seasonal Naive,178.0,178.0
2026-01-08,Soybean Oil,Seasonal Naive,179.0,178.0
2026-01-09,Soybean Oil,Seasonal Naive,179.0,178.0
2026-01-10,Soybean Oil,Seasonal Naive,179.0,178.0
2026-01-11,Soybean Oil,Seasonal Naive,179.0,178.0
2026-01-12,Soybean Oil,Seasonal Naive,179.0,178.0
2026-01-13,Soybean Oil,Seasonal Naive,179.0,178.0
2026-01-14,Soybean Oil,Seasonal Naive,180.0,178.0
2026-01-15,Soybean Oil,Seasonal Naive,180.0,179.0
2026-01-16,Soybean Oil,Seasonal Naive,180.0,179.0
2026-01-17,Soybean Oil,Seasonal Naive,180.0,179.0
2026-01-18,Soybean Oil,Seasonal Naive,180.0,179.0
2026-01-19,Soybean Oil,Seasonal Naive,180.0,179.0
2026-01-20,Soybean Oil,Seasonal Naive,180.0,179.0
2026-01-21,Soybean Oil,Seasonal Naive,180.0,180.0
2026-01-22,Soybean Oil,Seasonal Naive,180.0,180.0
2026-01-23,Soybean Oil,Seasonal Naive,180.0,180.0
2026-01-24,Soybean Oil,Seasonal Naive,180.0,180.0
2026-01-25,Soybean Oil,Seasonal Naive,180.0,180.0
2026-01-26,Soybean Oil,Seasonal Naive,180.0,180.0
2026-01-27,Soybean Oil,Seasonal Naive,180.0,180.0
2026-01-28,Soybean Oil,Seasonal Naive,180.0,180.0
2026-01-29,Soybean Oil,Seasonal Naive,180.0,180.0
2026-01-30,Soybean Oil,Seasonal Naive,180.0,180.0
2026-01-31,Soybean Oil,Seasonal Naive,180.0,180.0
2026-02-01,Soybean Oil,Seasonal Naive,180.0,180.0
2026-02-02,Soybean Oil,Seasonal Naive,180.0,180.0
2026-02-03,Soybean Oil,Seasonal Naive,180.0,180.0
2026-02-04,Soybean Oil,Seasonal Naive,180.0,180.0
2026-02-05,Soybean Oil,Seasonal Naive,180.0,180.0
2026-02-06,Soybean Oil,Seasonal Naive,180.0,180.0
2026-02-07,Soybean Oil,Seasonal Naive,180.0,180.0
2026-02-08,Soybean Oil,Seasonal Naive,180.0,180.0
2026-02-09,Soybean Oil,Seasonal Naive,180.0,180.0
2026-02-10,Soybean Oil,Seasonal Naive,180.0,180.0
2026-02-11,Soybean Oil,Seasonal Naive,180.0,180.0
2026-02-12,Soybean Oil,Seasonal Naive,180.0,180.0
2026-02-13,Soybean Oil,Seasonal Naive,180.0,180.0
2026-02-14,Soybean Oil,Seasonal Naive,180.0,180.0
2026-02-15,Soybean Oil,Seasonal Naive,180.0,180.0
2026-02-16,Soybean Oil,Seasonal Naive,180.0,180.0
2026-02-17,Soybean Oil,Seasonal Naive,180.0,180.0
2026-02-18,Soybean Oil,Seasonal Naive,180.0,180.0
2026-02-19,Soybean Oil,Seasonal Naive,180.0,180.0
2026-02-20,Soybean Oil,Seasonal Naive,180.0,180.0
2026-02-21,Soybean Oil,Seasonal Naive,180.0,180.0
2026-02-22,Soybean Oil,Seasonal Naive,180.0,180.0
2026-02-23,Soybean Oil,Seasonal Naive,180.0,180.0
2026-02-24,Soybean Oil,Seasonal Naive,180.0,180.0
2026-02-25,Soybean Oil,Seasonal Naive,180.0,180.0
2026-02-26,Soybean Oil,Seasonal Naive,180.0,180.0
2026-02-27,Soybean Oil,Seasonal Naive,180.0,180.0
2026-02-28,Soybean Oil,Seasonal Naive,180.0,180.0
2026-03-01,Soybean Oil,Seasonal Naive,180.0,180.0
2026-03-02,Soybean Oil,Seasonal Naive,180.0,180.0
2026-03-03,Soybean Oil,Seasonal Naive,180.0,180.0
2026-03-04,Soybean Oil,Seasonal Naive,180.0,180.0
2026-03-05,Soybean Oil,Seasonal Naive,180.0,180.0
2026-03-06,Soybean Oil,Seasonal Naive,180.0,180.0
2026-03-07,Soybean Oil,Seasonal Naive,180.0,180.0
2026-03-08,Soybean Oil,Seasonal Naive,180.0,180.0
2026-03-09,Soybean Oil,Seasonal Naive,180.0,180.0
2026-03-10,Soybean Oil,Seasonal Naive,185.0,180.0
2026-03-11,Soybean Oil,Seasonal Naive,189.0,180.0
2026-03-12,Soybean Oil,Seasonal Naive,189.0,180.0
2026-03-13,Soybean Oil,Seasonal Naive,189.0,180.0
2026-03-14,Soybean Oil,Seasonal Naive,189.0,180.0
2026-03-15,Soybean Oil,Seasonal Naive,189.0,180.0
2026-03-16,Soybean Oil,Seasonal Naive,189.0,180.0
2026-03-17,Soybean Oil,Seasonal Naive,189.0,185.0
2026-03-18,Soybean Oil,Seasonal Naive,189.0,189.0
2026-03-19,Soybean Oil,Seasonal Naive,189.0,189.0
2026-03-20,Soybean Oil,Seasonal Naive,189.0,189.0
2026-03-21,Soybean Oil,Seasonal Naive,189.0,189.0
2026-03-22,Soybean Oil,Seasonal Naive,189.0,189.0
2026-03-23,Soybean Oil,Seasonal Naive,189.0,189.0
2026-03-24,Soybean Oil,Seasonal Naive,189.0,189.0
2026-03-25,Soybean Oil,Seasonal Naive,189.0,189.0
2026-03-26,Soybean Oil,Seasonal Naive,189.0,189.0
2026-03-27,Soybean Oil,Seasonal Naive,189.0,189.0
2026-03-28,Soybean Oil,Seasonal Naive,189.0,189.0
2026-03-29,Soybean Oil,Seasonal Naive,190.0,189.0
2026-03-30,Soybean Oil,Seasonal Naive,190.0,189.0
2026-03-31,Soybean Oil,Seasonal Naive,190.0,189.0
2026-04-01,Soybean Oil,Seasonal Naive,190.0,189.0
2026-04-02,Soybean Oil,Seasonal Naive,190.0,189.0
2026-04-03,Soybean Oil,Seasonal Naive,190.0,189.0
2026-04-04,Soybean Oil,Seasonal Naive,190.0,189.0
2026-04-05,Soybean Oil,Seasonal Naive,190.0,190.0
2026-04-06,Soybean Oil,Seasonal Naive,190.0,190.0
2026-04-07,Soybean Oil,Seasonal Naive,190.0,190.0
2026-04-08,Soybean Oil,Seasonal Naive,190.0,190.0
2026-04-09,Soybean Oil,Seasonal Naive,190.0,190.0
2026-04-10,Soybean Oil,Seasonal Naive,190.0,190.0
2026-04-11,Soybean Oil,Seasonal Naive,190.0,190.0
2026-04-12,Soybean Oil,Seasonal Naive,188.0,190.0
2026-04-13,Soybean Oil,Seasonal Naive,188.0,190.0
2026-04-14,Soybean Oil,Seasonal Naive,187.0,190.0
2026-04-15,Soybean Oil,Seasonal Naive,188.0,190.0
2026-04-16,Soybean Oil,Seasonal Naive,188.0,190.0
2026-04-17,Soybean Oil,Seasonal Naive,188.0,190.0
2026-04-18,Soybean Oil,Seasonal Naive,187.0,190.0
2026-04-19,Soybean Oil,Seasonal Naive,187.0,188.0
2026-04-20,Soybean Oil,Seasonal Naive,187.0,188.0
2026-04-21,Soybean Oil,Seasonal Naive,187.0,187.0
2026-04-22,Soybean Oil,Seasonal Naive,190.0,188.0
2026-04-23,Soybean Oil,Seasonal Naive,190.0,188.0
2026-04-24,Soybean Oil,Seasonal Naive,190.0,188.0
2026-04-25,Soybean Oil,Seasonal Naive,186.0,187.0
2026-04-26,Soybean Oil,Seasonal Naive,186.0,187.0
2026-04-27,Soybean Oil,Seasonal Naive,186.0,187.0
2026-04-28,Soybean Oil,Seasonal Naive,187.0,187.0
2026-04-29,Soybean Oil,Seasonal Naive,187.0,190.0
2026-04-30,Soybean Oil,Seasonal Naive,187.0,190.0
2026-05-01,Soybean Oil,Seasonal Naive,187.0,190.0
2026-05-02,Soybean Oil,Seasonal Naive,187.0,186.0
2026-05-03,Soybean Oil,Seasonal Naive,187.0,186.0
2026-05-04,Soybean Oil,Seasonal Naive,190.0,186.0
2026-05-05,Soybean Oil,Seasonal Naive,190.0,187.0
2026-05-06,Soybean Oil,Seasonal Naive,190.0,187.0
2026-05-07,Soybean Oil,Seasonal Naive,190.0,187.0
2026-05-08,Soybean Oil,Seasonal Naive,190.0,187.0
2026-05-09,Soybean Oil,Seasonal Naive,190.0,187.0
2026-05-10,Soybean Oil,Seasonal Naive,192.0,187.0
2026-05-11,Soybean Oil,Seasonal Naive,190.0,190.0
2026-05-12,Soybean Oil,Seasonal Naive,190.0,190.0
2026-05-13,Soybean Oil,Seasonal Naive,190.0,190.0
2026-05-14,Soybean Oil,Seasonal Naive,190.0,190.0
2026-05-15,Soybean Oil,Seasonal Naive,190.0,190.0
2026-05-16,Soybean Oil,Seasonal Naive,190.0,190.0
2026-05-17,Soybean Oil,Seasonal Naive,190.0,192.0
2026-05-18,Soybean Oil,Seasonal Naive,190.0,190.0
2026-05-19,Soybean Oil,Seasonal Naive,190.0,190.0
2026-05-20,Soybean Oil,Seasonal Naive,190.0,190.0
2026-05-21,Soybean Oil,Seasonal Naive,190.0,190.0
2026-05-22,Soybean Oil,Seasonal Naive,190.0,190.0
2026-05-23,Soybean Oil,Seasonal Naive,190.0,190.0
2026-05-24,Soybean Oil,Seasonal Naive,190.0,190.0
2026-05-25,Soybean Oil,Seasonal Naive,190.0,190.0
2026-05-26,Soybean Oil,Seasonal Naive,190.0,190.0
2026-05-27,Soybean Oil,Seasonal Naive,190.0,190.0
2026-05-28,Soybean Oil,Seasonal Naive,190.0,190.0
2026-05-29,Soybean Oil,Seasonal Naive,190.0,190.0
2026-05-30,Soybean Oil,Seasonal Naive,190.0,190.0
2026-05-31,Soybean Oil,Seasonal Naive,190.0,190.0
2026-06-01,Soybean Oil,Seasonal Naive,190.0,190.0
2026-06-02,Soybean Oil,Seasonal Naive,190.0,190.0
2026-06-03,Soybean Oil,Seasonal Naive,190.0,190.0
2026-06-04,Soybean Oil,Seasonal Naive,190.0,190.0
2026-06-05,Soybean Oil,Seasonal Naive,190.0,190.0
2026-06-06,Soybean Oil,Seasonal Naive,190.0,190.0
2026-06-07,Soybean Oil,Seasonal Naive,190.0,190.0
2026-06-08,Soybean Oil,Seasonal Naive,190.0,190.0
2026-06-09,Soybean Oil,Seasonal Naive,190.0,190.0
2026-06-10,Soybean Oil,Seasonal Naive,190.0,190.0
2026-06-11,Soybean Oil,Seasonal Naive,190.0,190.0
2026-06-12,Soybean Oil,Seasonal Naive,190.0,190.0
2026-06-13,Soybean Oil,Seasonal Naive,190.0,190.0
2026-06-14,Soybean Oil,Seasonal Naive,190.0,190.0
2026-06-15,Soybean Oil,Seasonal Naive,190.0,190.0
2026-06-16,Soybean Oil,Seasonal Naive,190.0,190.0
2026-06-17,Soybean Oil,Seasonal Naive,190.0,190.0
2026-06-18,Soybean Oil,Seasonal Naive,190.0,190.0
2026-06-19,Soybean Oil,Seasonal Naive,190.0,190.0
2026-06-20,Soybean Oil,Seasonal Naive,190.0,190.0
2026-06-21,Soybean Oil,Seasonal Naive,190.0,190.0
2026-06-22,Soybean Oil,Seasonal Naive,189.0,190.0
2026-06-23,Soybean Oil,Seasonal Naive,189.0,190.0
2026-06-24,Soybean Oil,Seasonal Naive,189.0,190.0
2026-06-25,Soybean Oil,Seasonal Naive,190.0,190.0
2026-06-26,Soybean Oil,Seasonal Naive,190.0,190.0
2026-06-27,Soybean Oil,Seasonal Naive,190.0,190.0
2026-06-28,Soybean Oil,Seasonal Naive,190.0,190.0
2026-06-29,Soybean Oil,Seasonal Naive,190.0,189.0
2026-06-30,Soybean Oil,Seasonal Naive,190.0,189.0
